author,authorLabel,placeOfDeath,placeOfDeathLabel,residence,residenceLabel,work,workLabel,publicationPlace,publicationPlaceLabel,language,languageLabel
http://www.wikidata.org/entity/Q103559,John Voss,http://www.wikidata.org/entity/Q2132,Victoria,,,,,,,,
http://www.wikidata.org/entity/Q92799,David Day,,,,,http://www.wikidata.org/entity/Q122138204,Q122138204,http://www.wikidata.org/entity/Q1085,Prague,http://www.wikidata.org/entity/Q9056,cs
http://www.wikidata.org/entity/Q92799,David Day,,,,,http://www.wikidata.org/entity/Q122138205,Q122138205,http://www.wikidata.org/entity/Q1085,Prague,http://www.wikidata.org/entity/Q9056,cs
http://www.wikidata.org/entity/Q92608,Brian Kernighan,,,,,http://www.wikidata.org/entity/Q115297373,Q115297373,http://www.wikidata.org/entity/Q60,New York City,http://www.wikidata.org/entity/Q1860,en
http://www.wikidata.org/entity/Q110436,Cory Doctorow,,,http://www.wikidata.org/entity/Q65,Los Angeles,http://www.wikidata.org/entity/Q134731819,Party Discipline,,,http://www.wikidata.org/entity/Q1860,en
http://www.wikidata.org/entity/Q97143,Frederick Philip Grove,http://www.wikidata.org/entity/Q1904,Ontario,,,http://www.wikidata.org/entity/Q133529823,Consider Her Ways,,,http://www.wikidata.org/entity/Q1860,en
http://www.wikidata.org/entity/Q110436,Cory Doctorow,,,http://www.wikidata.org/entity/Q172,Toronto,http://www.wikidata.org/entity/Q133248823,Q133248823,,,http://www.wikidata.org/entity/Q1860,en
http://www.wikidata.org/entity/Q97143,Frederick Philip Grove,http://www.wikidata.org/entity/Q1904,Ontario,,,http://www.wikidata.org/entity/Q42184860,Fruits of the Earth,,,,
http://www.wikidata.org/entity/Q92622,James Gosling,,,http://www.wikidata.org/entity/Q213205,San Francisco Bay Area,,,,,,
http://www.wikidata.org/entity/Q110436,Cory Doctorow,,,http://www.wikidata.org/entity/Q65,Los Angeles,http://www.wikidata.org/entity/Q131516916,The Brave Little Toaster,,,http://www.wikidata.org/entity/Q1860,en
http://www.wikidata.org/entity/Q95099,Guy Gavriel Kay,,,,,http://www.wikidata.org/entity/Q122047381,Q122047381,http://www.wikidata.org/entity/Q1085,Prague,http://www.wikidata.org/entity/Q9056,cs
http://www.wikidata.org/entity/Q92608,Brian Kernighan,,,,,http://www.wikidata.org/entity/Q122039648,Q122039648,http://www.wikidata.org/entity/Q14960,Brno,http://www.wikidata.org/entity/Q9056,cs
http://www.wikidata.org/entity/Q110436,Cory Doctorow,,,http://www.wikidata.org/entity/Q172,Toronto,http://www.wikidata.org/entity/Q132249961,Q132249961,,,http://www.wikidata.org/entity/Q1860,en
http://www.wikidata.org/entity/Q97143,Frederick Philip Grove,http://www.wikidata.org/entity/Q1904,Ontario,,,http://www.wikidata.org/entity/Q42186877,The Yoke of Life,,,,
http://www.wikidata.org/entity/Q86203,Peter C. Newman,http://www.wikidata.org/entity/Q34227,Belleville,,,http://www.wikidata.org/entity/Q7721136,The Canadian Establishment,,,,
http://www.wikidata.org/entity/Q71819,Elisabeth Mann Borgese,http://www.wikidata.org/entity/Q68986,St. Moritz,,,http://www.wikidata.org/entity/Q108294542,"For Sale, Reasonable",,,http://www.wikidata.org/entity/Q1860,en
http://www.wikidata.org/entity/Q110436,Cory Doctorow,,,http://www.wikidata.org/entity/Q65,Los Angeles,http://www.wikidata.org/entity/Q131461832,Human Readable,,,http://www.wikidata.org/entity/Q1860,en
http://www.wikidata.org/entity/Q110436,Cory Doctorow,,,http://www.wikidata.org/entity/Q65,Los Angeles,http://www.wikidata.org/entity/Q131461967,Radicalized,,,http://www.wikidata.org/entity/Q1860,en
http://www.wikidata.org/entity/Q110436,Cory Doctorow,,,http://www.wikidata.org/entity/Q65,Los Angeles,http://www.wikidata.org/entity/Q131461908,The Man Who Sold the Moon,,,http://www.wikidata.org/entity/Q1860,en
http://www.wikidata.org/entity/Q110436,Cory Doctorow,,,http://www.wikidata.org/entity/Q65,Los Angeles,http://www.wikidata.org/entity/Q131461964,Unauthorized Bread,,,http://www.wikidata.org/entity/Q1860,en
http://www.wikidata.org/entity/Q110436,Cory Doctorow,,,http://www.wikidata.org/entity/Q172,Toronto,http://www.wikidata.org/entity/Q131516867,Flowers from Alice,,,http://www.wikidata.org/entity/Q1860,en
http://www.wikidata.org/entity/Q110436,Cory Doctorow,,,http://www.wikidata.org/entity/Q172,Toronto,http://www.wikidata.org/entity/Q131516912,Nimby and the Dimension Hoppers,,,http://www.wikidata.org/entity/Q1860,en
http://www.wikidata.org/entity/Q110436,Cory Doctorow,,,http://www.wikidata.org/entity/Q172,Toronto,http://www.wikidata.org/entity/Q131516921,The Jammie Dodgers and the Adventure of the Leicester Square Screening,,,http://www.wikidata.org/entity/Q1860,en
http://www.wikidata.org/entity/Q104109,Mary Pickford,http://www.wikidata.org/entity/Q47164,Santa Monica,http://www.wikidata.org/entity/Q172,Toronto,,,,,,
http://www.wikidata.org/entity/Q110436,Cory Doctorow,,,http://www.wikidata.org/entity/Q172,Toronto,http://www.wikidata.org/entity/Q132127975,Q132127975,,,http://www.wikidata.org/entity/Q1860,en
http://www.wikidata.org/entity/Q110436,Cory Doctorow,,,http://www.wikidata.org/entity/Q65,Los Angeles,http://www.wikidata.org/entity/Q131472336,The Things That Make Me Weak and Strange Get Engineered Away,,,http://www.wikidata.org/entity/Q1860,en
http://www.wikidata.org/entity/Q110436,Cory Doctorow,,,http://www.wikidata.org/entity/Q172,Toronto,http://www.wikidata.org/entity/Q131841549,Q131841549,,,http://www.wikidata.org/entity/Q1860,en
http://www.wikidata.org/entity/Q92799,David Day,,,,,http://www.wikidata.org/entity/Q122110658,Q122110658,http://www.wikidata.org/entity/Q1085,Prague,http://www.wikidata.org/entity/Q9056,cs
http://www.wikidata.org/entity/Q92608,Brian Kernighan,,,,,http://www.wikidata.org/entity/Q63413168,"The C Programming Language, Second Edition",http://www.wikidata.org/entity/Q1087220,Upper Saddle River,http://www.wikidata.org/entity/Q1860,en
http://www.wikidata.org/entity/Q92799,David Day,,,,,http://www.wikidata.org/entity/Q122110660,Q122110660,http://www.wikidata.org/entity/Q1085,Prague,http://www.wikidata.org/entity/Q9056,cs
http://www.wikidata.org/entity/Q110436,Cory Doctorow,,,http://www.wikidata.org/entity/Q172,Toronto,http://www.wikidata.org/entity/Q131851808,Q131851808,,,http://www.wikidata.org/entity/Q1860,en
http://www.wikidata.org/entity/Q110436,Cory Doctorow,,,http://www.wikidata.org/entity/Q65,Los Angeles,http://www.wikidata.org/entity/Q131461860,Chicken Little,,,http://www.wikidata.org/entity/Q1860,en
http://www.wikidata.org/entity/Q110436,Cory Doctorow,,,http://www.wikidata.org/entity/Q172,Toronto,http://www.wikidata.org/entity/Q134441072,Picks and Shovels,,,http://www.wikidata.org/entity/Q1860,en
http://www.wikidata.org/entity/Q92608,Brian Kernighan,,,,,http://www.wikidata.org/entity/Q63565609,El lenguaje de programación C,http://www.wikidata.org/entity/Q219574,Naucalpan de Juárez Municipality,http://www.wikidata.org/entity/Q1321,es
http://www.wikidata.org/entity/Q110436,Cory Doctorow,,,http://www.wikidata.org/entity/Q172,Toronto,http://www.wikidata.org/entity/Q131862227,Q131862227,,,http://www.wikidata.org/entity/Q1860,en
http://www.wikidata.org/entity/Q110436,Cory Doctorow,,,http://www.wikidata.org/entity/Q65,Los Angeles,http://www.wikidata.org/entity/Q133248823,Q133248823,,,http://www.wikidata.org/entity/Q1860,en
http://www.wikidata.org/entity/Q92608,Brian Kernighan,,,,,http://www.wikidata.org/entity/Q122045873,Q122045873,http://www.wikidata.org/entity/Q1085,Prague,http://www.wikidata.org/entity/Q9056,cs
http://www.wikidata.org/entity/Q110436,Cory Doctorow,,,http://www.wikidata.org/entity/Q172,Toronto,http://www.wikidata.org/entity/Q134731819,Party Discipline,,,http://www.wikidata.org/entity/Q1860,en
http://www.wikidata.org/entity/Q110436,Cory Doctorow,,,http://www.wikidata.org/entity/Q65,Los Angeles,http://www.wikidata.org/entity/Q132249961,Q132249961,,,http://www.wikidata.org/entity/Q1860,en
http://www.wikidata.org/entity/Q110436,Cory Doctorow,,,http://www.wikidata.org/entity/Q172,Toronto,http://www.wikidata.org/entity/Q131516916,The Brave Little Toaster,,,http://www.wikidata.org/entity/Q1860,en
http://www.wikidata.org/entity/Q92608,Brian Kernighan,,,,,http://www.wikidata.org/entity/Q63565563,The C Programming Language,http://www.wikidata.org/entity/Q281839,Englewood Cliffs,http://www.wikidata.org/entity/Q1860,en
http://www.wikidata.org/entity/Q110436,Cory Doctorow,,,http://www.wikidata.org/entity/Q65,Los Angeles,http://www.wikidata.org/entity/Q131516867,Flowers from Alice,,,http://www.wikidata.org/entity/Q1860,en
http://www.wikidata.org/entity/Q110436,Cory Doctorow,,,http://www.wikidata.org/entity/Q65,Los Angeles,http://www.wikidata.org/entity/Q131516912,Nimby and the Dimension Hoppers,,,http://www.wikidata.org/entity/Q1860,en
http://www.wikidata.org/entity/Q110436,Cory Doctorow,,,http://www.wikidata.org/entity/Q65,Los Angeles,http://www.wikidata.org/entity/Q131516921,The Jammie Dodgers and the Adventure of the Leicester Square Screening,,,http://www.wikidata.org/entity/Q1860,en
http://www.wikidata.org/entity/Q110436,Cory Doctorow,,,http://www.wikidata.org/entity/Q65,Los Angeles,http://www.wikidata.org/entity/Q132127975,Q132127975,,,http://www.wikidata.org/entity/Q1860,en
http://www.wikidata.org/entity/Q110436,Cory Doctorow,,,http://www.wikidata.org/entity/Q65,Los Angeles,http://www.wikidata.org/entity/Q131841549,Q131841549,,,http://www.wikidata.org/entity/Q1860,en
http://www.wikidata.org/entity/Q110436,Cory Doctorow,,,http://www.wikidata.org/entity/Q172,Toronto,http://www.wikidata.org/entity/Q131461832,Human Readable,,,http://www.wikidata.org/entity/Q1860,en
http://www.wikidata.org/entity/Q110436,Cory Doctorow,,,http://www.wikidata.org/entity/Q172,Toronto,http://www.wikidata.org/entity/Q131461967,Radicalized,,,http://www.wikidata.org/entity/Q1860,en
http://www.wikidata.org/entity/Q110436,Cory Doctorow,,,http://www.wikidata.org/entity/Q172,Toronto,http://www.wikidata.org/entity/Q131461908,The Man Who Sold the Moon,,,http://www.wikidata.org/entity/Q1860,en
http://www.wikidata.org/entity/Q110436,Cory Doctorow,,,http://www.wikidata.org/entity/Q172,Toronto,http://www.wikidata.org/entity/Q131461964,Unauthorized Bread,,,http://www.wikidata.org/entity/Q1860,en
http://www.wikidata.org/entity/Q110436,Cory Doctorow,,,http://www.wikidata.org/entity/Q65,Los Angeles,http://www.wikidata.org/entity/Q131851808,Q131851808,,,http://www.wikidata.org/entity/Q1860,en
http://www.wikidata.org/entity/Q110436,Cory Doctorow,,,http://www.wikidata.org/entity/Q172,Toronto,http://www.wikidata.org/entity/Q131472336,The Things That Make Me Weak and Strange Get Engineered Away,,,http://www.wikidata.org/entity/Q1860,en
http://www.wikidata.org/entity/Q92799,David Day,,,,,http://www.wikidata.org/entity/Q122033330,Q122033330,http://www.wikidata.org/entity/Q1085,Prague,http://www.wikidata.org/entity/Q9056,cs
http://www.wikidata.org/entity/Q97143,Frederick Philip Grove,http://www.wikidata.org/entity/Q1904,Ontario,,,http://www.wikidata.org/entity/Q42186145,Our Daily Bread,,,,
http://www.wikidata.org/entity/Q92799,David Day,,,,,http://www.wikidata.org/entity/Q122138195,Q122138195,http://www.wikidata.org/entity/Q1085,Prague,http://www.wikidata.org/entity/Q9056,cs
http://www.wikidata.org/entity/Q92799,David Day,,,,,http://www.wikidata.org/entity/Q122033331,Q122033331,http://www.wikidata.org/entity/Q1085,Prague,http://www.wikidata.org/entity/Q9056,cs
http://www.wikidata.org/entity/Q110436,Cory Doctorow,,,http://www.wikidata.org/entity/Q65,Los Angeles,http://www.wikidata.org/entity/Q134441072,Picks and Shovels,,,http://www.wikidata.org/entity/Q1860,en
http://www.wikidata.org/entity/Q110436,Cory Doctorow,,,http://www.wikidata.org/entity/Q65,Los Angeles,http://www.wikidata.org/entity/Q131862227,Q131862227,,,http://www.wikidata.org/entity/Q1860,en
http://www.wikidata.org/entity/Q110436,Cory Doctorow,,,http://www.wikidata.org/entity/Q172,Toronto,http://www.wikidata.org/entity/Q131461860,Chicken Little,,,http://www.wikidata.org/entity/Q1860,en
http://www.wikidata.org/entity/Q183492,Margaret Atwood,,,http://www.wikidata.org/entity/Q953088,Essex County,http://www.wikidata.org/entity/Q126602746,Surfacing,,,http://www.wikidata.org/entity/Q1860,en
http://www.wikidata.org/entity/Q183492,Margaret Atwood,,,http://www.wikidata.org/entity/Q953088,Essex County,http://www.wikidata.org/entity/Q131929965,Democracy,,,http://www.wikidata.org/entity/Q7979,British English
http://www.wikidata.org/entity/Q183492,Margaret Atwood,,,http://www.wikidata.org/entity/Q1930,Ottawa,http://www.wikidata.org/entity/Q125194810,Up in the Tree,,,http://www.wikidata.org/entity/Q1860,en
http://www.wikidata.org/entity/Q183492,Margaret Atwood,,,http://www.wikidata.org/entity/Q1930,Ottawa,http://www.wikidata.org/entity/Q126652866,Lady Oracle,,,http://www.wikidata.org/entity/Q1860,en
http://www.wikidata.org/entity/Q183492,Margaret Atwood,,,http://www.wikidata.org/entity/Q953088,Essex County,http://www.wikidata.org/entity/Q130471928,Old Babes in the Wood,,,http://www.wikidata.org/entity/Q1860,en
http://www.wikidata.org/entity/Q181249,Charles Coughlin,http://www.wikidata.org/entity/Q885355,Bloomfield Hills,,,,,,,,
http://www.wikidata.org/entity/Q183492,Margaret Atwood,,,http://www.wikidata.org/entity/Q953088,Essex County,http://www.wikidata.org/entity/Q126602591,Alias Grace,,,http://www.wikidata.org/entity/Q1860,en
http://www.wikidata.org/entity/Q183492,Margaret Atwood,,,http://www.wikidata.org/entity/Q172,Toronto,http://www.wikidata.org/entity/Q126602746,Surfacing,,,http://www.wikidata.org/entity/Q1860,en
http://www.wikidata.org/entity/Q183492,Margaret Atwood,,,http://www.wikidata.org/entity/Q172,Toronto,http://www.wikidata.org/entity/Q131929965,Democracy,,,http://www.wikidata.org/entity/Q7979,British English
http://www.wikidata.org/entity/Q183492,Margaret Atwood,,,http://www.wikidata.org/entity/Q1930,Ottawa,http://www.wikidata.org/entity/Q134585191,Q134585191,,,http://www.wikidata.org/entity/Q1860,en
http://www.wikidata.org/entity/Q183492,Margaret Atwood,,,http://www.wikidata.org/entity/Q1930,Ottawa,http://www.wikidata.org/entity/Q126707941,The Blind Assassin,,,http://www.wikidata.org/entity/Q1860,en
http://www.wikidata.org/entity/Q183492,Margaret Atwood,,,http://www.wikidata.org/entity/Q953088,Essex County,http://www.wikidata.org/entity/Q126720494,Bodily Harm,,,http://www.wikidata.org/entity/Q1860,en
http://www.wikidata.org/entity/Q183492,Margaret Atwood,,,http://www.wikidata.org/entity/Q172,Toronto,http://www.wikidata.org/entity/Q130471928,Old Babes in the Wood,,,http://www.wikidata.org/entity/Q1860,en
http://www.wikidata.org/entity/Q183492,Margaret Atwood,,,http://www.wikidata.org/entity/Q953088,Essex County,http://www.wikidata.org/entity/Q126720424,The Penelopiad,,,http://www.wikidata.org/entity/Q1860,en
http://www.wikidata.org/entity/Q183492,Margaret Atwood,,,http://www.wikidata.org/entity/Q953088,Essex County,http://www.wikidata.org/entity/Q135231278,The Penelopiad,,,http://www.wikidata.org/entity/Q1860,en
http://www.wikidata.org/entity/Q183492,Margaret Atwood,,,http://www.wikidata.org/entity/Q953088,Essex County,http://www.wikidata.org/entity/Q126726123,Stone Mattress: Nine Tales,,,http://www.wikidata.org/entity/Q1860,en
http://www.wikidata.org/entity/Q183492,Margaret Atwood,,,http://www.wikidata.org/entity/Q953088,Essex County,http://www.wikidata.org/entity/Q126726126,The Testaments,,,http://www.wikidata.org/entity/Q1860,en
http://www.wikidata.org/entity/Q183492,Margaret Atwood,,,http://www.wikidata.org/entity/Q172,Toronto,http://www.wikidata.org/entity/Q126602591,Alias Grace,,,http://www.wikidata.org/entity/Q1860,en
http://www.wikidata.org/entity/Q183492,Margaret Atwood,,,http://www.wikidata.org/entity/Q953088,Essex County,http://www.wikidata.org/entity/Q126453512,Q126453512,,,http://www.wikidata.org/entity/Q150,fr
http://www.wikidata.org/entity/Q183492,Margaret Atwood,,,http://www.wikidata.org/entity/Q953088,Essex County,http://www.wikidata.org/entity/Q134529102,Q134529102,,,http://www.wikidata.org/entity/Q1860,en
http://www.wikidata.org/entity/Q183492,Margaret Atwood,,,http://www.wikidata.org/entity/Q953088,Essex County,http://www.wikidata.org/entity/Q134390376,Q134390376,,,http://www.wikidata.org/entity/Q1860,en
http://www.wikidata.org/entity/Q183492,Margaret Atwood,,,http://www.wikidata.org/entity/Q172,Toronto,http://www.wikidata.org/entity/Q126720494,Bodily Harm,,,http://www.wikidata.org/entity/Q1860,en
http://www.wikidata.org/entity/Q183492,Margaret Atwood,,,http://www.wikidata.org/entity/Q172,Toronto,http://www.wikidata.org/entity/Q126720424,The Penelopiad,,,http://www.wikidata.org/entity/Q1860,en
http://www.wikidata.org/entity/Q183492,Margaret Atwood,,,http://www.wikidata.org/entity/Q172,Toronto,http://www.wikidata.org/entity/Q135231278,The Penelopiad,,,http://www.wikidata.org/entity/Q1860,en
http://www.wikidata.org/entity/Q183492,Margaret Atwood,,,http://www.wikidata.org/entity/Q953088,Essex County,http://www.wikidata.org/entity/Q134399393,Q134399393,,,http://www.wikidata.org/entity/Q1860,en
http://www.wikidata.org/entity/Q183492,Margaret Atwood,,,http://www.wikidata.org/entity/Q172,Toronto,http://www.wikidata.org/entity/Q126726123,Stone Mattress: Nine Tales,,,http://www.wikidata.org/entity/Q1860,en
http://www.wikidata.org/entity/Q183492,Margaret Atwood,,,http://www.wikidata.org/entity/Q172,Toronto,http://www.wikidata.org/entity/Q126726126,The Testaments,,,http://www.wikidata.org/entity/Q1860,en
http://www.wikidata.org/entity/Q183492,Margaret Atwood,,,http://www.wikidata.org/entity/Q172,Toronto,http://www.wikidata.org/entity/Q126453512,Q126453512,,,http://www.wikidata.org/entity/Q150,fr
http://www.wikidata.org/entity/Q183492,Margaret Atwood,,,http://www.wikidata.org/entity/Q172,Toronto,http://www.wikidata.org/entity/Q134529102,Q134529102,,,http://www.wikidata.org/entity/Q1860,en
http://www.wikidata.org/entity/Q183492,Margaret Atwood,,,http://www.wikidata.org/entity/Q172,Toronto,http://www.wikidata.org/entity/Q134390376,Q134390376,,,http://www.wikidata.org/entity/Q1860,en
http://www.wikidata.org/entity/Q183492,Margaret Atwood,,,http://www.wikidata.org/entity/Q1930,Ottawa,http://www.wikidata.org/entity/Q126602746,Surfacing,,,http://www.wikidata.org/entity/Q1860,en
http://www.wikidata.org/entity/Q183492,Margaret Atwood,,,http://www.wikidata.org/entity/Q1930,Ottawa,http://www.wikidata.org/entity/Q131929965,Democracy,,,http://www.wikidata.org/entity/Q7979,British English
http://www.wikidata.org/entity/Q183492,Margaret Atwood,,,http://www.wikidata.org/entity/Q172,Toronto,http://www.wikidata.org/entity/Q122129714,Q122129714,http://www.wikidata.org/entity/Q1085,Prague,http://www.wikidata.org/entity/Q9056,cs
http://www.wikidata.org/entity/Q183492,Margaret Atwood,,,http://www.wikidata.org/entity/Q172,Toronto,http://www.wikidata.org/entity/Q134399393,Q134399393,,,http://www.wikidata.org/entity/Q1860,en
http://www.wikidata.org/entity/Q183492,Margaret Atwood,,,http://www.wikidata.org/entity/Q953088,Essex County,http://www.wikidata.org/entity/Q125194810,Up in the Tree,,,http://www.wikidata.org/entity/Q1860,en
http://www.wikidata.org/entity/Q183492,Margaret Atwood,,,http://www.wikidata.org/entity/Q953088,Essex County,http://www.wikidata.org/entity/Q126652866,Lady Oracle,,,http://www.wikidata.org/entity/Q1860,en
http://www.wikidata.org/entity/Q183492,Margaret Atwood,,,http://www.wikidata.org/entity/Q1930,Ottawa,http://www.wikidata.org/entity/Q130471928,Old Babes in the Wood,,,http://www.wikidata.org/entity/Q1860,en
http://www.wikidata.org/entity/Q183492,Margaret Atwood,,,http://www.wikidata.org/entity/Q1930,Ottawa,http://www.wikidata.org/entity/Q126602591,Alias Grace,,,http://www.wikidata.org/entity/Q1860,en
http://www.wikidata.org/entity/Q183492,Margaret Atwood,,,http://www.wikidata.org/entity/Q953088,Essex County,http://www.wikidata.org/entity/Q134585191,Q134585191,,,http://www.wikidata.org/entity/Q1860,en
http://www.wikidata.org/entity/Q183492,Margaret Atwood,,,http://www.wikidata.org/entity/Q172,Toronto,http://www.wikidata.org/entity/Q125194810,Up in the Tree,,,http://www.wikidata.org/entity/Q1860,en
http://www.wikidata.org/entity/Q183492,Margaret Atwood,,,http://www.wikidata.org/entity/Q953088,Essex County,http://www.wikidata.org/entity/Q126707941,The Blind Assassin,,,http://www.wikidata.org/entity/Q1860,en
http://www.wikidata.org/entity/Q183492,Margaret Atwood,,,http://www.wikidata.org/entity/Q172,Toronto,http://www.wikidata.org/entity/Q126652866,Lady Oracle,,,http://www.wikidata.org/entity/Q1860,en
http://www.wikidata.org/entity/Q183492,Margaret Atwood,,,http://www.wikidata.org/entity/Q1930,Ottawa,http://www.wikidata.org/entity/Q126720494,Bodily Harm,,,http://www.wikidata.org/entity/Q1860,en
http://www.wikidata.org/entity/Q183492,Margaret Atwood,,,http://www.wikidata.org/entity/Q1930,Ottawa,http://www.wikidata.org/entity/Q126720424,The Penelopiad,,,http://www.wikidata.org/entity/Q1860,en
http://www.wikidata.org/entity/Q183492,Margaret Atwood,,,http://www.wikidata.org/entity/Q1930,Ottawa,http://www.wikidata.org/entity/Q135231278,The Penelopiad,,,http://www.wikidata.org/entity/Q1860,en
http://www.wikidata.org/entity/Q183492,Margaret Atwood,,,http://www.wikidata.org/entity/Q1930,Ottawa,http://www.wikidata.org/entity/Q126726123,Stone Mattress: Nine Tales,,,http://www.wikidata.org/entity/Q1860,en
http://www.wikidata.org/entity/Q183492,Margaret Atwood,,,http://www.wikidata.org/entity/Q1930,Ottawa,http://www.wikidata.org/entity/Q126726126,The Testaments,,,http://www.wikidata.org/entity/Q1860,en
http://www.wikidata.org/entity/Q183492,Margaret Atwood,,,http://www.wikidata.org/entity/Q1930,Ottawa,http://www.wikidata.org/entity/Q126453512,Q126453512,,,http://www.wikidata.org/entity/Q150,fr
http://www.wikidata.org/entity/Q183492,Margaret Atwood,,,http://www.wikidata.org/entity/Q1930,Ottawa,http://www.wikidata.org/entity/Q134529102,Q134529102,,,http://www.wikidata.org/entity/Q1860,en
http://www.wikidata.org/entity/Q183492,Margaret Atwood,,,http://www.wikidata.org/entity/Q172,Toronto,http://www.wikidata.org/entity/Q134585191,Q134585191,,,http://www.wikidata.org/entity/Q1860,en
http://www.wikidata.org/entity/Q183492,Margaret Atwood,,,http://www.wikidata.org/entity/Q1930,Ottawa,http://www.wikidata.org/entity/Q134390376,Q134390376,,,http://www.wikidata.org/entity/Q1860,en
http://www.wikidata.org/entity/Q183492,Margaret Atwood,,,http://www.wikidata.org/entity/Q172,Toronto,http://www.wikidata.org/entity/Q126707941,The Blind Assassin,,,http://www.wikidata.org/entity/Q1860,en
http://www.wikidata.org/entity/Q183492,Margaret Atwood,,,http://www.wikidata.org/entity/Q1930,Ottawa,http://www.wikidata.org/entity/Q134399393,Q134399393,,,http://www.wikidata.org/entity/Q1860,en
http://www.wikidata.org/entity/Q180350,Frederick Banting,http://www.wikidata.org/entity/Q6941166,Musgrave Harbour,,,,,,,,
http://www.wikidata.org/entity/Q183492,Margaret Atwood,,,http://www.wikidata.org/entity/Q172,Toronto,http://www.wikidata.org/entity/Q60786692,The Testaments,,,http://www.wikidata.org/entity/Q1860,en
http://www.wikidata.org/entity/Q183492,Margaret Atwood,,,http://www.wikidata.org/entity/Q172,Toronto,http://www.wikidata.org/entity/Q100715649,The Handmaid's Tale,,,,
http://www.wikidata.org/entity/Q183492,Margaret Atwood,,,http://www.wikidata.org/entity/Q1930,Ottawa,http://www.wikidata.org/entity/Q122129714,Q122129714,http://www.wikidata.org/entity/Q1085,Prague,http://www.wikidata.org/entity/Q9056,cs
http://www.wikidata.org/entity/Q183492,Margaret Atwood,,,http://www.wikidata.org/entity/Q1930,Ottawa,http://www.wikidata.org/entity/Q29266444,Giving Birth,,,http://www.wikidata.org/entity/Q44676,Canadian English
http://www.wikidata.org/entity/Q183492,Margaret Atwood,,,http://www.wikidata.org/entity/Q172,Toronto,http://www.wikidata.org/entity/Q122008424,Q122008424,http://www.wikidata.org/entity/Q1085,Prague,http://www.wikidata.org/entity/Q9056,cs
http://www.wikidata.org/entity/Q183492,Margaret Atwood,,,http://www.wikidata.org/entity/Q172,Toronto,http://www.wikidata.org/entity/Q26158076,Hag-Seed,,,http://www.wikidata.org/entity/Q1860,en
http://www.wikidata.org/entity/Q183492,Margaret Atwood,,,http://www.wikidata.org/entity/Q1930,Ottawa,http://www.wikidata.org/entity/Q115131783,The Climate Book,,,http://www.wikidata.org/entity/Q1860,en
http://www.wikidata.org/entity/Q183492,Margaret Atwood,,,http://www.wikidata.org/entity/Q172,Toronto,http://www.wikidata.org/entity/Q63969968,Angel Catbird,,,,
http://www.wikidata.org/entity/Q183492,Margaret Atwood,,,http://www.wikidata.org/entity/Q1930,Ottawa,http://www.wikidata.org/entity/Q29267046,Dancing Girls,,,http://www.wikidata.org/entity/Q44676,Canadian English
http://www.wikidata.org/entity/Q183492,Margaret Atwood,,,http://www.wikidata.org/entity/Q1930,Ottawa,http://www.wikidata.org/entity/Q29264220,Lives of the Poets,,,,
http://www.wikidata.org/entity/Q183492,Margaret Atwood,,,http://www.wikidata.org/entity/Q172,Toronto,http://www.wikidata.org/entity/Q29265318,The Man from Mars,,,http://www.wikidata.org/entity/Q44676,Canadian English
http://www.wikidata.org/entity/Q183492,Margaret Atwood,,,http://www.wikidata.org/entity/Q953088,Essex County,http://www.wikidata.org/entity/Q29264220,Lives of the Poets,,,,
http://www.wikidata.org/entity/Q183492,Margaret Atwood,,,http://www.wikidata.org/entity/Q953088,Essex County,http://www.wikidata.org/entity/Q29264350,The Sin Eater,,,http://www.wikidata.org/entity/Q44676,Canadian English
http://www.wikidata.org/entity/Q183492,Margaret Atwood,,,http://www.wikidata.org/entity/Q1930,Ottawa,http://www.wikidata.org/entity/Q29266173,Training,,,http://www.wikidata.org/entity/Q44676,Canadian English
http://www.wikidata.org/entity/Q183492,Margaret Atwood,,,http://www.wikidata.org/entity/Q172,Toronto,http://www.wikidata.org/entity/Q117280183,Q117280183,,,,
http://www.wikidata.org/entity/Q183492,Margaret Atwood,,,http://www.wikidata.org/entity/Q172,Toronto,http://www.wikidata.org/entity/Q117281236,Q117281236,,,,
http://www.wikidata.org/entity/Q183492,Margaret Atwood,,,http://www.wikidata.org/entity/Q172,Toronto,http://www.wikidata.org/entity/Q117321484,Q117321484,,,,
http://www.wikidata.org/entity/Q183492,Margaret Atwood,,,http://www.wikidata.org/entity/Q1930,Ottawa,http://www.wikidata.org/entity/Q101191005,MaddAddam Series,,,http://www.wikidata.org/entity/Q1860,en
http://www.wikidata.org/entity/Q183492,Margaret Atwood,,,http://www.wikidata.org/entity/Q953088,Essex County,http://www.wikidata.org/entity/Q29263840,A Travel Piece,,,http://www.wikidata.org/entity/Q44676,Canadian English
http://www.wikidata.org/entity/Q183492,Margaret Atwood,,,http://www.wikidata.org/entity/Q953088,Essex County,http://www.wikidata.org/entity/Q29264006,Hair Jewellery,,,http://www.wikidata.org/entity/Q44676,Canadian English
http://www.wikidata.org/entity/Q183492,Margaret Atwood,,,http://www.wikidata.org/entity/Q953088,Essex County,http://www.wikidata.org/entity/Q29264500,The War in the Bathroom,,,http://www.wikidata.org/entity/Q44676,Canadian English
http://www.wikidata.org/entity/Q183492,Margaret Atwood,,,http://www.wikidata.org/entity/Q953088,Essex County,http://www.wikidata.org/entity/Q29264864,Under Glass,,,http://www.wikidata.org/entity/Q44676,Canadian English
http://www.wikidata.org/entity/Q183492,Margaret Atwood,,,http://www.wikidata.org/entity/Q953088,Essex County,http://www.wikidata.org/entity/Q29264997,When it Happens,,,http://www.wikidata.org/entity/Q44676,Canadian English
http://www.wikidata.org/entity/Q183492,Margaret Atwood,,,http://www.wikidata.org/entity/Q953088,Essex County,http://www.wikidata.org/entity/Q29265613,The Grave of the Famous Poet,,,http://www.wikidata.org/entity/Q44676,Canadian English
http://www.wikidata.org/entity/Q183492,Margaret Atwood,,,http://www.wikidata.org/entity/Q172,Toronto,http://www.wikidata.org/entity/Q29581260,Stone Mattress: Nine Tales,http://www.wikidata.org/entity/Q172,Toronto,http://www.wikidata.org/entity/Q1860,en
http://www.wikidata.org/entity/Q183492,Margaret Atwood,,,http://www.wikidata.org/entity/Q1930,Ottawa,http://www.wikidata.org/entity/Q60387823,Wilderness Tips,,,http://www.wikidata.org/entity/Q1860,en
http://www.wikidata.org/entity/Q183492,Margaret Atwood,,,http://www.wikidata.org/entity/Q953088,Essex County,http://www.wikidata.org/entity/Q58879506,The Blind Assassin,,,http://www.wikidata.org/entity/Q1860,en
http://www.wikidata.org/entity/Q183492,Margaret Atwood,,,http://www.wikidata.org/entity/Q172,Toronto,http://www.wikidata.org/entity/Q29264350,The Sin Eater,,,http://www.wikidata.org/entity/Q44676,Canadian English
http://www.wikidata.org/entity/Q183492,Margaret Atwood,,,http://www.wikidata.org/entity/Q172,Toronto,http://www.wikidata.org/entity/Q117315142,"Margaret Atwood at Sir George Williams University, The Poetry Series, 18 October 1974",,,,
http://www.wikidata.org/entity/Q183492,Margaret Atwood,,,http://www.wikidata.org/entity/Q172,Toronto,http://www.wikidata.org/entity/Q117787870,"Margaret Atwood and Alden Nowlan at Sir George Williams University, The Poetry Series, 13 October 1967",,,,
http://www.wikidata.org/entity/Q183492,Margaret Atwood,,,http://www.wikidata.org/entity/Q1930,Ottawa,http://www.wikidata.org/entity/Q48724250,My Life as a Bat,,,,
http://www.wikidata.org/entity/Q183492,Margaret Atwood,,,http://www.wikidata.org/entity/Q172,Toronto,http://www.wikidata.org/entity/Q29263840,A Travel Piece,,,http://www.wikidata.org/entity/Q44676,Canadian English
http://www.wikidata.org/entity/Q183492,Margaret Atwood,,,http://www.wikidata.org/entity/Q172,Toronto,http://www.wikidata.org/entity/Q29264006,Hair Jewellery,,,http://www.wikidata.org/entity/Q44676,Canadian English
http://www.wikidata.org/entity/Q183492,Margaret Atwood,,,http://www.wikidata.org/entity/Q953088,Essex County,http://www.wikidata.org/entity/Q48724250,My Life as a Bat,,,,
http://www.wikidata.org/entity/Q183492,Margaret Atwood,,,http://www.wikidata.org/entity/Q172,Toronto,http://www.wikidata.org/entity/Q29264500,The War in the Bathroom,,,http://www.wikidata.org/entity/Q44676,Canadian English
http://www.wikidata.org/entity/Q183492,Margaret Atwood,,,http://www.wikidata.org/entity/Q172,Toronto,http://www.wikidata.org/entity/Q29264864,Under Glass,,,http://www.wikidata.org/entity/Q44676,Canadian English
http://www.wikidata.org/entity/Q183492,Margaret Atwood,,,http://www.wikidata.org/entity/Q172,Toronto,http://www.wikidata.org/entity/Q29264997,When it Happens,,,http://www.wikidata.org/entity/Q44676,Canadian English
http://www.wikidata.org/entity/Q183492,Margaret Atwood,,,http://www.wikidata.org/entity/Q172,Toronto,http://www.wikidata.org/entity/Q29265613,The Grave of the Famous Poet,,,http://www.wikidata.org/entity/Q44676,Canadian English
http://www.wikidata.org/entity/Q183492,Margaret Atwood,,,http://www.wikidata.org/entity/Q953088,Essex County,http://www.wikidata.org/entity/Q121995492,Q121995492,http://www.wikidata.org/entity/Q1085,Prague,http://www.wikidata.org/entity/Q9056,cs
http://www.wikidata.org/entity/Q183492,Margaret Atwood,,,http://www.wikidata.org/entity/Q953088,Essex County,http://www.wikidata.org/entity/Q122080859,Q122080859,http://www.wikidata.org/entity/Q1085,Prague,http://www.wikidata.org/entity/Q9056,cs
http://www.wikidata.org/entity/Q183492,Margaret Atwood,,,http://www.wikidata.org/entity/Q953088,Essex County,http://www.wikidata.org/entity/Q122028200,Q122028200,http://www.wikidata.org/entity/Q1085,Prague,http://www.wikidata.org/entity/Q9056,cs
http://www.wikidata.org/entity/Q183492,Margaret Atwood,,,http://www.wikidata.org/entity/Q172,Toronto,http://www.wikidata.org/entity/Q58879506,The Blind Assassin,,,http://www.wikidata.org/entity/Q1860,en
http://www.wikidata.org/entity/Q183492,Margaret Atwood,,,http://www.wikidata.org/entity/Q1930,Ottawa,http://www.wikidata.org/entity/Q100715649,The Handmaid's Tale,,,,
http://www.wikidata.org/entity/Q183492,Margaret Atwood,,,http://www.wikidata.org/entity/Q1930,Ottawa,http://www.wikidata.org/entity/Q60786692,The Testaments,,,http://www.wikidata.org/entity/Q1860,en
http://www.wikidata.org/entity/Q183492,Margaret Atwood,,,http://www.wikidata.org/entity/Q1930,Ottawa,http://www.wikidata.org/entity/Q121995492,Q121995492,http://www.wikidata.org/entity/Q1085,Prague,http://www.wikidata.org/entity/Q9056,cs
http://www.wikidata.org/entity/Q183492,Margaret Atwood,,,http://www.wikidata.org/entity/Q1930,Ottawa,http://www.wikidata.org/entity/Q122080859,Q122080859,http://www.wikidata.org/entity/Q1085,Prague,http://www.wikidata.org/entity/Q9056,cs
http://www.wikidata.org/entity/Q183492,Margaret Atwood,,,http://www.wikidata.org/entity/Q953088,Essex County,http://www.wikidata.org/entity/Q100715649,The Handmaid's Tale,,,,
http://www.wikidata.org/entity/Q183492,Margaret Atwood,,,http://www.wikidata.org/entity/Q953088,Essex County,http://www.wikidata.org/entity/Q29266759,Betty,,,http://www.wikidata.org/entity/Q44676,Canadian English
http://www.wikidata.org/entity/Q183492,Margaret Atwood,,,http://www.wikidata.org/entity/Q1930,Ottawa,http://www.wikidata.org/entity/Q122028200,Q122028200,http://www.wikidata.org/entity/Q1085,Prague,http://www.wikidata.org/entity/Q9056,cs
http://www.wikidata.org/entity/Q183492,Margaret Atwood,,,http://www.wikidata.org/entity/Q1930,Ottawa,http://www.wikidata.org/entity/Q26158076,Hag-Seed,,,http://www.wikidata.org/entity/Q1860,en
http://www.wikidata.org/entity/Q183492,Margaret Atwood,,,http://www.wikidata.org/entity/Q953088,Essex County,http://www.wikidata.org/entity/Q29265974,Polarities,,,http://www.wikidata.org/entity/Q44676,Canadian English
http://www.wikidata.org/entity/Q183492,Margaret Atwood,,,http://www.wikidata.org/entity/Q1930,Ottawa,http://www.wikidata.org/entity/Q63969968,Angel Catbird,,,,
http://www.wikidata.org/entity/Q183492,Margaret Atwood,,,http://www.wikidata.org/entity/Q1930,Ottawa,http://www.wikidata.org/entity/Q29265318,The Man from Mars,,,http://www.wikidata.org/entity/Q44676,Canadian English
http://www.wikidata.org/entity/Q183492,Margaret Atwood,,,http://www.wikidata.org/entity/Q953088,Essex County,http://www.wikidata.org/entity/Q63969968,Angel Catbird,,,,
http://www.wikidata.org/entity/Q183492,Margaret Atwood,,,http://www.wikidata.org/entity/Q1930,Ottawa,http://www.wikidata.org/entity/Q117280183,Q117280183,,,,
http://www.wikidata.org/entity/Q183492,Margaret Atwood,,,http://www.wikidata.org/entity/Q1930,Ottawa,http://www.wikidata.org/entity/Q117281236,Q117281236,,,,
http://www.wikidata.org/entity/Q183492,Margaret Atwood,,,http://www.wikidata.org/entity/Q1930,Ottawa,http://www.wikidata.org/entity/Q117321484,Q117321484,,,,
http://www.wikidata.org/entity/Q183492,Margaret Atwood,,,http://www.wikidata.org/entity/Q953088,Essex County,http://www.wikidata.org/entity/Q117280183,Q117280183,,,,
http://www.wikidata.org/entity/Q183492,Margaret Atwood,,,http://www.wikidata.org/entity/Q953088,Essex County,http://www.wikidata.org/entity/Q117281236,Q117281236,,,,
http://www.wikidata.org/entity/Q183492,Margaret Atwood,,,http://www.wikidata.org/entity/Q953088,Essex County,http://www.wikidata.org/entity/Q117321484,Q117321484,,,,
http://www.wikidata.org/entity/Q183492,Margaret Atwood,,,http://www.wikidata.org/entity/Q953088,Essex County,http://www.wikidata.org/entity/Q122008424,Q122008424,http://www.wikidata.org/entity/Q1085,Prague,http://www.wikidata.org/entity/Q9056,cs
http://www.wikidata.org/entity/Q183492,Margaret Atwood,,,http://www.wikidata.org/entity/Q172,Toronto,http://www.wikidata.org/entity/Q29266759,Betty,,,http://www.wikidata.org/entity/Q44676,Canadian English
http://www.wikidata.org/entity/Q183492,Margaret Atwood,,,http://www.wikidata.org/entity/Q172,Toronto,http://www.wikidata.org/entity/Q29265974,Polarities,,,http://www.wikidata.org/entity/Q44676,Canadian English
http://www.wikidata.org/entity/Q183492,Margaret Atwood,,,http://www.wikidata.org/entity/Q953088,Essex County,http://www.wikidata.org/entity/Q29266444,Giving Birth,,,http://www.wikidata.org/entity/Q44676,Canadian English
http://www.wikidata.org/entity/Q183492,Margaret Atwood,,,http://www.wikidata.org/entity/Q1930,Ottawa,http://www.wikidata.org/entity/Q122008424,Q122008424,http://www.wikidata.org/entity/Q1085,Prague,http://www.wikidata.org/entity/Q9056,cs
http://www.wikidata.org/entity/Q183492,Margaret Atwood,,,http://www.wikidata.org/entity/Q953088,Essex County,http://www.wikidata.org/entity/Q115131783,The Climate Book,,,http://www.wikidata.org/entity/Q1860,en
http://www.wikidata.org/entity/Q183492,Margaret Atwood,,,http://www.wikidata.org/entity/Q1930,Ottawa,http://www.wikidata.org/entity/Q117315142,"Margaret Atwood at Sir George Williams University, The Poetry Series, 18 October 1974",,,,
http://www.wikidata.org/entity/Q183492,Margaret Atwood,,,http://www.wikidata.org/entity/Q1930,Ottawa,http://www.wikidata.org/entity/Q29264350,The Sin Eater,,,http://www.wikidata.org/entity/Q44676,Canadian English
http://www.wikidata.org/entity/Q183492,Margaret Atwood,,,http://www.wikidata.org/entity/Q1930,Ottawa,http://www.wikidata.org/entity/Q117787870,"Margaret Atwood and Alden Nowlan at Sir George Williams University, The Poetry Series, 13 October 1967",,,,
http://www.wikidata.org/entity/Q183492,Margaret Atwood,,,http://www.wikidata.org/entity/Q953088,Essex County,http://www.wikidata.org/entity/Q29267046,Dancing Girls,,,http://www.wikidata.org/entity/Q44676,Canadian English
http://www.wikidata.org/entity/Q183492,Margaret Atwood,,,http://www.wikidata.org/entity/Q953088,Essex County,http://www.wikidata.org/entity/Q117315142,"Margaret Atwood at Sir George Williams University, The Poetry Series, 18 October 1974",,,,
http://www.wikidata.org/entity/Q183492,Margaret Atwood,,,http://www.wikidata.org/entity/Q953088,Essex County,http://www.wikidata.org/entity/Q117787870,"Margaret Atwood and Alden Nowlan at Sir George Williams University, The Poetry Series, 13 October 1967",,,,
http://www.wikidata.org/entity/Q183492,Margaret Atwood,,,http://www.wikidata.org/entity/Q953088,Essex County,http://www.wikidata.org/entity/Q29266173,Training,,,http://www.wikidata.org/entity/Q44676,Canadian English
http://www.wikidata.org/entity/Q183492,Margaret Atwood,,,http://www.wikidata.org/entity/Q1930,Ottawa,http://www.wikidata.org/entity/Q29263840,A Travel Piece,,,http://www.wikidata.org/entity/Q44676,Canadian English
http://www.wikidata.org/entity/Q183492,Margaret Atwood,,,http://www.wikidata.org/entity/Q1930,Ottawa,http://www.wikidata.org/entity/Q29264006,Hair Jewellery,,,http://www.wikidata.org/entity/Q44676,Canadian English
http://www.wikidata.org/entity/Q183492,Margaret Atwood,,,http://www.wikidata.org/entity/Q1930,Ottawa,http://www.wikidata.org/entity/Q29264500,The War in the Bathroom,,,http://www.wikidata.org/entity/Q44676,Canadian English
http://www.wikidata.org/entity/Q183492,Margaret Atwood,,,http://www.wikidata.org/entity/Q953088,Essex County,http://www.wikidata.org/entity/Q29581260,Stone Mattress: Nine Tales,http://www.wikidata.org/entity/Q172,Toronto,http://www.wikidata.org/entity/Q1860,en
http://www.wikidata.org/entity/Q183492,Margaret Atwood,,,http://www.wikidata.org/entity/Q1930,Ottawa,http://www.wikidata.org/entity/Q29264864,Under Glass,,,http://www.wikidata.org/entity/Q44676,Canadian English
http://www.wikidata.org/entity/Q183492,Margaret Atwood,,,http://www.wikidata.org/entity/Q1930,Ottawa,http://www.wikidata.org/entity/Q29264997,When it Happens,,,http://www.wikidata.org/entity/Q44676,Canadian English
http://www.wikidata.org/entity/Q183492,Margaret Atwood,,,http://www.wikidata.org/entity/Q1930,Ottawa,http://www.wikidata.org/entity/Q29265613,The Grave of the Famous Poet,,,http://www.wikidata.org/entity/Q44676,Canadian English
http://www.wikidata.org/entity/Q183492,Margaret Atwood,,,http://www.wikidata.org/entity/Q953088,Essex County,http://www.wikidata.org/entity/Q101191005,MaddAddam Series,,,http://www.wikidata.org/entity/Q1860,en
http://www.wikidata.org/entity/Q183492,Margaret Atwood,,,http://www.wikidata.org/entity/Q172,Toronto,http://www.wikidata.org/entity/Q29266444,Giving Birth,,,http://www.wikidata.org/entity/Q44676,Canadian English
http://www.wikidata.org/entity/Q183492,Margaret Atwood,,,http://www.wikidata.org/entity/Q1930,Ottawa,http://www.wikidata.org/entity/Q58879506,The Blind Assassin,,,http://www.wikidata.org/entity/Q1860,en
http://www.wikidata.org/entity/Q183492,Margaret Atwood,,,http://www.wikidata.org/entity/Q1930,Ottawa,http://www.wikidata.org/entity/Q29581260,Stone Mattress: Nine Tales,http://www.wikidata.org/entity/Q172,Toronto,http://www.wikidata.org/entity/Q1860,en
http://www.wikidata.org/entity/Q183492,Margaret Atwood,,,http://www.wikidata.org/entity/Q953088,Essex County,http://www.wikidata.org/entity/Q60387823,Wilderness Tips,,,http://www.wikidata.org/entity/Q1860,en
http://www.wikidata.org/entity/Q183492,Margaret Atwood,,,http://www.wikidata.org/entity/Q172,Toronto,http://www.wikidata.org/entity/Q115131783,The Climate Book,,,http://www.wikidata.org/entity/Q1860,en
http://www.wikidata.org/entity/Q183492,Margaret Atwood,,,http://www.wikidata.org/entity/Q172,Toronto,http://www.wikidata.org/entity/Q29267046,Dancing Girls,,,http://www.wikidata.org/entity/Q44676,Canadian English
http://www.wikidata.org/entity/Q183492,Margaret Atwood,,,http://www.wikidata.org/entity/Q172,Toronto,http://www.wikidata.org/entity/Q29264220,Lives of the Poets,,,,
http://www.wikidata.org/entity/Q183492,Margaret Atwood,,,http://www.wikidata.org/entity/Q172,Toronto,http://www.wikidata.org/entity/Q29266173,Training,,,http://www.wikidata.org/entity/Q44676,Canadian English
http://www.wikidata.org/entity/Q183492,Margaret Atwood,,,http://www.wikidata.org/entity/Q172,Toronto,http://www.wikidata.org/entity/Q101191005,MaddAddam Series,,,http://www.wikidata.org/entity/Q1860,en
http://www.wikidata.org/entity/Q183492,Margaret Atwood,,,http://www.wikidata.org/entity/Q172,Toronto,http://www.wikidata.org/entity/Q60387823,Wilderness Tips,,,http://www.wikidata.org/entity/Q1860,en
http://www.wikidata.org/entity/Q183492,Margaret Atwood,,,http://www.wikidata.org/entity/Q172,Toronto,http://www.wikidata.org/entity/Q121995492,Q121995492,http://www.wikidata.org/entity/Q1085,Prague,http://www.wikidata.org/entity/Q9056,cs
http://www.wikidata.org/entity/Q183492,Margaret Atwood,,,http://www.wikidata.org/entity/Q172,Toronto,http://www.wikidata.org/entity/Q122080859,Q122080859,http://www.wikidata.org/entity/Q1085,Prague,http://www.wikidata.org/entity/Q9056,cs
http://www.wikidata.org/entity/Q183492,Margaret Atwood,,,http://www.wikidata.org/entity/Q1930,Ottawa,http://www.wikidata.org/entity/Q29266759,Betty,,,http://www.wikidata.org/entity/Q44676,Canadian English
http://www.wikidata.org/entity/Q183492,Margaret Atwood,,,http://www.wikidata.org/entity/Q172,Toronto,http://www.wikidata.org/entity/Q122028200,Q122028200,http://www.wikidata.org/entity/Q1085,Prague,http://www.wikidata.org/entity/Q9056,cs
http://www.wikidata.org/entity/Q183492,Margaret Atwood,,,http://www.wikidata.org/entity/Q953088,Essex County,http://www.wikidata.org/entity/Q60786692,The Testaments,,,http://www.wikidata.org/entity/Q1860,en
http://www.wikidata.org/entity/Q183492,Margaret Atwood,,,http://www.wikidata.org/entity/Q1930,Ottawa,http://www.wikidata.org/entity/Q29265974,Polarities,,,http://www.wikidata.org/entity/Q44676,Canadian English
http://www.wikidata.org/entity/Q183492,Margaret Atwood,,,http://www.wikidata.org/entity/Q172,Toronto,http://www.wikidata.org/entity/Q48724250,My Life as a Bat,,,,
http://www.wikidata.org/entity/Q183492,Margaret Atwood,,,http://www.wikidata.org/entity/Q953088,Essex County,http://www.wikidata.org/entity/Q29265318,The Man from Mars,,,http://www.wikidata.org/entity/Q44676,Canadian English
http://www.wikidata.org/entity/Q183492,Margaret Atwood,,,http://www.wikidata.org/entity/Q953088,Essex County,http://www.wikidata.org/entity/Q122129714,Q122129714,http://www.wikidata.org/entity/Q1085,Prague,http://www.wikidata.org/entity/Q9056,cs
http://www.wikidata.org/entity/Q183492,Margaret Atwood,,,http://www.wikidata.org/entity/Q953088,Essex County,http://www.wikidata.org/entity/Q5500877,Freeforall,,,,
http://www.wikidata.org/entity/Q183492,Margaret Atwood,,,http://www.wikidata.org/entity/Q953088,Essex County,http://www.wikidata.org/entity/Q7731579,The Edible Woman,,,http://www.wikidata.org/entity/Q1321,es
http://www.wikidata.org/entity/Q183492,Margaret Atwood,,,http://www.wikidata.org/entity/Q172,Toronto,http://www.wikidata.org/entity/Q7646051,Surfacing,,,http://www.wikidata.org/entity/Q1860,en
http://www.wikidata.org/entity/Q183492,Margaret Atwood,,,http://www.wikidata.org/entity/Q1930,Ottawa,http://www.wikidata.org/entity/Q6912926,Morning in the Burned House,,,,
http://www.wikidata.org/entity/Q183492,Margaret Atwood,,,http://www.wikidata.org/entity/Q1930,Ottawa,http://www.wikidata.org/entity/Q7247162,Procedures for Underground,,,,
http://www.wikidata.org/entity/Q183492,Margaret Atwood,,,http://www.wikidata.org/entity/Q953088,Essex County,http://www.wikidata.org/entity/Q6912926,Morning in the Burned House,,,,
http://www.wikidata.org/entity/Q183492,Margaret Atwood,,,http://www.wikidata.org/entity/Q1930,Ottawa,http://www.wikidata.org/entity/Q7575409,Speeches for Doctor Frankenstein,,,,
http://www.wikidata.org/entity/Q183492,Margaret Atwood,,,http://www.wikidata.org/entity/Q953088,Essex County,http://www.wikidata.org/entity/Q7247162,Procedures for Underground,,,,
http://www.wikidata.org/entity/Q183492,Margaret Atwood,,,http://www.wikidata.org/entity/Q1930,Ottawa,http://www.wikidata.org/entity/Q7647162,Survival: A Thematic Guide to Canadian Literature,,,,
http://www.wikidata.org/entity/Q183492,Margaret Atwood,,,http://www.wikidata.org/entity/Q1930,Ottawa,http://www.wikidata.org/entity/Q7743645,The Journals of Susanna Moodie,,,,
http://www.wikidata.org/entity/Q183492,Margaret Atwood,,,http://www.wikidata.org/entity/Q1930,Ottawa,http://www.wikidata.org/entity/Q7745059,The Labrador Fiasco,,,http://www.wikidata.org/entity/Q1860,en
http://www.wikidata.org/entity/Q183492,Margaret Atwood,,,http://www.wikidata.org/entity/Q1930,Ottawa,http://www.wikidata.org/entity/Q7858666,Two-Headed Poems,,,,
http://www.wikidata.org/entity/Q183492,Margaret Atwood,,,http://www.wikidata.org/entity/Q953088,Essex County,http://www.wikidata.org/entity/Q7575409,Speeches for Doctor Frankenstein,,,,
http://www.wikidata.org/entity/Q183492,Margaret Atwood,,,http://www.wikidata.org/entity/Q1930,Ottawa,http://www.wikidata.org/entity/Q7884145,Unearthing Suite,,,,
http://www.wikidata.org/entity/Q183492,Margaret Atwood,,,http://www.wikidata.org/entity/Q953088,Essex County,http://www.wikidata.org/entity/Q7647162,Survival: A Thematic Guide to Canadian Literature,,,,
http://www.wikidata.org/entity/Q183492,Margaret Atwood,,,http://www.wikidata.org/entity/Q953088,Essex County,http://www.wikidata.org/entity/Q7743645,The Journals of Susanna Moodie,,,,
http://www.wikidata.org/entity/Q183492,Margaret Atwood,,,http://www.wikidata.org/entity/Q953088,Essex County,http://www.wikidata.org/entity/Q7858666,Two-Headed Poems,,,,
http://www.wikidata.org/entity/Q183492,Margaret Atwood,,,http://www.wikidata.org/entity/Q953088,Essex County,http://www.wikidata.org/entity/Q7884145,Unearthing Suite,,,,
http://www.wikidata.org/entity/Q183492,Margaret Atwood,,,http://www.wikidata.org/entity/Q172,Toronto,http://www.wikidata.org/entity/Q6470478,Lady Oracle,,,http://www.wikidata.org/entity/Q1860,en
http://www.wikidata.org/entity/Q183492,Margaret Atwood,,,http://www.wikidata.org/entity/Q1930,Ottawa,http://www.wikidata.org/entity/Q16204596,MaddAddam,,,http://www.wikidata.org/entity/Q1860,en
http://www.wikidata.org/entity/Q183492,Margaret Atwood,,,http://www.wikidata.org/entity/Q1930,Ottawa,http://www.wikidata.org/entity/Q16209753,Moral Disorder,,,http://www.wikidata.org/entity/Q1860,en
http://www.wikidata.org/entity/Q183492,Margaret Atwood,,,http://www.wikidata.org/entity/Q1930,Ottawa,http://www.wikidata.org/entity/Q16210105,Power Politics,,,http://www.wikidata.org/entity/Q1860,en
http://www.wikidata.org/entity/Q183492,Margaret Atwood,,,http://www.wikidata.org/entity/Q953088,Essex County,http://www.wikidata.org/entity/Q12345731,Bluebeard's Egg,,,http://www.wikidata.org/entity/Q1860,en
http://www.wikidata.org/entity/Q183492,Margaret Atwood,,,http://www.wikidata.org/entity/Q172,Toronto,http://www.wikidata.org/entity/Q7731579,The Edible Woman,,,http://www.wikidata.org/entity/Q1321,es
http://www.wikidata.org/entity/Q183492,Margaret Atwood,,,http://www.wikidata.org/entity/Q1930,Ottawa,http://www.wikidata.org/entity/Q7156692,Payback: Debt and the Shadow Side of Wealth,,,http://www.wikidata.org/entity/Q1860,en
http://www.wikidata.org/entity/Q183492,Margaret Atwood,,,http://www.wikidata.org/entity/Q953088,Essex County,http://www.wikidata.org/entity/Q6987436,Negotiating with the Dead,,,http://www.wikidata.org/entity/Q1860,en
http://www.wikidata.org/entity/Q183492,Margaret Atwood,,,http://www.wikidata.org/entity/Q953088,Essex County,http://www.wikidata.org/entity/Q8038547,"Writing with Intent: Essays, Reviews, Personal Prose--1983-2005",,,http://www.wikidata.org/entity/Q1860,en
http://www.wikidata.org/entity/Q183492,Margaret Atwood,,,http://www.wikidata.org/entity/Q953088,Essex County,http://www.wikidata.org/entity/Q21065489,The Heart Goes Last,,,http://www.wikidata.org/entity/Q1860,en
http://www.wikidata.org/entity/Q183492,Margaret Atwood,,,http://www.wikidata.org/entity/Q1930,Ottawa,http://www.wikidata.org/entity/Q5652676,Happy Endings,,,http://www.wikidata.org/entity/Q1860,en
http://www.wikidata.org/entity/Q183492,Margaret Atwood,,,http://www.wikidata.org/entity/Q172,Toronto,http://www.wikidata.org/entity/Q12345731,Bluebeard's Egg,,,http://www.wikidata.org/entity/Q1860,en
http://www.wikidata.org/entity/Q183492,Margaret Atwood,,,http://www.wikidata.org/entity/Q172,Toronto,http://www.wikidata.org/entity/Q6987436,Negotiating with the Dead,,,http://www.wikidata.org/entity/Q1860,en
http://www.wikidata.org/entity/Q183492,Margaret Atwood,,,http://www.wikidata.org/entity/Q953088,Essex County,http://www.wikidata.org/entity/Q8001165,Wilderness Tips,,,http://www.wikidata.org/entity/Q1860,en
http://www.wikidata.org/entity/Q183492,Margaret Atwood,,,http://www.wikidata.org/entity/Q172,Toronto,http://www.wikidata.org/entity/Q7730678,The Door,,,,
http://www.wikidata.org/entity/Q183492,Margaret Atwood,,,http://www.wikidata.org/entity/Q172,Toronto,http://www.wikidata.org/entity/Q8038547,"Writing with Intent: Essays, Reviews, Personal Prose--1983-2005",,,http://www.wikidata.org/entity/Q1860,en
http://www.wikidata.org/entity/Q183492,Margaret Atwood,,,http://www.wikidata.org/entity/Q172,Toronto,http://www.wikidata.org/entity/Q7847527,True Stories,,,,
http://www.wikidata.org/entity/Q183492,Margaret Atwood,,,http://www.wikidata.org/entity/Q172,Toronto,http://www.wikidata.org/entity/Q21065489,The Heart Goes Last,,,http://www.wikidata.org/entity/Q1860,en
http://www.wikidata.org/entity/Q183492,Margaret Atwood,,,http://www.wikidata.org/entity/Q953088,Essex County,http://www.wikidata.org/entity/Q5582448,Good Bones,,,http://www.wikidata.org/entity/Q1860,en
http://www.wikidata.org/entity/Q183492,Margaret Atwood,,,http://www.wikidata.org/entity/Q1930,Ottawa,http://www.wikidata.org/entity/Q7646051,Surfacing,,,http://www.wikidata.org/entity/Q1860,en
http://www.wikidata.org/entity/Q183492,Margaret Atwood,,,http://www.wikidata.org/entity/Q172,Toronto,http://www.wikidata.org/entity/Q6937764,Murder in the Dark,,,,
http://www.wikidata.org/entity/Q183492,Margaret Atwood,,,http://www.wikidata.org/entity/Q953088,Essex County,http://www.wikidata.org/entity/Q7293881,Rape Fantasies,,,http://www.wikidata.org/entity/Q1860,en
http://www.wikidata.org/entity/Q183492,Margaret Atwood,,,http://www.wikidata.org/entity/Q172,Toronto,http://www.wikidata.org/entity/Q7713834,The Animals in That Country,,,,
http://www.wikidata.org/entity/Q183492,Margaret Atwood,,,http://www.wikidata.org/entity/Q1930,Ottawa,http://www.wikidata.org/entity/Q6470478,Lady Oracle,,,http://www.wikidata.org/entity/Q1860,en
http://www.wikidata.org/entity/Q183492,Margaret Atwood,,,http://www.wikidata.org/entity/Q172,Toronto,http://www.wikidata.org/entity/Q8001165,Wilderness Tips,,,http://www.wikidata.org/entity/Q1860,en
http://www.wikidata.org/entity/Q183492,Margaret Atwood,,,http://www.wikidata.org/entity/Q172,Toronto,http://www.wikidata.org/entity/Q7723073,The Circle Game,,,,
http://www.wikidata.org/entity/Q183492,Margaret Atwood,,,http://www.wikidata.org/entity/Q172,Toronto,http://www.wikidata.org/entity/Q5582448,Good Bones,,,http://www.wikidata.org/entity/Q1860,en
http://www.wikidata.org/entity/Q183492,Margaret Atwood,,,http://www.wikidata.org/entity/Q953088,Essex County,http://www.wikidata.org/entity/Q7760302,The Resplendent Quetzal,,,http://www.wikidata.org/entity/Q44676,Canadian English
http://www.wikidata.org/entity/Q183492,Margaret Atwood,,,http://www.wikidata.org/entity/Q1930,Ottawa,http://www.wikidata.org/entity/Q7731579,The Edible Woman,,,http://www.wikidata.org/entity/Q1321,es
http://www.wikidata.org/entity/Q183492,Margaret Atwood,,,http://www.wikidata.org/entity/Q172,Toronto,http://www.wikidata.org/entity/Q18154621,Stone Mattress,,,,
http://www.wikidata.org/entity/Q183492,Margaret Atwood,,,http://www.wikidata.org/entity/Q172,Toronto,http://www.wikidata.org/entity/Q7293881,Rape Fantasies,,,http://www.wikidata.org/entity/Q1860,en
http://www.wikidata.org/entity/Q183492,Margaret Atwood,,,http://www.wikidata.org/entity/Q172,Toronto,http://www.wikidata.org/entity/Q16203052,Good Bones and Simple Murders,,,,
http://www.wikidata.org/entity/Q183492,Margaret Atwood,,,http://www.wikidata.org/entity/Q172,Toronto,http://www.wikidata.org/entity/Q16203812,Interlunar,,,,
http://www.wikidata.org/entity/Q183492,Margaret Atwood,,,http://www.wikidata.org/entity/Q953088,Essex County,http://www.wikidata.org/entity/Q7745059,The Labrador Fiasco,,,http://www.wikidata.org/entity/Q1860,en
http://www.wikidata.org/entity/Q183492,Margaret Atwood,,,http://www.wikidata.org/entity/Q172,Toronto,http://www.wikidata.org/entity/Q7760302,The Resplendent Quetzal,,,http://www.wikidata.org/entity/Q44676,Canadian English
http://www.wikidata.org/entity/Q183492,Margaret Atwood,,,http://www.wikidata.org/entity/Q172,Toronto,http://www.wikidata.org/entity/Q5500877,Freeforall,,,,
http://www.wikidata.org/entity/Q183492,Margaret Atwood,,,http://www.wikidata.org/entity/Q953088,Essex County,http://www.wikidata.org/entity/Q16204596,MaddAddam,,,http://www.wikidata.org/entity/Q1860,en
http://www.wikidata.org/entity/Q183492,Margaret Atwood,,,http://www.wikidata.org/entity/Q1930,Ottawa,http://www.wikidata.org/entity/Q12345731,Bluebeard's Egg,,,http://www.wikidata.org/entity/Q1860,en
http://www.wikidata.org/entity/Q183492,Margaret Atwood,,,http://www.wikidata.org/entity/Q1930,Ottawa,http://www.wikidata.org/entity/Q6987436,Negotiating with the Dead,,,http://www.wikidata.org/entity/Q1860,en
http://www.wikidata.org/entity/Q183492,Margaret Atwood,,,http://www.wikidata.org/entity/Q953088,Essex County,http://www.wikidata.org/entity/Q16209753,Moral Disorder,,,http://www.wikidata.org/entity/Q1860,en
http://www.wikidata.org/entity/Q183492,Margaret Atwood,,,http://www.wikidata.org/entity/Q953088,Essex County,http://www.wikidata.org/entity/Q16210105,Power Politics,,,http://www.wikidata.org/entity/Q1860,en
http://www.wikidata.org/entity/Q183492,Margaret Atwood,,,http://www.wikidata.org/entity/Q953088,Essex County,http://www.wikidata.org/entity/Q7156692,Payback: Debt and the Shadow Side of Wealth,,,http://www.wikidata.org/entity/Q1860,en
http://www.wikidata.org/entity/Q183492,Margaret Atwood,,,http://www.wikidata.org/entity/Q172,Toronto,http://www.wikidata.org/entity/Q6912926,Morning in the Burned House,,,,
http://www.wikidata.org/entity/Q183492,Margaret Atwood,,,http://www.wikidata.org/entity/Q172,Toronto,http://www.wikidata.org/entity/Q7247162,Procedures for Underground,,,,
http://www.wikidata.org/entity/Q183492,Margaret Atwood,,,http://www.wikidata.org/entity/Q1930,Ottawa,http://www.wikidata.org/entity/Q7730678,The Door,,,,
http://www.wikidata.org/entity/Q183492,Margaret Atwood,,,http://www.wikidata.org/entity/Q1930,Ottawa,http://www.wikidata.org/entity/Q8038547,"Writing with Intent: Essays, Reviews, Personal Prose--1983-2005",,,http://www.wikidata.org/entity/Q1860,en
http://www.wikidata.org/entity/Q183492,Margaret Atwood,,,http://www.wikidata.org/entity/Q1930,Ottawa,http://www.wikidata.org/entity/Q7847527,True Stories,,,,
http://www.wikidata.org/entity/Q183492,Margaret Atwood,,,http://www.wikidata.org/entity/Q172,Toronto,http://www.wikidata.org/entity/Q7575409,Speeches for Doctor Frankenstein,,,,
http://www.wikidata.org/entity/Q183492,Margaret Atwood,,,http://www.wikidata.org/entity/Q172,Toronto,http://www.wikidata.org/entity/Q7647162,Survival: A Thematic Guide to Canadian Literature,,,,
http://www.wikidata.org/entity/Q183492,Margaret Atwood,,,http://www.wikidata.org/entity/Q953088,Essex County,http://www.wikidata.org/entity/Q7730678,The Door,,,,
http://www.wikidata.org/entity/Q183492,Margaret Atwood,,,http://www.wikidata.org/entity/Q172,Toronto,http://www.wikidata.org/entity/Q7745059,The Labrador Fiasco,,,http://www.wikidata.org/entity/Q1860,en
http://www.wikidata.org/entity/Q183492,Margaret Atwood,,,http://www.wikidata.org/entity/Q1930,Ottawa,http://www.wikidata.org/entity/Q21065489,The Heart Goes Last,,,http://www.wikidata.org/entity/Q1860,en
http://www.wikidata.org/entity/Q183492,Margaret Atwood,,,http://www.wikidata.org/entity/Q172,Toronto,http://www.wikidata.org/entity/Q7743645,The Journals of Susanna Moodie,,,,
http://www.wikidata.org/entity/Q183492,Margaret Atwood,,,http://www.wikidata.org/entity/Q953088,Essex County,http://www.wikidata.org/entity/Q7847527,True Stories,,,,
http://www.wikidata.org/entity/Q183492,Margaret Atwood,,,http://www.wikidata.org/entity/Q172,Toronto,http://www.wikidata.org/entity/Q7858666,Two-Headed Poems,,,,
http://www.wikidata.org/entity/Q183492,Margaret Atwood,,,http://www.wikidata.org/entity/Q172,Toronto,http://www.wikidata.org/entity/Q7884145,Unearthing Suite,,,,
http://www.wikidata.org/entity/Q183492,Margaret Atwood,,,http://www.wikidata.org/entity/Q172,Toronto,http://www.wikidata.org/entity/Q16204596,MaddAddam,,,http://www.wikidata.org/entity/Q1860,en
http://www.wikidata.org/entity/Q183492,Margaret Atwood,,,http://www.wikidata.org/entity/Q1930,Ottawa,http://www.wikidata.org/entity/Q6937764,Murder in the Dark,,,,
http://www.wikidata.org/entity/Q183492,Margaret Atwood,,,http://www.wikidata.org/entity/Q1930,Ottawa,http://www.wikidata.org/entity/Q7713834,The Animals in That Country,,,,
http://www.wikidata.org/entity/Q183492,Margaret Atwood,,,http://www.wikidata.org/entity/Q953088,Essex County,http://www.wikidata.org/entity/Q5652676,Happy Endings,,,http://www.wikidata.org/entity/Q1860,en
http://www.wikidata.org/entity/Q183492,Margaret Atwood,,,http://www.wikidata.org/entity/Q953088,Essex County,http://www.wikidata.org/entity/Q6937764,Murder in the Dark,,,,
http://www.wikidata.org/entity/Q183492,Margaret Atwood,,,http://www.wikidata.org/entity/Q953088,Essex County,http://www.wikidata.org/entity/Q7713834,The Animals in That Country,,,,
http://www.wikidata.org/entity/Q183492,Margaret Atwood,,,http://www.wikidata.org/entity/Q172,Toronto,http://www.wikidata.org/entity/Q16209753,Moral Disorder,,,http://www.wikidata.org/entity/Q1860,en
http://www.wikidata.org/entity/Q183492,Margaret Atwood,,,http://www.wikidata.org/entity/Q172,Toronto,http://www.wikidata.org/entity/Q16210105,Power Politics,,,http://www.wikidata.org/entity/Q1860,en
http://www.wikidata.org/entity/Q183492,Margaret Atwood,,,http://www.wikidata.org/entity/Q172,Toronto,http://www.wikidata.org/entity/Q7156692,Payback: Debt and the Shadow Side of Wealth,,,http://www.wikidata.org/entity/Q1860,en
http://www.wikidata.org/entity/Q183492,Margaret Atwood,,,http://www.wikidata.org/entity/Q1930,Ottawa,http://www.wikidata.org/entity/Q7723073,The Circle Game,,,,
http://www.wikidata.org/entity/Q183492,Margaret Atwood,,,http://www.wikidata.org/entity/Q1930,Ottawa,http://www.wikidata.org/entity/Q8001165,Wilderness Tips,,,http://www.wikidata.org/entity/Q1860,en
http://www.wikidata.org/entity/Q183492,Margaret Atwood,,,http://www.wikidata.org/entity/Q953088,Essex County,http://www.wikidata.org/entity/Q7723073,The Circle Game,,,,
http://www.wikidata.org/entity/Q183492,Margaret Atwood,,,http://www.wikidata.org/entity/Q1930,Ottawa,http://www.wikidata.org/entity/Q5582448,Good Bones,,,http://www.wikidata.org/entity/Q1860,en
