work,workLabel,relation,date,language,languageLabel,country,countryLabel,place,placeLabel,lat,lon,origWork,origTitle
http://www.wikidata.org/entity/Q3203753,The Man Who Laughs,based_on,2012-01-01T00:00:00Z,,,http://www.wikidata.org/entity/Q142,France,,,,,http://www.wikidata.org/entity/Q865211,The Man Who Laughs
http://www.wikidata.org/entity/Q1193096,Les Misérables,based_on,1998-12-24T00:00:00Z,,,http://www.wikidata.org/entity/Q145,United Kingdom,,,,,http://www.wikidata.org/entity/Q180736,Les Misérables
http://www.wikidata.org/entity/Q2655886,La Esmeralda,based_on,,,,,,,,,,http://www.wikidata.org/entity/Q191380,The Hunchback of Notre Dame
http://www.wikidata.org/entity/Q3655152,Les Misérables,based_on,1917-01-01T00:00:00Z,,,http://www.wikidata.org/entity/Q30,United States,,,,,http://www.wikidata.org/entity/Q180736,Les Misérables
http://www.wikidata.org/entity/Q3791024,I miserabili,based_on,1964-01-01T00:00:00Z,,,http://www.wikidata.org/entity/Q38,Italy,,,,,http://www.wikidata.org/entity/Q180736,Les Misérables
http://www.wikidata.org/entity/Q1193937,The Hunchback of Notre Dame II,based_on,2002-03-19T00:00:00Z,,,http://www.wikidata.org/entity/Q30,United States,,,,,http://www.wikidata.org/entity/Q191380,The Hunchback of Notre Dame
http://www.wikidata.org/entity/Q1193096,Les Misérables,based_on,1998-01-01T00:00:00Z,,,http://www.wikidata.org/entity/Q183,Germany,,,,,http://www.wikidata.org/entity/Q180736,Les Misérables
http://www.wikidata.org/entity/Q1170086,Phantom of the Paradise,based_on,1975-09-22T00:00:00Z,,,http://www.wikidata.org/entity/Q30,United States,,,,,http://www.wikidata.org/entity/Q191380,The Hunchback of Notre Dame
http://www.wikidata.org/entity/Q637613,Il castello di Kenilworth,based_on,1850-01-01T00:00:00Z,http://www.wikidata.org/entity/Q652,Italian,http://www.wikidata.org/entity/Q38,Italy,,,,,http://www.wikidata.org/entity/Q22683431,Amy Robsart
http://www.wikidata.org/entity/Q3222155,Q3222155,based_on,2007-01-01T00:00:00Z,,,,,,,,,http://www.wikidata.org/entity/Q1199417,The Last Day of a Condemned Man
http://www.wikidata.org/entity/Q748840,La Gioconda,based_on,1850-01-01T00:00:00Z,http://www.wikidata.org/entity/Q652,Italian,http://www.wikidata.org/entity/Q38,Italy,,,,,http://www.wikidata.org/entity/Q2849443,"Angelo, Tyrant of Padua"
http://www.wikidata.org/entity/Q1170086,Phantom of the Paradise,based_on,1975-04-28T00:00:00Z,,,http://www.wikidata.org/entity/Q30,United States,,,,,http://www.wikidata.org/entity/Q191380,The Hunchback of Notre Dame
http://www.wikidata.org/entity/Q3203755,The Man Who Laughs,based_on,1966-01-01T00:00:00Z,,,http://www.wikidata.org/entity/Q38,Italy,,,,,http://www.wikidata.org/entity/Q865211,The Man Who Laughs
http://www.wikidata.org/entity/Q1114422,Les Misérables,based_on,1982-01-01T00:00:00Z,,,http://www.wikidata.org/entity/Q713750,West Germany,,,,,http://www.wikidata.org/entity/Q180736,Les Misérables
http://www.wikidata.org/entity/Q3413385,Quasimodo d'El Paris,based_on,1999-01-01T00:00:00Z,,,http://www.wikidata.org/entity/Q142,France,,,,,http://www.wikidata.org/entity/Q191380,The Hunchback of Notre Dame
http://www.wikidata.org/entity/Q1114422,Les Misérables,based_on,1983-10-28T00:00:00Z,,,http://www.wikidata.org/entity/Q142,France,,,,,http://www.wikidata.org/entity/Q180736,Les Misérables
http://www.wikidata.org/entity/Q288425,The Hunchback of Notre Dame,based_on,1923-12-23T00:00:00Z,,,http://www.wikidata.org/entity/Q30,United States,,,,,http://www.wikidata.org/entity/Q191380,The Hunchback of Notre Dame
http://www.wikidata.org/entity/Q1170086,Phantom of the Paradise,based_on,1975-05-31T00:00:00Z,,,http://www.wikidata.org/entity/Q30,United States,,,,,http://www.wikidata.org/entity/Q191380,The Hunchback of Notre Dame
http://www.wikidata.org/entity/Q1217117,Les Misérables,based_on,1934-02-03T00:00:00Z,,,http://www.wikidata.org/entity/Q142,France,,,,,http://www.wikidata.org/entity/Q180736,Les Misérables
http://www.wikidata.org/entity/Q2394581,Les Misérables,based_on,1958-03-12T00:00:00Z,,,http://www.wikidata.org/entity/Q16957,German Democratic Republic,,,,,http://www.wikidata.org/entity/Q180736,Les Misérables
http://www.wikidata.org/entity/Q549722,Les Misérables,based_on,2000-01-01T00:00:00Z,,,http://www.wikidata.org/entity/Q142,France,,,,,http://www.wikidata.org/entity/Q180736,Les Misérables
http://www.wikidata.org/entity/Q1469058,Il giuramento,based_on,1850-01-01T00:00:00Z,http://www.wikidata.org/entity/Q652,Italian,,,,,,,http://www.wikidata.org/entity/Q2849443,"Angelo, Tyrant of Padua"
http://www.wikidata.org/entity/Q1170086,Phantom of the Paradise,based_on,1974-11-01T00:00:00Z,,,http://www.wikidata.org/entity/Q30,United States,,,,,http://www.wikidata.org/entity/Q191380,The Hunchback of Notre Dame
http://www.wikidata.org/entity/Q1170086,Phantom of the Paradise,based_on,1976-04-22T00:00:00Z,,,http://www.wikidata.org/entity/Q30,United States,,,,,http://www.wikidata.org/entity/Q191380,The Hunchback of Notre Dame
http://www.wikidata.org/entity/Q3222156,Le Dernier jour d'un condamné,based_on,2010-01-01T00:00:00Z,http://www.wikidata.org/entity/Q150,French,http://www.wikidata.org/entity/Q142,France,,,,,http://www.wikidata.org/entity/Q1199417,The Last Day of a Condemned Man
http://www.wikidata.org/entity/Q260008,The Hunchback,based_on,1997-01-01T00:00:00Z,,,http://www.wikidata.org/entity/Q28,Hungary,,,,,http://www.wikidata.org/entity/Q191380,The Hunchback of Notre Dame
http://www.wikidata.org/entity/Q1217117,Les Misérables,based_on,1933-01-01T00:00:00Z,,,http://www.wikidata.org/entity/Q142,France,,,,,http://www.wikidata.org/entity/Q180736,Les Misérables
http://www.wikidata.org/entity/Q1170086,Phantom of the Paradise,based_on,1975-02-25T00:00:00Z,,,http://www.wikidata.org/entity/Q30,United States,,,,,http://www.wikidata.org/entity/Q191380,The Hunchback of Notre Dame
http://www.wikidata.org/entity/Q260008,The Hunchback,based_on,1997-01-01T00:00:00Z,,,http://www.wikidata.org/entity/Q16,Canada,,,,,http://www.wikidata.org/entity/Q191380,The Hunchback of Notre Dame
http://www.wikidata.org/entity/Q705247,Delusions of Grandeur,based_on,1971-01-01T00:00:00Z,,,http://www.wikidata.org/entity/Q38,Italy,,,,,http://www.wikidata.org/entity/Q3085278,Ruy Blas
http://www.wikidata.org/entity/Q705247,Delusions of Grandeur,based_on,1971-01-01T00:00:00Z,,,http://www.wikidata.org/entity/Q142,France,,,,,http://www.wikidata.org/entity/Q3085278,Ruy Blas
http://www.wikidata.org/entity/Q2285344,Maria Tudor,based_on,,http://www.wikidata.org/entity/Q652,Italian,,,,,,,http://www.wikidata.org/entity/Q3292828,Marie Tudor
http://www.wikidata.org/entity/Q1550554,Esmeralda,based_on,1905-01-01T00:00:00Z,,,http://www.wikidata.org/entity/Q142,France,,,,,http://www.wikidata.org/entity/Q191380,The Hunchback of Notre Dame
http://www.wikidata.org/entity/Q3203751,Q3203751,based_on,2007-01-01T00:00:00Z,,,,,,,,,http://www.wikidata.org/entity/Q865211,The Man Who Laughs
http://www.wikidata.org/entity/Q2394581,Les Misérables,based_on,1958-03-12T00:00:00Z,,,http://www.wikidata.org/entity/Q38,Italy,,,,,http://www.wikidata.org/entity/Q180736,Les Misérables
http://www.wikidata.org/entity/Q2394581,Les Misérables,based_on,1958-03-12T00:00:00Z,,,http://www.wikidata.org/entity/Q142,France,,,,,http://www.wikidata.org/entity/Q180736,Les Misérables
http://www.wikidata.org/entity/Q3210195,La Légende de la nonne,based_on,1956-01-01T00:00:00Z,http://www.wikidata.org/entity/Q150,French,http://www.wikidata.org/entity/Q142,France,,,,,http://www.wikidata.org/entity/Q122827969,
http://www.wikidata.org/entity/Q1164043,The Hunchback of Notre Dame,based_on,,http://www.wikidata.org/entity/Q188,German,,,,,,,http://www.wikidata.org/entity/Q191380,The Hunchback of Notre Dame
http://www.wikidata.org/entity/Q1170086,Phantom of the Paradise,based_on,1975-04-25T00:00:00Z,,,http://www.wikidata.org/entity/Q30,United States,,,,,http://www.wikidata.org/entity/Q191380,The Hunchback of Notre Dame
http://www.wikidata.org/entity/Q2902294,Big Man on Campus,based_on,1989-01-01T00:00:00Z,,,http://www.wikidata.org/entity/Q30,United States,,,,,http://www.wikidata.org/entity/Q191380,The Hunchback of Notre Dame
http://www.wikidata.org/entity/Q1809883,The Man Who Laughs,based_on,1928-01-01T00:00:00Z,,,http://www.wikidata.org/entity/Q30,United States,,,,,http://www.wikidata.org/entity/Q865211,The Man Who Laughs
http://www.wikidata.org/entity/Q685501,Lucrezia Borgia,based_on,1850-01-01T00:00:00Z,http://www.wikidata.org/entity/Q652,Italian,http://www.wikidata.org/entity/Q38,Italy,,,,,http://www.wikidata.org/entity/Q3265982,Lucrèce Borgia
http://www.wikidata.org/entity/Q3202117,Q3202117,based_on,1985-01-01T00:00:00Z,,,,,,,,,http://www.wikidata.org/entity/Q3202120,L'Année terrible
http://www.wikidata.org/entity/Q3197893,Klokkeren fra Notre Dame,based_on,,http://www.wikidata.org/entity/Q9035,Danish,,,,,,,http://www.wikidata.org/entity/Q191380,The Hunchback of Notre Dame
http://www.wikidata.org/entity/Q378748,The Hunchback of Notre-Dame,based_on,1982-01-01T00:00:00Z,,,http://www.wikidata.org/entity/Q30,United States,,,,,http://www.wikidata.org/entity/Q191380,The Hunchback of Notre Dame
http://www.wikidata.org/entity/Q2918663,Don César de Bazan,based_on,1850-01-01T00:00:00Z,http://www.wikidata.org/entity/Q150,French,,,,,,,http://www.wikidata.org/entity/Q3085278,Ruy Blas
http://www.wikidata.org/entity/Q1193096,Les Misérables,based_on,1998-01-01T00:00:00Z,,,http://www.wikidata.org/entity/Q30,United States,,,,,http://www.wikidata.org/entity/Q180736,Les Misérables
http://www.wikidata.org/entity/Q830581,Les Misérables,based_on,,http://www.wikidata.org/entity/Q150,French,,,,,,,http://www.wikidata.org/entity/Q180736,Les Misérables
http://www.wikidata.org/entity/Q1193096,Les Misérables,based_on,1998-12-24T00:00:00Z,,,http://www.wikidata.org/entity/Q183,Germany,,,,,http://www.wikidata.org/entity/Q180736,Les Misérables
http://www.wikidata.org/entity/Q956955,Les Misérables,based_on,1952-01-01T00:00:00Z,,,http://www.wikidata.org/entity/Q30,United States,,,,,http://www.wikidata.org/entity/Q180736,Les Misérables
http://www.wikidata.org/entity/Q3232145,Les Djinns,based_on,,,,,,,,,,http://www.wikidata.org/entity/Q21015353,Les Djinns
http://www.wikidata.org/entity/Q705247,Delusions of Grandeur,based_on,1971-01-01T00:00:00Z,,,http://www.wikidata.org/entity/Q29,Spain,,,,,http://www.wikidata.org/entity/Q3085278,Ruy Blas
http://www.wikidata.org/entity/Q705247,Delusions of Grandeur,based_on,1971-01-01T00:00:00Z,,,http://www.wikidata.org/entity/Q183,Germany,,,,,http://www.wikidata.org/entity/Q3085278,Ruy Blas
http://www.wikidata.org/entity/Q1170086,Phantom of the Paradise,based_on,1975-08-07T00:00:00Z,,,http://www.wikidata.org/entity/Q30,United States,,,,,http://www.wikidata.org/entity/Q191380,The Hunchback of Notre Dame
http://www.wikidata.org/entity/Q259574,Les Misérables,based_on,1935-04-03T00:00:00Z,,,http://www.wikidata.org/entity/Q30,United States,,,,,http://www.wikidata.org/entity/Q180736,Les Misérables
http://www.wikidata.org/entity/Q3233878,Les Misérables,based_on,1948-01-01T00:00:00Z,,,http://www.wikidata.org/entity/Q38,Italy,,,,,http://www.wikidata.org/entity/Q180736,Les Misérables
http://www.wikidata.org/entity/Q1170086,Phantom of the Paradise,based_on,1975-08-14T00:00:00Z,,,http://www.wikidata.org/entity/Q30,United States,,,,,http://www.wikidata.org/entity/Q191380,The Hunchback of Notre Dame
http://www.wikidata.org/entity/Q1114422,Les Misérables,based_on,1983-10-28T00:00:00Z,,,http://www.wikidata.org/entity/Q713750,West Germany,,,,,http://www.wikidata.org/entity/Q180736,Les Misérables
http://www.wikidata.org/entity/Q3233877,Les Misérables,based_on,1926-01-01T00:00:00Z,,,http://www.wikidata.org/entity/Q142,France,,,,,http://www.wikidata.org/entity/Q180736,Les Misérables
http://www.wikidata.org/entity/Q3233880,Les Misérables,based_on,1972-01-01T00:00:00Z,,,http://www.wikidata.org/entity/Q142,France,,,,,http://www.wikidata.org/entity/Q180736,Les Misérables
http://www.wikidata.org/entity/Q3233882,Les Misérables,based_on,1992-01-01T00:00:00Z,,,http://www.wikidata.org/entity/Q142,France,,,,,http://www.wikidata.org/entity/Q180736,Les Misérables
http://www.wikidata.org/entity/Q3655089,Les Misérables,based_on,1909-01-01T00:00:00Z,,,http://www.wikidata.org/entity/Q30,United States,,,,,http://www.wikidata.org/entity/Q180736,Les Misérables
http://www.wikidata.org/entity/Q288425,The Hunchback of Notre Dame,based_on,1923-09-06T00:00:00Z,,,http://www.wikidata.org/entity/Q30,United States,,,,,http://www.wikidata.org/entity/Q191380,The Hunchback of Notre Dame
http://www.wikidata.org/entity/Q3208503,La Esmeralda,based_on,1850-01-01T00:00:00Z,http://www.wikidata.org/entity/Q150,French,,,,,,,http://www.wikidata.org/entity/Q191380,The Hunchback of Notre Dame
http://www.wikidata.org/entity/Q378748,The Hunchback of Notre-Dame,based_on,1982-01-01T00:00:00Z,,,http://www.wikidata.org/entity/Q145,United Kingdom,,,,,http://www.wikidata.org/entity/Q191380,The Hunchback of Notre Dame
http://www.wikidata.org/entity/Q1170086,Phantom of the Paradise,based_on,1975-05-11T00:00:00Z,,,http://www.wikidata.org/entity/Q30,United States,,,,,http://www.wikidata.org/entity/Q191380,The Hunchback of Notre Dame
http://www.wikidata.org/entity/Q3655415,Les Misérables,based_on,,,,http://www.wikidata.org/entity/Q30,United States,,,,,http://www.wikidata.org/entity/Q180736,Les Misérables
http://www.wikidata.org/entity/Q1193096,Les Misérables,based_on,1998-01-01T00:00:00Z,,,http://www.wikidata.org/entity/Q145,United Kingdom,,,,,http://www.wikidata.org/entity/Q180736,Les Misérables
http://www.wikidata.org/entity/Q1170086,Phantom of the Paradise,based_on,1975-10-31T00:00:00Z,,,http://www.wikidata.org/entity/Q30,United States,,,,,http://www.wikidata.org/entity/Q191380,The Hunchback of Notre Dame
http://www.wikidata.org/entity/Q189234,Rigoletto,based_on,1850-01-01T00:00:00Z,http://www.wikidata.org/entity/Q652,Italian,http://www.wikidata.org/entity/Q38,Italy,,,,,http://www.wikidata.org/entity/Q1473603,Le roi s'amuse
http://www.wikidata.org/entity/Q3203753,The Man Who Laughs,based_on,2012-01-01T00:00:00Z,,,http://www.wikidata.org/entity/Q213,Czech Republic,,,,,http://www.wikidata.org/entity/Q865211,The Man Who Laughs
http://www.wikidata.org/entity/Q4131330,Gavroche,based_on,1937-01-01T00:00:00Z,,,http://www.wikidata.org/entity/Q15180,Soviet Union,,,,,http://www.wikidata.org/entity/Q180736,Les Misérables
http://www.wikidata.org/entity/Q1324552,Les Misérables: Shōjo Cosette,based_on,,,,http://www.wikidata.org/entity/Q17,Japan,,,,,http://www.wikidata.org/entity/Q180736,Les Misérables
http://www.wikidata.org/entity/Q5398514,Esmeralda,based_on,1922-01-01T00:00:00Z,,,http://www.wikidata.org/entity/Q145,United Kingdom,,,,,http://www.wikidata.org/entity/Q191380,The Hunchback of Notre Dame
http://www.wikidata.org/entity/Q260008,The Hunchback,based_on,1997-01-01T00:00:00Z,,,http://www.wikidata.org/entity/Q30,United States,,,,,http://www.wikidata.org/entity/Q191380,The Hunchback of Notre Dame
http://www.wikidata.org/entity/Q3344682,Q3344682,based_on,,,,,,,,,,http://www.wikidata.org/entity/Q191380,The Hunchback of Notre Dame
http://www.wikidata.org/entity/Q1780602,Les Misérables,based_on,1995-01-01T00:00:00Z,,,http://www.wikidata.org/entity/Q142,France,,,,,http://www.wikidata.org/entity/Q180736,Les Misérables
http://www.wikidata.org/entity/Q1170086,Phantom of the Paradise,based_on,1975-06-13T00:00:00Z,,,http://www.wikidata.org/entity/Q30,United States,,,,,http://www.wikidata.org/entity/Q191380,The Hunchback of Notre Dame
http://www.wikidata.org/entity/Q611439,Les Misérables,based_on,1978-12-27T00:00:00Z,,,http://www.wikidata.org/entity/Q145,United Kingdom,,,,,http://www.wikidata.org/entity/Q180736,Les Misérables
http://www.wikidata.org/entity/Q1114422,Les Misérables,based_on,1982-01-01T00:00:00Z,,,http://www.wikidata.org/entity/Q142,France,,,,,http://www.wikidata.org/entity/Q180736,Les Misérables
http://www.wikidata.org/entity/Q3203754,L'Homme qui rit,based_on,1971-01-01T00:00:00Z,,,http://www.wikidata.org/entity/Q142,France,,,,,http://www.wikidata.org/entity/Q865211,The Man Who Laughs
http://www.wikidata.org/entity/Q827436,Giselle,based_on,,http://www.wikidata.org/entity/Q150,French,,,,,,,http://www.wikidata.org/entity/Q21044920,
http://www.wikidata.org/entity/Q1170086,Phantom of the Paradise,based_on,1976-05-12T00:00:00Z,,,http://www.wikidata.org/entity/Q30,United States,,,,,http://www.wikidata.org/entity/Q191380,The Hunchback of Notre Dame
http://www.wikidata.org/entity/Q1193924,The Hunchback of Notre Dame,based_on,1939-01-01T00:00:00Z,,,http://www.wikidata.org/entity/Q30,United States,,,,,http://www.wikidata.org/entity/Q191380,The Hunchback of Notre Dame
http://www.wikidata.org/entity/Q1193096,Les Misérables,based_on,1998-12-24T00:00:00Z,,,http://www.wikidata.org/entity/Q30,United States,,,,,http://www.wikidata.org/entity/Q180736,Les Misérables
http://www.wikidata.org/entity/Q5350825,Les Misérables,based_on,1944-01-01T00:00:00Z,,,http://www.wikidata.org/entity/Q79,Egypt,,,,,http://www.wikidata.org/entity/Q180736,Les Misérables
http://www.wikidata.org/entity/Q213787,The Hunchback of Notre Dame,based_on,1996-06-21T00:00:00Z,,,http://www.wikidata.org/entity/Q30,United States,,,,,http://www.wikidata.org/entity/Q191380,The Hunchback of Notre Dame
http://www.wikidata.org/entity/Q260008,The Hunchback,based_on,1997-01-01T00:00:00Z,,,http://www.wikidata.org/entity/Q213,Czech Republic,,,,,http://www.wikidata.org/entity/Q191380,The Hunchback of Notre Dame
http://www.wikidata.org/entity/Q288425,The Hunchback of Notre Dame,based_on,1923-11-19T00:00:00Z,,,http://www.wikidata.org/entity/Q30,United States,,,,,http://www.wikidata.org/entity/Q191380,The Hunchback of Notre Dame
http://www.wikidata.org/entity/Q3233876,Les Misérables,based_on,1913-01-01T00:00:00Z,,,http://www.wikidata.org/entity/Q142,France,,,,,http://www.wikidata.org/entity/Q180736,Les Misérables
http://www.wikidata.org/entity/Q1170086,Phantom of the Paradise,based_on,1976-07-10T00:00:00Z,,,http://www.wikidata.org/entity/Q30,United States,,,,,http://www.wikidata.org/entity/Q191380,The Hunchback of Notre Dame
http://www.wikidata.org/entity/Q211279,Ernani,based_on,1850-01-01T00:00:00Z,http://www.wikidata.org/entity/Q652,Italian,http://www.wikidata.org/entity/Q38,Italy,,,,,http://www.wikidata.org/entity/Q1125255,Hernani
http://www.wikidata.org/entity/Q288425,The Hunchback of Notre Dame,based_on,1923-09-02T00:00:00Z,,,http://www.wikidata.org/entity/Q30,United States,,,,,http://www.wikidata.org/entity/Q191380,The Hunchback of Notre Dame
http://www.wikidata.org/entity/Q3927326,The Magical Adventures of Quasimodo,based_on,1996-01-01T00:00:00Z,,,http://www.wikidata.org/entity/Q142,France,,,,,http://www.wikidata.org/entity/Q191380,The Hunchback of Notre Dame
http://www.wikidata.org/entity/Q1193923,The Hunchback of Notre Dame,based_on,1956-12-19T00:00:00Z,,,http://www.wikidata.org/entity/Q38,Italy,,,,,http://www.wikidata.org/entity/Q191380,The Hunchback of Notre Dame
http://www.wikidata.org/entity/Q1193923,The Hunchback of Notre Dame,based_on,1956-12-19T00:00:00Z,,,http://www.wikidata.org/entity/Q142,France,,,,,http://www.wikidata.org/entity/Q191380,The Hunchback of Notre Dame
http://www.wikidata.org/entity/Q288425,The Hunchback of Notre Dame,based_on,1923-01-01T00:00:00Z,,,http://www.wikidata.org/entity/Q30,United States,,,,,http://www.wikidata.org/entity/Q191380,The Hunchback of Notre Dame
http://www.wikidata.org/entity/Q769086,Notre-Dame de Paris,based_on,,http://www.wikidata.org/entity/Q150,French,,,,,,,http://www.wikidata.org/entity/Q191380,The Hunchback of Notre Dame
http://www.wikidata.org/entity/Q1170086,Phantom of the Paradise,based_on,1975-07-25T00:00:00Z,,,http://www.wikidata.org/entity/Q30,United States,,,,,http://www.wikidata.org/entity/Q191380,The Hunchback of Notre Dame
http://www.wikidata.org/entity/Q3453685,Ruy Blas,based_on,1850-01-01T00:00:00Z,http://www.wikidata.org/entity/Q652,Italian,http://www.wikidata.org/entity/Q38,Italy,,,,,http://www.wikidata.org/entity/Q3085278,Ruy Blas
http://www.wikidata.org/entity/Q28039173,Q28039173,edition_or_translation_of,1912-01-01T00:00:00Z,http://www.wikidata.org/entity/Q150,French,,,,,,,http://www.wikidata.org/entity/Q122827969,
http://www.wikidata.org/entity/Q28039149,Q28039149,edition_or_translation_of,1912-01-01T00:00:00Z,http://www.wikidata.org/entity/Q150,French,,,,,,,http://www.wikidata.org/entity/Q112333642,
http://www.wikidata.org/entity/Q19555072,Q19555072,edition_or_translation_of,,http://www.wikidata.org/entity/Q5146,Portuguese,,,,,,,http://www.wikidata.org/entity/Q56165213,
http://www.wikidata.org/entity/Q19124768,Q19124768,edition_or_translation_of,,http://www.wikidata.org/entity/Q150,French,,,,,,,http://www.wikidata.org/entity/Q117247115,
http://www.wikidata.org/entity/Q19186655,Q19186655,edition_or_translation_of,1912-01-01T00:00:00Z,http://www.wikidata.org/entity/Q150,French,,,,,,,http://www.wikidata.org/entity/Q122802448,
http://www.wikidata.org/entity/Q7740963,The Hunchback of Notre Dame,based_on,1986-01-01T00:00:00Z,,,http://www.wikidata.org/entity/Q30,United States,,,,,http://www.wikidata.org/entity/Q191380,The Hunchback of Notre Dame
http://www.wikidata.org/entity/Q7740945,The Hunchback of Notre Dame,based_on,1911-01-01T00:00:00Z,,,http://www.wikidata.org/entity/Q142,France,,,,,http://www.wikidata.org/entity/Q191380,The Hunchback of Notre Dame
http://www.wikidata.org/entity/Q19197458,Q19197458,edition_or_translation_of,1911-01-01T00:00:00Z,http://www.wikidata.org/entity/Q150,French,,,,,,,http://www.wikidata.org/entity/Q55975979,
http://www.wikidata.org/entity/Q19126136,Q19126136,edition_or_translation_of,1911-01-01T00:00:00Z,http://www.wikidata.org/entity/Q150,French,,,,,,,http://www.wikidata.org/entity/Q112333188,
http://www.wikidata.org/entity/Q28039164,Q28039164,edition_or_translation_of,1912-01-01T00:00:00Z,http://www.wikidata.org/entity/Q150,French,,,,,,,http://www.wikidata.org/entity/Q122806307,
http://www.wikidata.org/entity/Q19224989,Q19224989,edition_or_translation_of,1912-01-01T00:00:00Z,http://www.wikidata.org/entity/Q150,French,,,,,,,http://www.wikidata.org/entity/Q56165271,
http://www.wikidata.org/entity/Q19222854,Q19222854,edition_or_translation_of,1912-01-01T00:00:00Z,http://www.wikidata.org/entity/Q150,French,,,,,,,http://www.wikidata.org/entity/Q56164816,
http://www.wikidata.org/entity/Q19236662,Q19236662,edition_or_translation_of,1911-01-01T00:00:00Z,http://www.wikidata.org/entity/Q150,French,,,,,,,http://www.wikidata.org/entity/Q55973118,
http://www.wikidata.org/entity/Q19208506,Q19208506,edition_or_translation_of,,http://www.wikidata.org/entity/Q150,French,,,,,,,http://www.wikidata.org/entity/Q117802332,
http://www.wikidata.org/entity/Q19235780,Q19235780,edition_or_translation_of,1909-01-01T00:00:00Z,http://www.wikidata.org/entity/Q150,French,,,,,,,http://www.wikidata.org/entity/Q55964705,
http://www.wikidata.org/entity/Q19129576,Q19129576,edition_or_translation_of,1912-01-01T00:00:00Z,http://www.wikidata.org/entity/Q150,French,,,,,,,http://www.wikidata.org/entity/Q122801805,
http://www.wikidata.org/entity/Q19214396,Q19214396,edition_or_translation_of,1912-01-01T00:00:00Z,http://www.wikidata.org/entity/Q150,French,,,,,,,http://www.wikidata.org/entity/Q20933641,
http://www.wikidata.org/entity/Q19227234,Q19227234,edition_or_translation_of,1912-01-01T00:00:00Z,http://www.wikidata.org/entity/Q150,French,,,,,,,http://www.wikidata.org/entity/Q56165290,
http://www.wikidata.org/entity/Q19129735,Q19129735,edition_or_translation_of,1912-01-01T00:00:00Z,http://www.wikidata.org/entity/Q150,French,,,,,,,http://www.wikidata.org/entity/Q122802140,
http://www.wikidata.org/entity/Q19128376,Q19128376,edition_or_translation_of,1912-01-01T00:00:00Z,http://www.wikidata.org/entity/Q150,French,,,,,,,http://www.wikidata.org/entity/Q122803000,
http://www.wikidata.org/entity/Q19232406,Q19232406,edition_or_translation_of,1909-01-01T00:00:00Z,http://www.wikidata.org/entity/Q150,French,,,,,,,http://www.wikidata.org/entity/Q21275535,Sunsets
http://www.wikidata.org/entity/Q19125073,Q19125073,edition_or_translation_of,1908-01-01T00:00:00Z,http://www.wikidata.org/entity/Q150,French,,,,,,,http://www.wikidata.org/entity/Q112314148,
http://www.wikidata.org/entity/Q19129422,Q19129422,edition_or_translation_of,1911-01-01T00:00:00Z,http://www.wikidata.org/entity/Q150,French,,,,,,,http://www.wikidata.org/entity/Q55974021,
http://www.wikidata.org/entity/Q28039189,Q28039189,edition_or_translation_of,,http://www.wikidata.org/entity/Q150,French,,,,,,,http://www.wikidata.org/entity/Q117257019,
http://www.wikidata.org/entity/Q19130836,Q19130836,edition_or_translation_of,1911-01-01T00:00:00Z,http://www.wikidata.org/entity/Q150,French,,,,,,,http://www.wikidata.org/entity/Q55974056,
http://www.wikidata.org/entity/Q28039160,Q28039160,edition_or_translation_of,1912-01-01T00:00:00Z,http://www.wikidata.org/entity/Q150,French,,,,,,,http://www.wikidata.org/entity/Q112229851,
http://www.wikidata.org/entity/Q19184233,Q19184233,edition_or_translation_of,,http://www.wikidata.org/entity/Q150,French,,,,,,,http://www.wikidata.org/entity/Q3086219,La Légende des siècles
http://www.wikidata.org/entity/Q19237939,Q19237939,edition_or_translation_of,1912-01-01T00:00:00Z,http://www.wikidata.org/entity/Q150,French,,,,,,,http://www.wikidata.org/entity/Q123146281,
http://www.wikidata.org/entity/Q19191477,Q19191477,edition_or_translation_of,1912-01-01T00:00:00Z,http://www.wikidata.org/entity/Q150,French,,,,,,,http://www.wikidata.org/entity/Q122801757,
http://www.wikidata.org/entity/Q19536810,Q19536810,edition_or_translation_of,1893-01-01T00:00:00Z,http://www.wikidata.org/entity/Q9056,Czech,,,,,,,http://www.wikidata.org/entity/Q112333188,
http://www.wikidata.org/entity/Q20933624,Q20933624,edition_or_translation_of,1819-01-01T00:00:00Z,http://www.wikidata.org/entity/Q150,French,,,,,,,http://www.wikidata.org/entity/Q20933641,
http://www.wikidata.org/entity/Q28039136,Q28039136,edition_or_translation_of,1912-01-01T00:00:00Z,http://www.wikidata.org/entity/Q150,French,,,,,,,http://www.wikidata.org/entity/Q112333461,
http://www.wikidata.org/entity/Q28039174,Q28039174,edition_or_translation_of,1912-01-01T00:00:00Z,http://www.wikidata.org/entity/Q150,French,,,,,,,http://www.wikidata.org/entity/Q56165649,
http://www.wikidata.org/entity/Q19239519,Q19239519,edition_or_translation_of,1908-01-01T00:00:00Z,http://www.wikidata.org/entity/Q150,French,,,,,,,http://www.wikidata.org/entity/Q117083404,
http://www.wikidata.org/entity/Q19177222,Q19177222,edition_or_translation_of,1927-01-01T00:00:00Z,http://www.wikidata.org/entity/Q150,French,,,,,,,http://www.wikidata.org/entity/Q3205081,L'Âne
http://www.wikidata.org/entity/Q15725806,Q15725806,edition_or_translation_of,,http://www.wikidata.org/entity/Q9056,Czech,,,,,,,http://www.wikidata.org/entity/Q55963962,La tombe dit à la rose
http://www.wikidata.org/entity/Q20459162,Bakti,based_on,1950-04-01T00:00:00Z,,,http://www.wikidata.org/entity/Q833,Malaysia,,,,,http://www.wikidata.org/entity/Q180736,Les Misérables
http://www.wikidata.org/entity/Q19127211,Q19127211,edition_or_translation_of,1911-01-01T00:00:00Z,http://www.wikidata.org/entity/Q150,French,,,,,,,http://www.wikidata.org/entity/Q51451668,
http://www.wikidata.org/entity/Q19198456,Q19198456,edition_or_translation_of,1912-01-01T00:00:00Z,http://www.wikidata.org/entity/Q150,French,,,,,,,http://www.wikidata.org/entity/Q122802155,
http://www.wikidata.org/entity/Q28039155,Q28039155,edition_or_translation_of,1912-01-01T00:00:00Z,http://www.wikidata.org/entity/Q150,French,,,,,,,http://www.wikidata.org/entity/Q111210520,
http://www.wikidata.org/entity/Q19199240,Q19199240,edition_or_translation_of,1912-01-01T00:00:00Z,http://www.wikidata.org/entity/Q150,French,,,,,,,http://www.wikidata.org/entity/Q122802751,
http://www.wikidata.org/entity/Q19198667,Q19198667,edition_or_translation_of,1842-01-01T00:00:00Z,http://www.wikidata.org/entity/Q150,French,,,,,,,http://www.wikidata.org/entity/Q1248539,Le Rhin
http://www.wikidata.org/entity/Q19127458,Q19127458,edition_or_translation_of,1911-01-01T00:00:00Z,http://www.wikidata.org/entity/Q150,French,,,,,,,http://www.wikidata.org/entity/Q55972200,
http://www.wikidata.org/entity/Q19194274,Q19194274,edition_or_translation_of,1912-01-01T00:00:00Z,http://www.wikidata.org/entity/Q150,French,,,,,,,http://www.wikidata.org/entity/Q122802477,
http://www.wikidata.org/entity/Q27648808,Q27648808,edition_or_translation_of,1911-01-01T00:00:00Z,http://www.wikidata.org/entity/Q150,French,,,,,,,http://www.wikidata.org/entity/Q55975017,
http://www.wikidata.org/entity/Q19128861,Q19128861,edition_or_translation_of,1912-01-01T00:00:00Z,http://www.wikidata.org/entity/Q150,French,,,,,,,http://www.wikidata.org/entity/Q122802573,
http://www.wikidata.org/entity/Q28039185,Q28039185,edition_or_translation_of,1912-01-01T00:00:00Z,http://www.wikidata.org/entity/Q150,French,,,,,,,http://www.wikidata.org/entity/Q122802984,
http://www.wikidata.org/entity/Q19133690,Q19133690,edition_or_translation_of,1912-01-01T00:00:00Z,http://www.wikidata.org/entity/Q150,French,,,,,,,http://www.wikidata.org/entity/Q56165461,
http://www.wikidata.org/entity/Q19124832,Q19124832,edition_or_translation_of,,http://www.wikidata.org/entity/Q150,French,,,,,,,http://www.wikidata.org/entity/Q117247118,
http://www.wikidata.org/entity/Q19184272,Q19184272,edition_or_translation_of,1912-01-01T00:00:00Z,http://www.wikidata.org/entity/Q150,French,,,,,,,http://www.wikidata.org/entity/Q122802277,
http://www.wikidata.org/entity/Q10959077,Kundan,based_on,1955-01-01T00:00:00Z,,,http://www.wikidata.org/entity/Q668,India,,,,,http://www.wikidata.org/entity/Q180736,Les Misérables
http://www.wikidata.org/entity/Q28039161,Q28039161,edition_or_translation_of,1912-01-01T00:00:00Z,http://www.wikidata.org/entity/Q150,French,,,,,,,http://www.wikidata.org/entity/Q122801798,
http://www.wikidata.org/entity/Q19211067,Q19211067,edition_or_translation_of,1912-01-01T00:00:00Z,http://www.wikidata.org/entity/Q150,French,,,,,,,http://www.wikidata.org/entity/Q122802664,
http://www.wikidata.org/entity/Q27648826,Q27648826,edition_or_translation_of,1911-01-01T00:00:00Z,http://www.wikidata.org/entity/Q150,French,,,,,,,http://www.wikidata.org/entity/Q52772605,L'enfance
http://www.wikidata.org/entity/Q28039129,Q28039129,edition_or_translation_of,1912-01-01T00:00:00Z,http://www.wikidata.org/entity/Q150,French,,,,,,,http://www.wikidata.org/entity/Q2974970,Clair de lune
http://www.wikidata.org/entity/Q19191692,Q19191692,edition_or_translation_of,1882-01-01T00:00:00Z,http://www.wikidata.org/entity/Q150,French,,,,,,,http://www.wikidata.org/entity/Q112229254,
http://www.wikidata.org/entity/Q19129951,Q19129951,edition_or_translation_of,1911-01-01T00:00:00Z,http://www.wikidata.org/entity/Q150,French,,,,,,,http://www.wikidata.org/entity/Q55974053,
http://www.wikidata.org/entity/Q19196988,Q19196988,edition_or_translation_of,1859-01-01T00:00:00Z,http://www.wikidata.org/entity/Q150,French,,,,,,,http://www.wikidata.org/entity/Q120061270,
http://www.wikidata.org/entity/Q19186881,Q19186881,edition_or_translation_of,1912-01-01T00:00:00Z,http://www.wikidata.org/entity/Q150,French,,,,,,,http://www.wikidata.org/entity/Q122801621,
http://www.wikidata.org/entity/Q19129674,Q19129674,edition_or_translation_of,1912-01-01T00:00:00Z,http://www.wikidata.org/entity/Q150,French,,,,,,,http://www.wikidata.org/entity/Q56165213,
http://www.wikidata.org/entity/Q19224488,Q19224488,edition_or_translation_of,1912-01-01T00:00:00Z,http://www.wikidata.org/entity/Q150,French,,,,,,,http://www.wikidata.org/entity/Q56165671,
http://www.wikidata.org/entity/Q7740963,The Hunchback of Notre Dame,based_on,1986-01-01T00:00:00Z,,,http://www.wikidata.org/entity/Q408,Australia,,,,,http://www.wikidata.org/entity/Q191380,The Hunchback of Notre Dame
http://www.wikidata.org/entity/Q28039127,Q28039127,edition_or_translation_of,1912-01-01T00:00:00Z,http://www.wikidata.org/entity/Q150,French,,,,,,,http://www.wikidata.org/entity/Q123668812,
http://www.wikidata.org/entity/Q18162810,Notre Dame de Paris,based_on,,,,,,,,,,http://www.wikidata.org/entity/Q191380,The Hunchback of Notre Dame
http://www.wikidata.org/entity/Q28039190,Q28039190,edition_or_translation_of,1912-01-01T00:00:00Z,http://www.wikidata.org/entity/Q150,French,,,,,,,http://www.wikidata.org/entity/Q122801435,
http://www.wikidata.org/entity/Q19227285,Q19227285,edition_or_translation_of,1927-01-01T00:00:00Z,http://www.wikidata.org/entity/Q150,French,,,,,,,http://www.wikidata.org/entity/Q7311276,Religions et religion
http://www.wikidata.org/entity/Q6760955,"Maria, regina d'Inghilterra",based_on,,http://www.wikidata.org/entity/Q652,Italian,,,,,,,http://www.wikidata.org/entity/Q3292828,Marie Tudor
http://www.wikidata.org/entity/Q19178823,Q19178823,edition_or_translation_of,1912-01-01T00:00:00Z,http://www.wikidata.org/entity/Q150,French,,,,,,,http://www.wikidata.org/entity/Q87990719,
http://www.wikidata.org/entity/Q7740949,The Hunchback of Notre Dame,based_on,1977-01-01T00:00:00Z,http://www.wikidata.org/entity/Q1860,English,http://www.wikidata.org/entity/Q30,United States,,,,,http://www.wikidata.org/entity/Q191380,The Hunchback of Notre Dame
http://www.wikidata.org/entity/Q23704729,Mary Tudor,edition_or_translation_of,1909-01-01T00:00:00Z,http://www.wikidata.org/entity/Q1860,English,,,,,,,http://www.wikidata.org/entity/Q3292828,Marie Tudor
http://www.wikidata.org/entity/Q28039166,Q28039166,edition_or_translation_of,1912-01-01T00:00:00Z,http://www.wikidata.org/entity/Q150,French,,,,,,,http://www.wikidata.org/entity/Q56165255,
http://www.wikidata.org/entity/Q19526654,Q19526654,edition_or_translation_of,1893-01-01T00:00:00Z,http://www.wikidata.org/entity/Q9056,Czech,,,,,,,http://www.wikidata.org/entity/Q112314148,
http://www.wikidata.org/entity/Q18163576,Les Misérables,based_on,1967-01-01T00:00:00Z,,,http://www.wikidata.org/entity/Q145,United Kingdom,,,,,http://www.wikidata.org/entity/Q180736,Les Misérables
http://www.wikidata.org/entity/Q19186717,Q19186717,edition_or_translation_of,1912-01-01T00:00:00Z,http://www.wikidata.org/entity/Q150,French,,,,,,,http://www.wikidata.org/entity/Q122801607,
http://www.wikidata.org/entity/Q19183931,The Spanish War,edition_or_translation_of,1912-01-01T00:00:00Z,http://www.wikidata.org/entity/Q150,French,,,,,,,http://www.wikidata.org/entity/Q122802385,
http://www.wikidata.org/entity/Q19226202,Q19226202,edition_or_translation_of,1911-01-01T00:00:00Z,http://www.wikidata.org/entity/Q150,French,,,,,,,http://www.wikidata.org/entity/Q55974007,
http://www.wikidata.org/entity/Q19197455,Q19197455,edition_or_translation_of,1912-01-01T00:00:00Z,http://www.wikidata.org/entity/Q150,French,,,,,,,http://www.wikidata.org/entity/Q56165533,
http://www.wikidata.org/entity/Q28039109,Q28039109,edition_or_translation_of,1912-01-01T00:00:00Z,http://www.wikidata.org/entity/Q150,French,,,,,,,http://www.wikidata.org/entity/Q112315424,
http://www.wikidata.org/entity/Q19133159,Q19133159,edition_or_translation_of,1912-01-01T00:00:00Z,http://www.wikidata.org/entity/Q150,French,,,,,,,http://www.wikidata.org/entity/Q122802764,
http://www.wikidata.org/entity/Q28039172,Q28039172,edition_or_translation_of,1912-01-01T00:00:00Z,http://www.wikidata.org/entity/Q150,French,,,,,,,http://www.wikidata.org/entity/Q112321857,
http://www.wikidata.org/entity/Q14468057,The Grinning Face,based_on,1921-01-01T00:00:00Z,,,http://www.wikidata.org/entity/Q40,Austria,,,,,http://www.wikidata.org/entity/Q865211,The Man Who Laughs
http://www.wikidata.org/entity/Q19218382,Q19218382,edition_or_translation_of,1911-01-01T00:00:00Z,http://www.wikidata.org/entity/Q150,French,,,,,,,http://www.wikidata.org/entity/Q22248876,
http://www.wikidata.org/entity/Q19179812,L’Homme qui rit,edition_or_translation_of,1907-01-01T00:00:00Z,http://www.wikidata.org/entity/Q150,French,,,,,,,http://www.wikidata.org/entity/Q865211,The Man Who Laughs
http://www.wikidata.org/entity/Q19045068,"Cromwell (Hugo, tr. Ives)",edition_or_translation_of,1909-01-01T00:00:00Z,http://www.wikidata.org/entity/Q1860,English,,,,,,,http://www.wikidata.org/entity/Q449717,Cromwell
http://www.wikidata.org/entity/Q19125225,Q19125225,edition_or_translation_of,1911-01-01T00:00:00Z,http://www.wikidata.org/entity/Q150,French,,,,,,,http://www.wikidata.org/entity/Q102042570,
http://www.wikidata.org/entity/Q18640402,The Toilers,based_on,1919-01-01T00:00:00Z,,,http://www.wikidata.org/entity/Q145,United Kingdom,,,,,http://www.wikidata.org/entity/Q1211109,Toilers of the Sea
http://www.wikidata.org/entity/Q19124295,Q19124295,edition_or_translation_of,,http://www.wikidata.org/entity/Q150,French,,,,,,,http://www.wikidata.org/entity/Q117256533,
http://www.wikidata.org/entity/Q5980991,Les Misérables,based_on,,http://www.wikidata.org/entity/Q1321,Spanish,http://www.wikidata.org/entity/Q96,Mexico,,,,,http://www.wikidata.org/entity/Q180736,Les Misérables
http://www.wikidata.org/entity/Q23704863,Marie Tudor,edition_or_translation_of,1905-01-01T00:00:00Z,http://www.wikidata.org/entity/Q150,French,,,,,,,http://www.wikidata.org/entity/Q3292828,Marie Tudor
http://www.wikidata.org/entity/Q19210454,Q19210454,edition_or_translation_of,1872-01-01T00:00:00Z,http://www.wikidata.org/entity/Q150,French,,,,,,,http://www.wikidata.org/entity/Q101333769,
http://www.wikidata.org/entity/Q28039167,Q28039167,edition_or_translation_of,1912-01-01T00:00:00Z,http://www.wikidata.org/entity/Q150,French,,,,,,,http://www.wikidata.org/entity/Q122801929,
http://www.wikidata.org/entity/Q19199246,Q19199246,edition_or_translation_of,1859-01-01T00:00:00Z,http://www.wikidata.org/entity/Q150,French,,,,,,,http://www.wikidata.org/entity/Q77973869,Le Sacre de la femme
http://www.wikidata.org/entity/Q19190443,La Vendée,edition_or_translation_of,1912-01-01T00:00:00Z,http://www.wikidata.org/entity/Q150,French,,,,,,,http://www.wikidata.org/entity/Q122800193,
http://www.wikidata.org/entity/Q27648965,Les Contemplations,edition_or_translation_of,1911-01-01T00:00:00Z,http://www.wikidata.org/entity/Q150,French,,,,,,,http://www.wikidata.org/entity/Q3231725,Les Contemplations
http://www.wikidata.org/entity/Q19197481,Q19197481,edition_or_translation_of,1912-01-01T00:00:00Z,http://www.wikidata.org/entity/Q150,French,,,,,,,http://www.wikidata.org/entity/Q87990101,
http://www.wikidata.org/entity/Q19198482,Q19198482,edition_or_translation_of,1912-01-01T00:00:00Z,http://www.wikidata.org/entity/Q150,French,,,,,,,http://www.wikidata.org/entity/Q20925643,
http://www.wikidata.org/entity/Q19128936,Q19128936,edition_or_translation_of,1912-01-01T00:00:00Z,http://www.wikidata.org/entity/Q150,French,,,,,,,http://www.wikidata.org/entity/Q122802594,
http://www.wikidata.org/entity/Q27648858,Q27648858,edition_or_translation_of,1911-01-01T00:00:00Z,http://www.wikidata.org/entity/Q150,French,,,,,,,http://www.wikidata.org/entity/Q112333519,
http://www.wikidata.org/entity/Q19128098,Q19128098,edition_or_translation_of,1912-01-01T00:00:00Z,http://www.wikidata.org/entity/Q150,French,,,,,,,http://www.wikidata.org/entity/Q122802401,
http://www.wikidata.org/entity/Q7729064,The Darling of Paris,based_on,1917-01-01T00:00:00Z,,,http://www.wikidata.org/entity/Q30,United States,,,,,http://www.wikidata.org/entity/Q191380,The Hunchback of Notre Dame
http://www.wikidata.org/entity/Q101097040,Marie Tudor,edition_or_translation_of,,http://www.wikidata.org/entity/Q150,French,,,,,,,http://www.wikidata.org/entity/Q3292828,Marie Tudor
http://www.wikidata.org/entity/Q55873889,Q55873889,edition_or_translation_of,1909-01-01T00:00:00Z,http://www.wikidata.org/entity/Q150,French,,,,,,,http://www.wikidata.org/entity/Q3236145,Les Voix intérieures
http://www.wikidata.org/entity/Q124130554,Q124130554,edition_or_translation_of,,http://www.wikidata.org/entity/Q9091,Belarusian,,,,,,,http://www.wikidata.org/entity/Q199940,Ninety-three
http://www.wikidata.org/entity/Q110831571,Q110831571,edition_or_translation_of,,http://www.wikidata.org/entity/Q150,French,,,,,,,http://www.wikidata.org/entity/Q3062105,
http://www.wikidata.org/entity/Q115426515,Quasi,based_on,2023-04-20T00:00:00Z,,,http://www.wikidata.org/entity/Q30,United States,,,,,http://www.wikidata.org/entity/Q191380,The Hunchback of Notre Dame
http://www.wikidata.org/entity/Q97606109,Q97606109,based_on,1904-01-01T00:00:00Z,,,,,,,,,http://www.wikidata.org/entity/Q180736,Les Misérables
http://www.wikidata.org/entity/Q112322349,Q112322349,edition_or_translation_of,,http://www.wikidata.org/entity/Q1860,English,,,,,,,http://www.wikidata.org/entity/Q112321857,
http://www.wikidata.org/entity/Q55977627,Q55977627,edition_or_translation_of,1911-01-01T00:00:00Z,http://www.wikidata.org/entity/Q150,French,,,,,,,http://www.wikidata.org/entity/Q19148019,Claire
http://www.wikidata.org/entity/Q122798097,Q122798097,edition_or_translation_of,1927-01-01T00:00:00Z,http://www.wikidata.org/entity/Q150,French,,,,,,,http://www.wikidata.org/entity/Q122801034,
http://www.wikidata.org/entity/Q115652311,Ruth et Booz,based_on,1870-01-01T00:00:00Z,,,,,,,,,http://www.wikidata.org/entity/Q2910564,
http://www.wikidata.org/entity/Q52772009,Aux anges qui nous voient,edition_or_translation_of,1911-01-01T00:00:00Z,http://www.wikidata.org/entity/Q150,French,,,,,,,http://www.wikidata.org/entity/Q94579403,
http://www.wikidata.org/entity/Q60543995,Mary Tudor,based_on,1920-12-13T00:00:00Z,,,http://www.wikidata.org/entity/Q183,Germany,,,,,http://www.wikidata.org/entity/Q3292828,Marie Tudor
http://www.wikidata.org/entity/Q45035786,The Fool's Revenge,edition_or_translation_of,1868-01-01T00:00:00Z,http://www.wikidata.org/entity/Q1860,English,,,,,,,http://www.wikidata.org/entity/Q1473603,Le roi s'amuse
http://www.wikidata.org/entity/Q133295386,Q133295386,edition_or_translation_of,1928-01-01T00:00:00Z,,,,,,,,,http://www.wikidata.org/entity/Q191380,The Hunchback of Notre Dame
http://www.wikidata.org/entity/Q55120636,Q55120636,edition_or_translation_of,1901-01-01T00:00:00Z,http://www.wikidata.org/entity/Q9056,Czech,,,,,,,http://www.wikidata.org/entity/Q112333461,
http://www.wikidata.org/entity/Q56166062,Q56166062,edition_or_translation_of,1912-01-01T00:00:00Z,http://www.wikidata.org/entity/Q150,French,,,,,,,http://www.wikidata.org/entity/Q3085613,Les Orientales
http://www.wikidata.org/entity/Q124477354,Ringaren i Notre-Dame,edition_or_translation_of,1979-01-01T00:00:00Z,http://www.wikidata.org/entity/Q9027,Swedish,,,,,,,http://www.wikidata.org/entity/Q191380,The Hunchback of Notre Dame
http://www.wikidata.org/entity/Q42193524,Das Nordlicht,based_on,1910-01-01T00:00:00Z,,,,,,,,,http://www.wikidata.org/entity/Q3086219,La Légende des siècles
http://www.wikidata.org/entity/Q55120549,Q55120549,edition_or_translation_of,1901-01-01T00:00:00Z,http://www.wikidata.org/entity/Q9056,Czech,,,,,,,http://www.wikidata.org/entity/Q112333519,
http://www.wikidata.org/entity/Q67210406,Q67210406,edition_or_translation_of,1910-01-01T00:00:00Z,http://www.wikidata.org/entity/Q150,French,,,,,,,http://www.wikidata.org/entity/Q1219303,Bug-Jargal
http://www.wikidata.org/entity/Q110242745,Dieu,edition_or_translation_of,1891-01-01T00:00:00Z,http://www.wikidata.org/entity/Q150,French,,,,,,,http://www.wikidata.org/entity/Q3027560,Dieu
http://www.wikidata.org/entity/Q48699790,The Grinning Man,based_on,,,,,,,,,,http://www.wikidata.org/entity/Q865211,The Man Who Laughs
http://www.wikidata.org/entity/Q54819864,Q54819864,edition_or_translation_of,1901-01-01T00:00:00Z,http://www.wikidata.org/entity/Q9056,Czech,,,,,,,http://www.wikidata.org/entity/Q27648795,
http://www.wikidata.org/entity/Q63522269,Q63522269,based_on,2008-01-01T00:00:00Z,,,,,,,,,http://www.wikidata.org/entity/Q865211,The Man Who Laughs
http://www.wikidata.org/entity/Q117257122,Q117257122,edition_or_translation_of,,http://www.wikidata.org/entity/Q1412,Finnish,,,,,,,http://www.wikidata.org/entity/Q117257019,
http://www.wikidata.org/entity/Q112322426,Q112322426,edition_or_translation_of,1880-01-01T00:00:00Z,http://www.wikidata.org/entity/Q1860,English,,,,,,,http://www.wikidata.org/entity/Q112321857,
http://www.wikidata.org/entity/Q55003688,Q55003688,edition_or_translation_of,1901-01-01T00:00:00Z,http://www.wikidata.org/entity/Q9056,Czech,,,,,,,http://www.wikidata.org/entity/Q112315424,
http://www.wikidata.org/entity/Q110810896,The Last Day of a Condemned Man,translation_of,1840-01-01T00:00:00Z,http://www.wikidata.org/entity/Q1860,English,,,,,,,http://www.wikidata.org/entity/Q1199417,The Last Day of a Condemned Man
http://www.wikidata.org/entity/Q63719309,Quasimodo Saving Esmeralda from the Hands of Her Executioners,based_on,1832-01-01T00:00:00Z,,,,,,,,,http://www.wikidata.org/entity/Q191380,The Hunchback of Notre Dame
http://www.wikidata.org/entity/Q130732768,Q130732768,based_on,,http://www.wikidata.org/entity/Q9056,Czech,,,,,,,http://www.wikidata.org/entity/Q180736,Les Misérables
http://www.wikidata.org/entity/Q115652264,Albaydé,based_on,1848-01-01T00:00:00Z,,,,,,,,,http://www.wikidata.org/entity/Q3085613,Les Orientales
http://www.wikidata.org/entity/Q55873886,Q55873886,edition_or_translation_of,1909-01-01T00:00:00Z,http://www.wikidata.org/entity/Q150,French,,,,,,,http://www.wikidata.org/entity/Q3231373,
http://www.wikidata.org/entity/Q107001189,Q107001189,based_on,1956-01-01T00:00:00Z,http://www.wikidata.org/entity/Q188,German,,,,,,,http://www.wikidata.org/entity/Q865211,The Man Who Laughs
http://www.wikidata.org/entity/Q60543995,Mary Tudor,based_on,1921-10-01T00:00:00Z,,,http://www.wikidata.org/entity/Q183,Germany,,,,,http://www.wikidata.org/entity/Q3292828,Marie Tudor
http://www.wikidata.org/entity/Q122802672,Q122802672,edition_or_translation_of,1912-01-01T00:00:00Z,http://www.wikidata.org/entity/Q150,French,,,,,,,http://www.wikidata.org/entity/Q3349153,Odes et Ballades
http://www.wikidata.org/entity/Q122781649,Q122781649,edition_or_translation_of,1927-01-01T00:00:00Z,http://www.wikidata.org/entity/Q150,French,,,,,,,http://www.wikidata.org/entity/Q3225182,Le Pape
http://www.wikidata.org/entity/Q109043932,Q109043932,based_on,1834-01-01T00:00:00Z,,,,,,,,,http://www.wikidata.org/entity/Q28039203,Sara la baigneuse
http://www.wikidata.org/entity/Q55873891,Q55873891,edition_or_translation_of,1909-01-01T00:00:00Z,http://www.wikidata.org/entity/Q150,French,,,,,,,http://www.wikidata.org/entity/Q69693723,
http://www.wikidata.org/entity/Q110363511,"Hans of Iceland; or, the demon dwarf",edition_or_translation_of,1845-01-01T00:00:00Z,http://www.wikidata.org/entity/Q1860,English,,,,,,,http://www.wikidata.org/entity/Q110363470,"Hans of Iceland; or, the demon dwarf"
http://www.wikidata.org/entity/Q67210416,Q67210416,edition_or_translation_of,1876-01-01T00:00:00Z,http://www.wikidata.org/entity/Q150,French,,,,,,,http://www.wikidata.org/entity/Q1219303,Bug-Jargal
http://www.wikidata.org/entity/Q97606119,Q97606119,based_on,1833-01-01T00:00:00Z,,,,,,,,,http://www.wikidata.org/entity/Q191380,The Hunchback of Notre Dame
http://www.wikidata.org/entity/Q56071529,Q56071529,edition_or_translation_of,1912-01-01T00:00:00Z,http://www.wikidata.org/entity/Q150,French,,,,,,,http://www.wikidata.org/entity/Q21015353,Les Djinns
http://www.wikidata.org/entity/Q117817705,Arm Joe,based_on,1998-01-01T00:00:00Z,http://www.wikidata.org/entity/Q5287,Japanese,http://www.wikidata.org/entity/Q17,Japan,,,,,http://www.wikidata.org/entity/Q180736,Les Misérables
http://www.wikidata.org/entity/Q55964152,Q55964152,edition_or_translation_of,,http://www.wikidata.org/entity/Q9067,Hungarian,,,,,,,http://www.wikidata.org/entity/Q55963962,La tombe dit à la rose
http://www.wikidata.org/entity/Q131995395,Q131995395,based_on,,,,http://www.wikidata.org/entity/Q142,France,,,,,http://www.wikidata.org/entity/Q180736,Les Misérables
http://www.wikidata.org/entity/Q110293298,Don Caesar de Bazan,based_on,1845-01-01T00:00:00Z,http://www.wikidata.org/entity/Q1860,English,http://www.wikidata.org/entity/Q174193,United Kingdom of Great Britain and Ireland,,,,,http://www.wikidata.org/entity/Q3085278,Ruy Blas
http://www.wikidata.org/entity/Q108896771,"Hugo's ""Child at Play""",edition_or_translation_of,1904-01-01T00:00:00Z,http://www.wikidata.org/entity/Q1860,English,,,,,,,http://www.wikidata.org/entity/Q52772605,L'enfance
http://www.wikidata.org/entity/Q33056131,Q33056131,edition_or_translation_of,1848-01-01T00:00:00Z,http://www.wikidata.org/entity/Q188,German,,,,,,,http://www.wikidata.org/entity/Q2974970,Clair de lune
http://www.wikidata.org/entity/Q55120744,Q55120744,edition_or_translation_of,1901-01-01T00:00:00Z,http://www.wikidata.org/entity/Q9056,Czech,,,,,,,http://www.wikidata.org/entity/Q112333642,
http://www.wikidata.org/entity/Q33056162,Q33056162,edition_or_translation_of,1848-01-01T00:00:00Z,http://www.wikidata.org/entity/Q150,French,,,,,,,http://www.wikidata.org/entity/Q112229851,
http://www.wikidata.org/entity/Q42193524,Das Nordlicht,based_on,1921-01-01T00:00:00Z,,,,,,,,,http://www.wikidata.org/entity/Q3086219,La Légende des siècles
http://www.wikidata.org/entity/Q67210425,Q67210425,edition_or_translation_of,1910-01-01T00:00:00Z,http://www.wikidata.org/entity/Q150,French,,,,,,,http://www.wikidata.org/entity/Q1219303,Bug-Jargal
http://www.wikidata.org/entity/Q55877886,Q55877886,edition_or_translation_of,,http://www.wikidata.org/entity/Q150,French,,,,,,,http://www.wikidata.org/entity/Q3235093,Les Rayons et les Ombres
http://www.wikidata.org/entity/Q97606110,Q97606110,based_on,1903-01-01T00:00:00Z,,,,,,,,,http://www.wikidata.org/entity/Q28039203,Sara la baigneuse
http://www.wikidata.org/entity/Q52772786,Q52772786,edition_or_translation_of,1901-01-01T00:00:00Z,http://www.wikidata.org/entity/Q9056,Czech,,,,,,,http://www.wikidata.org/entity/Q52772605,L'enfance
http://www.wikidata.org/entity/Q60543995,Mary Tudor,based_on,1920-08-01T00:00:00Z,,,http://www.wikidata.org/entity/Q183,Germany,,,,,http://www.wikidata.org/entity/Q3292828,Marie Tudor
http://www.wikidata.org/entity/Q101335436,Q101335436,edition_or_translation_of,1831-01-01T00:00:00Z,http://www.wikidata.org/entity/Q150,French,,,,,,,http://www.wikidata.org/entity/Q101333769,
http://www.wikidata.org/entity/Q55120505,Babička,edition_or_translation_of,1901-01-01T00:00:00Z,http://www.wikidata.org/entity/Q9056,Czech,,,,,,,http://www.wikidata.org/entity/Q112321857,
http://www.wikidata.org/entity/Q101097042,Le dernier jour d'un condamné,edition_or_translation_of,,http://www.wikidata.org/entity/Q150,French,,,,,,,http://www.wikidata.org/entity/Q1199417,The Last Day of a Condemned Man
http://www.wikidata.org/entity/Q60543995,Mary Tudor,based_on,1922-10-23T00:00:00Z,,,http://www.wikidata.org/entity/Q183,Germany,,,,,http://www.wikidata.org/entity/Q3292828,Marie Tudor
http://www.wikidata.org/entity/Q97606133,Q97606133,based_on,1832-01-01T00:00:00Z,,,,,,,,,http://www.wikidata.org/entity/Q191380,The Hunchback of Notre Dame
http://www.wikidata.org/entity/Q55121282,Q55121282,edition_or_translation_of,1877-01-01T00:00:00Z,http://www.wikidata.org/entity/Q9056,Czech,,,,,,,http://www.wikidata.org/entity/Q2910564,
http://www.wikidata.org/entity/Q55873887,Q55873887,edition_or_translation_of,1909-01-01T00:00:00Z,http://www.wikidata.org/entity/Q150,French,,,,,,,http://www.wikidata.org/entity/Q3232576,Les Feuilles d'automne
http://www.wikidata.org/entity/Q130725373,Q130725373,based_on,,,,,,,,,,http://www.wikidata.org/entity/Q191380,The Hunchback of Notre Dame
http://www.wikidata.org/entity/Q55120493,"Andělům, již nás nevidí",edition_or_translation_of,1901-01-01T00:00:00Z,http://www.wikidata.org/entity/Q9056,Czech,,,,,,,http://www.wikidata.org/entity/Q94579403,
http://www.wikidata.org/entity/Q55120802,Q55120802,edition_or_translation_of,1901-01-01T00:00:00Z,http://www.wikidata.org/entity/Q9056,Czech,,,,,,,http://www.wikidata.org/entity/Q69693723,
http://www.wikidata.org/entity/Q110367617,"The King's Diversion; or, le roi s'amuse",edition_or_translation_of,,http://www.wikidata.org/entity/Q1860,English,,,,,,,http://www.wikidata.org/entity/Q110367336,"The King's Diversion; or, le roi s'amuse"
http://www.wikidata.org/entity/Q78506244,Our-Daronne Paris,edition_or_translation_of,1904-01-01T00:00:00Z,http://www.wikidata.org/entity/Q150,French,,,,,,,http://www.wikidata.org/entity/Q191380,The Hunchback of Notre Dame
http://www.wikidata.org/entity/Q63522203,Q63522203,based_on,2007-01-01T00:00:00Z,,,,,,,,,http://www.wikidata.org/entity/Q865211,The Man Who Laughs
http://www.wikidata.org/entity/Q110510327,The Last Day of a Condemned,edition_or_translation_of,1848-01-15T00:00:00Z,http://www.wikidata.org/entity/Q1860,English,,,,,,,http://www.wikidata.org/entity/Q110811063,The Last Day of a Condemned
http://www.wikidata.org/entity/Q63524998,Esmeralda,based_on,,http://www.wikidata.org/entity/Q7737,Russian,,,,,,,http://www.wikidata.org/entity/Q191380,The Hunchback of Notre Dame
http://www.wikidata.org/entity/Q120734297,The Man Who Laughs (opera),based_on,2023-05-31T00:00:00Z,http://www.wikidata.org/entity/Q150,French,,,,,,,http://www.wikidata.org/entity/Q865211,The Man Who Laughs
http://www.wikidata.org/entity/Q52772664,Q52772664,edition_or_translation_of,1919-01-19T00:00:00Z,http://www.wikidata.org/entity/Q9067,Hungarian,,,,,,,http://www.wikidata.org/entity/Q52772605,L'enfance
http://www.wikidata.org/entity/Q112030691,Ruy Blas,edition_or_translation_of,1839-01-01T00:00:00Z,http://www.wikidata.org/entity/Q150,French,,,,,,,http://www.wikidata.org/entity/Q3085278,Ruy Blas
http://www.wikidata.org/entity/Q59973041,Claude,based_on,2010-01-01T00:00:00Z,http://www.wikidata.org/entity/Q150,French,,,,,,,http://www.wikidata.org/entity/Q2977508,Claude Gueux
http://www.wikidata.org/entity/Q60543995,Mary Tudor,based_on,1921-02-26T00:00:00Z,,,http://www.wikidata.org/entity/Q183,Germany,,,,,http://www.wikidata.org/entity/Q3292828,Marie Tudor
http://www.wikidata.org/entity/Q107338235,The Man Who Laughs,edition_or_translation_of,2004-06-11T00:00:00Z,http://www.wikidata.org/entity/Q1860,English,,,,,,,http://www.wikidata.org/entity/Q865211,The Man Who Laughs
http://www.wikidata.org/entity/Q110367622,"La Esmeralda; or, the Hunchback of Notre Dame",edition_or_translation_of,1839-01-01T00:00:00Z,http://www.wikidata.org/entity/Q1860,English,,,,,,,http://www.wikidata.org/entity/Q110367341,"La Esmeralda; or, the Hunchback of Notre Dame"
http://www.wikidata.org/entity/Q55964725,Q55964725,edition_or_translation_of,,http://www.wikidata.org/entity/Q13955,Arabic,,,,,,,http://www.wikidata.org/entity/Q55964705,
http://www.wikidata.org/entity/Q55964101,Q55964101,edition_or_translation_of,,http://www.wikidata.org/entity/Q143,Esperanto,,,,,,,http://www.wikidata.org/entity/Q55963962,La tombe dit à la rose
http://www.wikidata.org/entity/Q55964024,The Tomb and the Rose,edition_or_translation_of,,http://www.wikidata.org/entity/Q1860,English,,,,,,,http://www.wikidata.org/entity/Q55963962,La tombe dit à la rose
http://www.wikidata.org/entity/Q108851599,Q108851599,edition_or_translation_of,1900-01-01T00:00:00Z,http://www.wikidata.org/entity/Q809,Polish,,,,,,,http://www.wikidata.org/entity/Q112229254,
http://www.wikidata.org/entity/Q110965251,The Hunchback of Notre Dame,based_on,,http://www.wikidata.org/entity/Q1860,English,,,,,,,http://www.wikidata.org/entity/Q191380,The Hunchback of Notre Dame
http://www.wikidata.org/entity/Q112229245,Les Châtiments,edition_or_translation_of,1882-01-01T00:00:00Z,http://www.wikidata.org/entity/Q150,French,,,,,,,http://www.wikidata.org/entity/Q3231547,Les Châtiments
http://www.wikidata.org/entity/Q110392409,Cǎn shìjiè,edition_or_translation_of,1904-01-01T00:00:00Z,,,,,,,,,http://www.wikidata.org/entity/Q180736,Les Misérables
http://www.wikidata.org/entity/Q110213627,"Hans of Iceland; or, the demon dwarf",edition_or_translation_of,1845-01-01T00:00:00Z,http://www.wikidata.org/entity/Q1860,English,,,,,,,http://www.wikidata.org/entity/Q2496854,Han d'Islande
http://www.wikidata.org/entity/Q132775573,Q132775573,edition_or_translation_of,,http://www.wikidata.org/entity/Q809,Polish,,,,,,,http://www.wikidata.org/entity/Q1211109,Toilers of the Sea
http://www.wikidata.org/entity/Q109781740,Q109781740,edition_or_translation_of,1910-01-01T00:00:00Z,http://www.wikidata.org/entity/Q150,French,,,,,,,http://www.wikidata.org/entity/Q1199417,The Last Day of a Condemned Man
http://www.wikidata.org/entity/Q110510327,The Last Day of a Condemned,edition_or_translation_of,1847-12-11T00:00:00Z,http://www.wikidata.org/entity/Q1860,English,,,,,,,http://www.wikidata.org/entity/Q110811063,The Last Day of a Condemned
http://www.wikidata.org/entity/Q28039192,Q28039192,edition_or_translation_of,1912-01-01T00:00:00Z,http://www.wikidata.org/entity/Q150,French,,,,,,,http://www.wikidata.org/entity/Q122801842,
http://www.wikidata.org/entity/Q55120884,Q55120884,edition_or_translation_of,,http://www.wikidata.org/entity/Q9056,Czech,,,,,,,http://www.wikidata.org/entity/Q55873876,
http://www.wikidata.org/entity/Q97606678,Q97606678,based_on,1903-01-01T00:00:00Z,,,,,,,,,http://www.wikidata.org/entity/Q3085278,Ruy Blas
http://www.wikidata.org/entity/Q52769346,Les Misérables,based_on,,http://www.wikidata.org/entity/Q1860,English,http://www.wikidata.org/entity/Q145,United Kingdom,,,,,http://www.wikidata.org/entity/Q180736,Les Misérables
http://www.wikidata.org/entity/Q28039197,Q28039197,edition_or_translation_of,1912-01-01T00:00:00Z,http://www.wikidata.org/entity/Q150,French,,,,,,,http://www.wikidata.org/entity/Q117083410,
http://www.wikidata.org/entity/Q110367601,"Claude Gueux; or, the murder at Clairvaux",edition_or_translation_of,1845-01-01T00:00:00Z,http://www.wikidata.org/entity/Q1860,English,,,,,,,http://www.wikidata.org/entity/Q110367319,"Claude Gueux; or, the murder at Clairvaux"
http://www.wikidata.org/entity/Q55964054,Q55964054,edition_or_translation_of,1909-01-01T00:00:00Z,http://www.wikidata.org/entity/Q150,French,,,,,,,http://www.wikidata.org/entity/Q55963962,La tombe dit à la rose
http://www.wikidata.org/entity/Q55120548,Q55120548,edition_or_translation_of,1901-01-01T00:00:00Z,http://www.wikidata.org/entity/Q9056,Czech,,,,,,,http://www.wikidata.org/entity/Q112333519,
http://www.wikidata.org/entity/Q48724580,"Angelo, tyran de Padoue",based_on,,http://www.wikidata.org/entity/Q150,French,,,,,,,http://www.wikidata.org/entity/Q2849443,"Angelo, Tyrant of Padua"
http://www.wikidata.org/entity/Q116750689,Q116750689,edition_or_translation_of,1886-01-01T00:00:00Z,http://www.wikidata.org/entity/Q150,French,,,http://www.wikidata.org/entity/Q90,Paris,48.85666667,2.352222222,http://www.wikidata.org/entity/Q3208944,La Fin de Satan
http://www.wikidata.org/entity/Q75611528,Q75611528,edition_or_translation_of,1893-01-01T00:00:00Z,http://www.wikidata.org/entity/Q1321,Spanish,,,http://www.wikidata.org/entity/Q1486,Buenos Aires,-34.59972222,-58.38194444,http://www.wikidata.org/entity/Q3085278,Ruy Blas
http://www.wikidata.org/entity/Q110213865,"Hans of Iceland; or, the demon dwarf",edition_or_translation_of,1845-01-01T00:00:00Z,http://www.wikidata.org/entity/Q1860,English,,,http://www.wikidata.org/entity/Q84,London,51.50722222,-0.1275,http://www.wikidata.org/entity/Q110213627,"Hans of Iceland; or, the demon dwarf"
http://www.wikidata.org/entity/Q28234,Les Misérables,based_on,2012-12-05T00:00:00Z,,,http://www.wikidata.org/entity/Q30,United States,,,,,http://www.wikidata.org/entity/Q180736,Les Misérables
http://www.wikidata.org/entity/Q20925645,Q20925645,edition_or_translation_of,1819-01-01T00:00:00Z,http://www.wikidata.org/entity/Q150,French,,,http://www.wikidata.org/entity/Q7880,Toulouse,43.60444444,1.443333333,http://www.wikidata.org/entity/Q20925643,
http://www.wikidata.org/entity/Q92044447,Q92044447,edition_or_translation_of,1858-01-01T00:00:00Z,http://www.wikidata.org/entity/Q150,French,,,http://www.wikidata.org/entity/Q90,Paris,48.85666667,2.352222222,http://www.wikidata.org/entity/Q3231373,
http://www.wikidata.org/entity/Q45783269,Le Roi s'amuse,edition_or_translation_of,1833-01-01T00:00:00Z,http://www.wikidata.org/entity/Q150,French,,,http://www.wikidata.org/entity/Q90,Paris,48.85666667,2.352222222,http://www.wikidata.org/entity/Q1473603,Le roi s'amuse
http://www.wikidata.org/entity/Q28234,Les Misérables,based_on,2013-02-21T00:00:00Z,,,http://www.wikidata.org/entity/Q30,United States,,,,,http://www.wikidata.org/entity/Q180736,Les Misérables
http://www.wikidata.org/entity/Q124357323,Q124357323,edition_or_translation_of,1881-01-01T00:00:00Z,http://www.wikidata.org/entity/Q1321,Spanish,,,http://www.wikidata.org/entity/Q2807,Madrid,40.41694444,-3.703333333,http://www.wikidata.org/entity/Q1219303,Bug-Jargal
http://www.wikidata.org/entity/Q92044447,Q92044447,edition_or_translation_of,1858-01-01T00:00:00Z,http://www.wikidata.org/entity/Q150,French,,,http://www.wikidata.org/entity/Q90,Paris,48.85666667,2.352222222,http://www.wikidata.org/entity/Q3232576,Les Feuilles d'automne
http://www.wikidata.org/entity/Q127690864,Q127690864,edition_or_translation_of,1910-01-01T00:00:00Z,http://www.wikidata.org/entity/Q150,French,,,http://www.wikidata.org/entity/Q90,Paris,48.85666667,2.352222222,http://www.wikidata.org/entity/Q127690862,
http://www.wikidata.org/entity/Q135437432,Deen Dukhi,edition_or_translation_of,1962-01-01T00:00:00Z,http://www.wikidata.org/entity/Q29401,Assamese,,,http://www.wikidata.org/entity/Q199605,Guwahati,26.1805876,91.750238,http://www.wikidata.org/entity/Q180736,Les Misérables
http://www.wikidata.org/entity/Q28234,Les Misérables,based_on,2012-12-07T00:00:00Z,,,http://www.wikidata.org/entity/Q30,United States,,,,,http://www.wikidata.org/entity/Q180736,Les Misérables
http://www.wikidata.org/entity/Q63349600,Notre-Dame de Paris,edition_or_translation_of,1888-01-01T00:00:00Z,http://www.wikidata.org/entity/Q1860,English,,,http://www.wikidata.org/entity/Q60,New York City,40.71277778,-74.00611111,http://www.wikidata.org/entity/Q191380,The Hunchback of Notre Dame
http://www.wikidata.org/entity/Q121459167,Q121459167,edition_or_translation_of,1910-12-31T00:00:00Z,http://www.wikidata.org/entity/Q150,French,,,http://www.wikidata.org/entity/Q90,Paris,48.85666667,2.352222222,http://www.wikidata.org/entity/Q2496854,Han d'Islande
http://www.wikidata.org/entity/Q63213530,Nuestra Señora de París,edition_or_translation_of,1850-01-01T00:00:00Z,http://www.wikidata.org/entity/Q1321,Spanish,,,http://www.wikidata.org/entity/Q2807,Madrid,40.41694444,-3.703333333,http://www.wikidata.org/entity/Q191380,The Hunchback of Notre Dame
http://www.wikidata.org/entity/Q127690709,Q127690709,edition_or_translation_of,1906-01-01T00:00:00Z,http://www.wikidata.org/entity/Q150,French,,,http://www.wikidata.org/entity/Q90,Paris,48.85666667,2.352222222,http://www.wikidata.org/entity/Q1248539,Le Rhin
http://www.wikidata.org/entity/Q122782434,Q122782434,edition_or_translation_of,1879-01-01T00:00:00Z,http://www.wikidata.org/entity/Q150,French,,,http://www.wikidata.org/entity/Q90,Paris,48.85666667,2.352222222,http://www.wikidata.org/entity/Q3211672,La Pitié suprême
http://www.wikidata.org/entity/Q63213592,Kościół Panny Maryi w Paryżu,edition_or_translation_of,1900-01-01T00:00:00Z,http://www.wikidata.org/entity/Q809,Polish,,,http://www.wikidata.org/entity/Q270,Warsaw,52.23,21.01111111,http://www.wikidata.org/entity/Q191380,The Hunchback of Notre Dame
http://www.wikidata.org/entity/Q110324036,"The King's Fool: or, le roi s'amuse",edition_or_translation_of,1841-01-01T00:00:00Z,http://www.wikidata.org/entity/Q1860,English,,,http://www.wikidata.org/entity/Q84,London,51.50722222,-0.1275,http://www.wikidata.org/entity/Q110324012,"The King's Fool: or, le roi s'amuse"
http://www.wikidata.org/entity/Q28234,Les Misérables,based_on,2012-12-05T00:00:00Z,,,http://www.wikidata.org/entity/Q145,United Kingdom,,,,,http://www.wikidata.org/entity/Q180736,Les Misérables
http://www.wikidata.org/entity/Q116859317,Q116859317,edition_or_translation_of,1908-01-01T00:00:00Z,http://www.wikidata.org/entity/Q150,French,,,http://www.wikidata.org/entity/Q90,Paris,48.85666667,2.352222222,http://www.wikidata.org/entity/Q180736,Les Misérables
http://www.wikidata.org/entity/Q110315039,"La Esmeralda; or, the Hunchback of Notre Dame",edition_or_translation_of,1844-01-01T00:00:00Z,http://www.wikidata.org/entity/Q1860,English,,,http://www.wikidata.org/entity/Q84,London,51.50722222,-0.1275,http://www.wikidata.org/entity/Q110301023,"La Esmeralda; or, the Hunchback of Notre Dame"
http://www.wikidata.org/entity/Q110379722,Lucretia Borgia; a dramatic tale,edition_or_translation_of,1842-01-01T00:00:00Z,http://www.wikidata.org/entity/Q1860,English,,,http://www.wikidata.org/entity/Q84,London,51.50722222,-0.1275,http://www.wikidata.org/entity/Q110379178,Lucretia Borgia
http://www.wikidata.org/entity/Q125358461,Q125358461,edition_or_translation_of,,http://www.wikidata.org/entity/Q9292,Azerbaijani,,,http://www.wikidata.org/entity/Q227,Azerbaijan,40.3,47.7,http://www.wikidata.org/entity/Q191380,The Hunchback of Notre Dame
http://www.wikidata.org/entity/Q28234,Les Misérables,based_on,2013-02-21T00:00:00Z,,,http://www.wikidata.org/entity/Q145,United Kingdom,,,,,http://www.wikidata.org/entity/Q180736,Les Misérables
http://www.wikidata.org/entity/Q136758429,Hernani,based_on,,http://www.wikidata.org/entity/Q150,French,,,,,,,http://www.wikidata.org/entity/Q1125255,Hernani
http://www.wikidata.org/entity/Q124357022,Q124357022,edition_or_translation_of,1920-01-01T00:00:00Z,http://www.wikidata.org/entity/Q1321,Spanish,,,http://www.wikidata.org/entity/Q2807,Madrid,40.41694444,-3.703333333,http://www.wikidata.org/entity/Q1219303,Bug-Jargal
http://www.wikidata.org/entity/Q43720190,L'Homme qui rit,edition_or_translation_of,1869-04-01T00:00:00Z,http://www.wikidata.org/entity/Q150,French,,,http://www.wikidata.org/entity/Q90,Paris,48.85666667,2.352222222,http://www.wikidata.org/entity/Q865211,The Man Who Laughs
http://www.wikidata.org/entity/Q132775277,Q132775277,edition_or_translation_of,1876-01-01T00:00:00Z,http://www.wikidata.org/entity/Q809,Polish,,,http://www.wikidata.org/entity/Q270,Warsaw,52.23,21.01111111,http://www.wikidata.org/entity/Q191380,The Hunchback of Notre Dame
http://www.wikidata.org/entity/Q56071531,Q56071531,edition_or_translation_of,1877-01-01T00:00:00Z,http://www.wikidata.org/entity/Q9056,Czech,,,http://www.wikidata.org/entity/Q1085,Prague,50.0875,14.42138889,http://www.wikidata.org/entity/Q21015353,Les Djinns
http://www.wikidata.org/entity/Q110315041,"The Noble Rival; or, the prince of Congo",edition_or_translation_of,1845-01-01T00:00:00Z,http://www.wikidata.org/entity/Q1860,English,,,http://www.wikidata.org/entity/Q84,London,51.50722222,-0.1275,http://www.wikidata.org/entity/Q110301025,"The Noble Rival; or, the prince of Congo"
http://www.wikidata.org/entity/Q28234,Les Misérables,based_on,2012-12-07T00:00:00Z,,,http://www.wikidata.org/entity/Q145,United Kingdom,,,,,http://www.wikidata.org/entity/Q180736,Les Misérables
http://www.wikidata.org/entity/Q110811063,The Last Day of a Condemned,edition_or_translation_of,1840-01-01T00:00:00Z,http://www.wikidata.org/entity/Q1860,English,,,http://www.wikidata.org/entity/Q84,London,51.50722222,-0.1275,http://www.wikidata.org/entity/Q1199417,The Last Day of a Condemned Man
http://www.wikidata.org/entity/Q122783417,Q122783417,edition_or_translation_of,1927-01-01T00:00:00Z,http://www.wikidata.org/entity/Q150,French,,,http://www.wikidata.org/entity/Q90,Paris,48.85666667,2.352222222,http://www.wikidata.org/entity/Q3211672,La Pitié suprême
http://www.wikidata.org/entity/Q44974329,Ninety-three,edition_or_translation_of,1900-01-01T00:00:00Z,http://www.wikidata.org/entity/Q1860,English,,,http://www.wikidata.org/entity/Q60,New York City,40.71277778,-74.00611111,http://www.wikidata.org/entity/Q199940,Ninety-three
http://www.wikidata.org/entity/Q42317363,Q42317363,edition_or_translation_of,1889-01-01T00:00:00Z,http://www.wikidata.org/entity/Q150,French,,,http://www.wikidata.org/entity/Q90,Paris,48.85666667,2.352222222,http://www.wikidata.org/entity/Q1125255,Hernani
http://www.wikidata.org/entity/Q112315257,Q112315257,edition_or_translation_of,1859-01-01T00:00:00Z,http://www.wikidata.org/entity/Q150,French,,,http://www.wikidata.org/entity/Q90,Paris,48.85666667,2.352222222,http://www.wikidata.org/entity/Q2910564,
http://www.wikidata.org/entity/Q111543876,Q111543876,edition_or_translation_of,1912-01-01T00:00:00Z,http://www.wikidata.org/entity/Q809,Polish,,,http://www.wikidata.org/entity/Q270,Warsaw,52.23,21.01111111,http://www.wikidata.org/entity/Q2496854,Han d'Islande
http://www.wikidata.org/entity/Q123149822,Q123149822,edition_or_translation_of,1924-01-01T00:00:00Z,http://www.wikidata.org/entity/Q150,French,,,http://www.wikidata.org/entity/Q90,Paris,48.85666667,2.352222222,http://www.wikidata.org/entity/Q199940,Ninety-three
http://www.wikidata.org/entity/Q43682738,The Man Who Laughs,edition_or_translation_of,1869-01-01T00:00:00Z,http://www.wikidata.org/entity/Q1860,English,,,http://www.wikidata.org/entity/Q100,Boston,42.36027778,-71.05777778,http://www.wikidata.org/entity/Q865211,The Man Who Laughs
http://www.wikidata.org/entity/Q104764576,Q104764576,edition_or_translation_of,1866-01-01T00:00:00Z,http://www.wikidata.org/entity/Q5146,Portuguese,,,http://www.wikidata.org/entity/Q8678,Rio de Janeiro,-22.91111111,-43.20555556,http://www.wikidata.org/entity/Q1211109,Toilers of the Sea
http://www.wikidata.org/entity/Q59163346,Nędznicy,edition_or_translation_of,1900-01-01T00:00:00Z,http://www.wikidata.org/entity/Q809,Polish,,,http://www.wikidata.org/entity/Q270,Warsaw,52.23,21.01111111,http://www.wikidata.org/entity/Q180736,Les Misérables
http://www.wikidata.org/entity/Q134524662,Q134524662,edition_or_translation_of,1890-01-01T00:00:00Z,http://www.wikidata.org/entity/Q1321,Spanish,,,http://www.wikidata.org/entity/Q1335,Montevideo,-34.90591667,-56.19131111,http://www.wikidata.org/entity/Q3202120,L'Année terrible
http://www.wikidata.org/entity/Q48333165,The Hunchback of Notre-Dame,edition_or_translation_of,1834-01-01T00:00:00Z,http://www.wikidata.org/entity/Q1860,English,,,http://www.wikidata.org/entity/Q1345,Philadelphia,39.95277778,-75.16361111,http://www.wikidata.org/entity/Q191380,The Hunchback of Notre Dame
http://www.wikidata.org/entity/Q110379241,Lucretia Borgia,edition_or_translation_of,,http://www.wikidata.org/entity/Q1860,English,,,http://www.wikidata.org/entity/Q84,London,51.50722222,-0.1275,http://www.wikidata.org/entity/Q110379178,Lucretia Borgia
http://www.wikidata.org/entity/Q63270475,Katedra Notre-Dame w Paryżu,edition_or_translation_of,1928-01-01T00:00:00Z,http://www.wikidata.org/entity/Q809,Polish,,,http://www.wikidata.org/entity/Q1792,Gdańsk,54.3482907,18.6540233,http://www.wikidata.org/entity/Q191380,The Hunchback of Notre Dame
http://www.wikidata.org/entity/Q121461763,Q121461763,edition_or_translation_of,1890-01-01T00:00:00Z,http://www.wikidata.org/entity/Q150,French,,,http://www.wikidata.org/entity/Q90,Paris,48.85666667,2.352222222,http://www.wikidata.org/entity/Q1211109,Toilers of the Sea
http://www.wikidata.org/entity/Q23011963,Q23011963,edition_or_translation_of,1890-01-01T00:00:00Z,http://www.wikidata.org/entity/Q150,French,,,http://www.wikidata.org/entity/Q90,Paris,48.85666667,2.352222222,http://www.wikidata.org/entity/Q180736,Les Misérables
http://www.wikidata.org/entity/Q28234,Les Misérables,based_on,2012-12-27T00:00:00Z,,,http://www.wikidata.org/entity/Q30,United States,,,,,http://www.wikidata.org/entity/Q180736,Les Misérables
http://www.wikidata.org/entity/Q133502773,Q133502773,edition_or_translation_of,1899-01-01T00:00:00Z,http://www.wikidata.org/entity/Q150,French,,,,,,,http://www.wikidata.org/entity/Q19125251,
http://www.wikidata.org/entity/Q63270475,Katedra Notre-Dame w Paryżu,edition_or_translation_of,1928-01-01T00:00:00Z,http://www.wikidata.org/entity/Q809,Polish,,,http://www.wikidata.org/entity/Q270,Warsaw,52.23,21.01111111,http://www.wikidata.org/entity/Q191380,The Hunchback of Notre Dame
http://www.wikidata.org/entity/Q134524659,Q134524659,edition_or_translation_of,1889-01-01T00:00:00Z,http://www.wikidata.org/entity/Q1321,Spanish,,,http://www.wikidata.org/entity/Q1335,Montevideo,-34.90591667,-56.19131111,http://www.wikidata.org/entity/Q199940,Ninety-three
http://www.wikidata.org/entity/Q105200621,La légende des siècles,edition_or_translation_of,1955-01-01T00:00:00Z,http://www.wikidata.org/entity/Q150,French,,,http://www.wikidata.org/entity/Q90,Paris,48.85666667,2.352222222,http://www.wikidata.org/entity/Q3086219,La Légende des siècles
http://www.wikidata.org/entity/Q120628991,Lē mijērābla (Volume 1),edition_or_translation_of,1928-01-01T00:00:00Z,http://www.wikidata.org/entity/Q9610,Bangla,,,http://www.wikidata.org/entity/Q1348,Kolkata,22.5675,88.37,http://www.wikidata.org/entity/Q180736,Les Misérables
http://www.wikidata.org/entity/Q28803496,Los miserables,edition_or_translation_of,1887-01-01T00:00:00Z,http://www.wikidata.org/entity/Q1321,Spanish,,,http://www.wikidata.org/entity/Q8818,Valencia,39.47,-0.376388888,http://www.wikidata.org/entity/Q180736,Les Misérables
http://www.wikidata.org/entity/Q105211953,Człowiek śmiechu,edition_or_translation_of,1928-01-01T00:00:00Z,http://www.wikidata.org/entity/Q809,Polish,,,http://www.wikidata.org/entity/Q270,Warsaw,52.23,21.01111111,http://www.wikidata.org/entity/Q865211,The Man Who Laughs
http://www.wikidata.org/entity/Q133502776,Q133502776,edition_or_translation_of,1899-01-01T00:00:00Z,,,,,,,,,http://www.wikidata.org/entity/Q19125251,
http://www.wikidata.org/entity/Q133289111,Notre Dame de Paris (anonymous Russian translation 1903),edition_or_translation_of,1903-01-01T00:00:00Z,http://www.wikidata.org/entity/Q7737,Russian,,,http://www.wikidata.org/entity/Q649,Moscow,55.75055556,37.6175,http://www.wikidata.org/entity/Q191380,The Hunchback of Notre Dame
http://www.wikidata.org/entity/Q28234,Les Misérables,based_on,2012-12-27T00:00:00Z,,,http://www.wikidata.org/entity/Q145,United Kingdom,,,,,http://www.wikidata.org/entity/Q180736,Les Misérables