OGWork_Links,OGWork_Titles_eng,OG_Form_of_Literature,OGWork_Country of Origin,OGWork_Cordinates,Mappable,OG_Latitude,OG_Longitude,OGWork_Publisher,author_links,Author_QIDs,OGWork_Authors,country of citizenship,OG_Languages_Links,OGLang,translatedWork,TranslatedWork_Titles,Trans_Form of Creative work,pubPlace,Trans_Place of Publication,Trans_Publication_coordinates,TransWork_Lat,Mappable_2,TransWork_Long,Translators,Translated into,transLang
http://www.wikidata.org/entity/Q99838669,Mexican Gothic,novel,n/a,,No,,,n/a,http://www.wikidata.org/entity/Q17386413,Q17386413,Silvia Moreno-Garcia,Canada,http://www.wikidata.org/entity/Q1860,English,http://www.wikidata.org/entity/Q122104446,Mexická gotika,,http://www.wikidata.org/entity/Q14960,Brno,"49.195277777778,16.608333333333",16.608333333333,Yes,49.195277777778,Ivana Svobodová,Czech,http://www.wikidata.org/entity/Q9056
http://www.wikidata.org/entity/Q1750300,Dracula the Un-dead,novel,United States,"39.828175,-98.5795",Yes,-98.5795,39.828175,HarperCollins,http://www.wikidata.org/entity/Q3700744,Q3700744,Dacre Stoker,Canada,http://www.wikidata.org/entity/Q1860,English,http://www.wikidata.org/entity/Q117350127,Dracula l'Immortel,,http://www.wikidata.org/entity/Q142,France,"47,2",2,Yes,47,,French,http://www.wikidata.org/entity/Q150
http://www.wikidata.org/entity/Q130284355,Willful Child,novel,n/a,,No,,,n/a,http://www.wikidata.org/entity/Q428755,Q428755,Steven Erikson,Canada,http://www.wikidata.org/entity/Q1860,English,http://www.wikidata.org/entity/Q121970528,Spratek,,http://www.wikidata.org/entity/Q1085,Prague,"50.0875,14.421388888888888",14.421388888888888,Yes,50.0875,Dana Krejčová,Czech,http://www.wikidata.org/entity/Q9056
http://www.wikidata.org/entity/Q4750096,An Introduction to Old Norse,,n/a,,No,,,n/a,http://www.wikidata.org/entity/Q81877,Q81877,E. V. Gordon,Canada,http://www.wikidata.org/entity/Q1860,English,http://www.wikidata.org/entity/Q118252096,An Introduction to Old Norse,,http://www.wikidata.org/entity/Q34217,Oxford,"51.751944444444,-1.2577777777778",-1.2577777777778,Yes,51.751944444444,,English,http://www.wikidata.org/entity/Q35505
http://www.wikidata.org/entity/Q119856438,Representing and Intervening: Introductory Topics in the Philosophy of Natural Science,,n/a,,No,,,n/a,http://www.wikidata.org/entity/Q188357,Q188357,Ian Hacking,Canada,http://www.wikidata.org/entity/Q1860,English,http://www.wikidata.org/entity/Q119856466,Einführung in die Philosophie der Naturwissenschaften,,http://www.wikidata.org/entity/Q183,Germany,"51,10",10,Yes,51,,German,http://www.wikidata.org/entity/Q188
http://www.wikidata.org/entity/Q760138,Chroniques de Jérusalem,graphic novel,Canada,"56,-109",Yes,-109,56,n/a,http://www.wikidata.org/entity/Q525837,Q525837,Guy Delisle,Canada,http://www.wikidata.org/entity/Q150,French,http://www.wikidata.org/entity/Q116996874,Jerusalem: Chronicles from the Holy City,graphic novel,http://www.wikidata.org/entity/Q340,Montreal,"45.5033426,-73.5868411",-73.5868411,Yes,45.5033426,Helge Dascher,English,http://www.wikidata.org/entity/Q1860
http://www.wikidata.org/entity/Q25217358,Consumed,novel,Canada,"56,-109",Yes,-109,56,Charles Scribner's Sons,http://www.wikidata.org/entity/Q55422,Q55422,David Cronenberg,Canada,http://www.wikidata.org/entity/Q1860,English,http://www.wikidata.org/entity/Q121958713,Konzumárium,,http://www.wikidata.org/entity/Q1085,Prague,"50.0875,14.421388888888888",14.421388888888888,Yes,50.0875,,Czech,http://www.wikidata.org/entity/Q9056
http://www.wikidata.org/entity/Q3222227,Strong Medicine,novel,United States,"39.828175,-98.5795",Yes,-98.5795,39.828175,Dell Publishing,http://www.wikidata.org/entity/Q249544,Q249544,Arthur Hailey,United Kingdom,http://www.wikidata.org/entity/Q1860,English,http://www.wikidata.org/entity/Q123220429,Le Destin d'une femme,,http://www.wikidata.org/entity/Q142,France,"47,2",2,Yes,47,,French,http://www.wikidata.org/entity/Q150
http://www.wikidata.org/entity/Q565911,Anne of Green Gables,,Canada,"56,-109",Yes,-109,56,L. C. Page & Company,http://www.wikidata.org/entity/Q273034,Q273034,Lucy Maud Montgomery,Canada,http://www.wikidata.org/entity/Q1860,English,http://www.wikidata.org/entity/Q119361629,Anne et le bonheur (1964),,http://www.wikidata.org/entity/Q90,Paris,"48.85666666666667,2.352222222222222",2.352222222222222,Yes,48.85666666666667,Suzanne Pairault,French,http://www.wikidata.org/entity/Q150
http://www.wikidata.org/entity/Q781708,No Logo,,Canada,"56,-109",Yes,-109,56,Picador,http://www.wikidata.org/entity/Q236606,Q236606,Naomi Klein,Canada,http://www.wikidata.org/entity/Q1860,English,http://www.wikidata.org/entity/Q119506564,No Logo,,http://www.wikidata.org/entity/Q29,Spain,"40.2,-3.5",-3.5,Yes,40.2,,Spanish,http://www.wikidata.org/entity/Q1321
http://www.wikidata.org/entity/Q1323801,Deadhouse Gates,novel,United States,"39.828175,-98.5795",Yes,-98.5795,39.828175,n/a,http://www.wikidata.org/entity/Q428755,Q428755,Steven Erikson,Canada,http://www.wikidata.org/entity/Q1860,English,http://www.wikidata.org/entity/Q122140668,Dům mrtvých: druhý příběh z Malazské knihy padlých,,http://www.wikidata.org/entity/Q1085,Prague,"50.0875,14.421388888888888",14.421388888888888,Yes,50.0875,Dana Krejčová,Czech,http://www.wikidata.org/entity/Q9056
http://www.wikidata.org/entity/Q3521955,The Mystery Method: How to Get Beautiful Women into Bed,,n/a,,No,,,n/a,http://www.wikidata.org/entity/Q932484,Q932484,Mystery,Canada,http://www.wikidata.org/entity/Q1860,English,http://www.wikidata.org/entity/Q123523639,El secreto,,http://www.wikidata.org/entity/Q29,Spain,"40.2,-3.5",-3.5,Yes,40.2,,Spanish,http://www.wikidata.org/entity/Q1321
http://www.wikidata.org/entity/Q109861103,Rabbits,novel,n/a,,No,,,n/a,http://www.wikidata.org/entity/Q109861010,Q109861010,Terry Miles,Canada,http://www.wikidata.org/entity/Q1860,English,http://www.wikidata.org/entity/Q122133586,Rabbits,,http://www.wikidata.org/entity/Q14960,Brno,"49.195277777778,16.608333333333",16.608333333333,Yes,49.195277777778,Radka Knotková,Czech,http://www.wikidata.org/entity/Q9056
http://www.wikidata.org/entity/Q441055,Gardens of the Moon,novel,Canada,"56,-109",Yes,-109,56,n/a,http://www.wikidata.org/entity/Q428755,Q428755,Steven Erikson,Canada,http://www.wikidata.org/entity/Q1860,English,http://www.wikidata.org/entity/Q121620694,Les Jardins de la Lune,,http://www.wikidata.org/entity/Q142,France,"47,2",2,Yes,47,,French,http://www.wikidata.org/entity/Q150
http://www.wikidata.org/entity/Q3222227,Strong Medicine,novel,United States,"39.828175,-98.5795",Yes,-98.5795,39.828175,Dell Publishing,http://www.wikidata.org/entity/Q249544,Q249544,Arthur Hailey,United Kingdom,http://www.wikidata.org/entity/Q1860,English,http://www.wikidata.org/entity/Q123220329,Le Destin d'une femme,,http://www.wikidata.org/entity/Q142,France,"47,2",2,Yes,47,,French,http://www.wikidata.org/entity/Q150
http://www.wikidata.org/entity/Q67104702,Rejoice,novel,n/a,,No,,,n/a,http://www.wikidata.org/entity/Q428755,Q428755,Steven Erikson,Canada,http://www.wikidata.org/entity/Q1860,English,http://www.wikidata.org/entity/Q122075640,Radujme se: nůž do srdce: román o prvním kontaktu,,http://www.wikidata.org/entity/Q1085,Prague,"50.0875,14.421388888888888",14.421388888888888,Yes,50.0875,Zdeněk Hofmann,Czech,http://www.wikidata.org/entity/Q9056
http://www.wikidata.org/entity/Q441055,Gardens of the Moon,novel,Canada,"56,-109",Yes,-109,56,n/a,http://www.wikidata.org/entity/Q428755,Q428755,Steven Erikson,Canada,http://www.wikidata.org/entity/Q1860,English,http://www.wikidata.org/entity/Q122124725,Měsíční zahrady: první příběh z Malazské knihy padlých,,http://www.wikidata.org/entity/Q1085,Prague,"50.0875,14.421388888888888",14.421388888888888,Yes,50.0875,Dana Krejčová,Czech,http://www.wikidata.org/entity/Q9056
http://www.wikidata.org/entity/Q1750300,Dracula the Un-dead,novel,United States,"39.828175,-98.5795",Yes,-98.5795,39.828175,HarperCollins,http://www.wikidata.org/entity/Q3700744,Q3700744,Dacre Stoker,Canada,http://www.wikidata.org/entity/Q1860,English,http://www.wikidata.org/entity/Q117350114,"Drácula, el no muerto",,http://www.wikidata.org/entity/Q29,Spain,"40.2,-3.5",-3.5,Yes,40.2,,Spanish,http://www.wikidata.org/entity/Q1321
http://www.wikidata.org/entity/Q30668126,Still Life,novel,n/a,,No,,,n/a,http://www.wikidata.org/entity/Q460414,Q460414,Louise Penny,Canada,http://www.wikidata.org/entity/Q1860,English,http://www.wikidata.org/entity/Q122018692,Still Life,,http://www.wikidata.org/entity/Q1085,Prague,"50.0875,14.421388888888888",14.421388888888888,Yes,50.0875,Lenka Uhlířová,Czech,http://www.wikidata.org/entity/Q9056
http://www.wikidata.org/entity/Q130371870,Initiation,novel,n/a,,No,,,n/a,http://www.wikidata.org/entity/Q28806119,Q28806119,Mac Walters,Canada,http://www.wikidata.org/entity/Q1860,English,http://www.wikidata.org/entity/Q122078628,Mass Effect: Andromeda.,,http://www.wikidata.org/entity/Q8385,Ostrava,"49.835555555556,18.2925",18.2925,Yes,49.835555555556,,Czech,http://www.wikidata.org/entity/Q9056
http://www.wikidata.org/entity/Q4750096,An Introduction to Old Norse,,n/a,,No,,,n/a,http://www.wikidata.org/entity/Q81877,Q81877,E. V. Gordon,Canada,http://www.wikidata.org/entity/Q1860,English,http://www.wikidata.org/entity/Q118252102,An Introduction to Old Norse,,http://www.wikidata.org/entity/Q34217,Oxford,"51.751944444444,-1.2577777777778",-1.2577777777778,Yes,51.751944444444,,English,http://www.wikidata.org/entity/Q35505
http://www.wikidata.org/entity/Q115686296,Dracul,novel,United States,"39.828175,-98.5795",Yes,-98.5795,39.828175,n/a,http://www.wikidata.org/entity/Q3700744,Q3700744,Dacre Stoker,Canada,http://www.wikidata.org/entity/Q1860,English,http://www.wikidata.org/entity/Q122036777,Dracul,,http://www.wikidata.org/entity/Q1085,Prague,"50.0875,14.421388888888888",14.421388888888888,Yes,50.0875,Ladislav Šenkyřík,Czech,http://www.wikidata.org/entity/Q9056
http://www.wikidata.org/entity/Q3747905,For the Win,novel,United States,"39.828175,-98.5795",Yes,-98.5795,39.828175,n/a,http://www.wikidata.org/entity/Q110436,Q110436,Cory Doctorow,Canada,http://www.wikidata.org/entity/Q1860,English,http://www.wikidata.org/entity/Q61830010,For the Win,,,,,,No,,,German,http://www.wikidata.org/entity/Q188
http://www.wikidata.org/entity/Q4828056,Avenger,novel,United States,"39.828175,-98.5795",Yes,-98.5795,39.828175,n/a,http://www.wikidata.org/entity/Q16297,Q16297,William Shatner,Canada,http://www.wikidata.org/entity/Q1860,English,http://www.wikidata.org/entity/Q54824592,Der Rächer,,,,,,No,,,German,http://www.wikidata.org/entity/Q188
http://www.wikidata.org/entity/Q4828056,Avenger,novel,United States,"39.828175,-98.5795",Yes,-98.5795,39.828175,n/a,http://www.wikidata.org/entity/Q16297,Q16297,William Shatner,Canada,http://www.wikidata.org/entity/Q1860,English,http://www.wikidata.org/entity/Q54824593,Der Rächer,,,,,,No,,,German,http://www.wikidata.org/entity/Q188
http://www.wikidata.org/entity/Q5036494,Captain's Peril,novel,Canada,"56,-109",Yes,-109,56,n/a,http://www.wikidata.org/entity/Q20871976,Q20871976,Garfield Reeves-Stevens,Canada,http://www.wikidata.org/entity/Q1860,English,http://www.wikidata.org/entity/Q54825950,Sternen­dämmerung,,,,,,No,,,German,http://www.wikidata.org/entity/Q188
http://www.wikidata.org/entity/Q5036494,Captain's Peril,novel,Canada,"56,-109",Yes,-109,56,n/a,http://www.wikidata.org/entity/Q20871976,Q20871976,Garfield Reeves-Stevens,Canada,http://www.wikidata.org/entity/Q1860,English,http://www.wikidata.org/entity/Q54825952,Sternen­dämmerung,,,,,,No,,,German,http://www.wikidata.org/entity/Q188
http://www.wikidata.org/entity/Q825718,Wikinomics,essay,United States,"39.828175,-98.5795",Yes,-98.5795,39.828175,n/a,http://www.wikidata.org/entity/Q984369,Q984369,Don Tapscott,Canada,http://www.wikidata.org/entity/Q1860,English,http://www.wikidata.org/entity/Q115172918,Wikinomics,,,,,,No,,,Dutch,http://www.wikidata.org/entity/Q7411
http://www.wikidata.org/entity/Q32979644,The Pacing Mustang: Stories About Animals,,n/a,,No,,,n/a,http://www.wikidata.org/entity/Q505017,Q505017,Ernest Thompson Seton,Canada,http://www.wikidata.org/entity/Q1860,English,http://www.wikidata.org/entity/Q25529453,The Pacing Mustang: Stories About Animals,short story,,,,,No,,,Uzbek,http://www.wikidata.org/entity/Q9264
http://www.wikidata.org/entity/Q108617357,Toki Pona Dictionary,,n/a,,No,,,n/a,http://www.wikidata.org/entity/Q12854,Q12854,Sonja Lang,Canada,http://www.wikidata.org/entity/Q1860,English,http://www.wikidata.org/entity/Q108617358,Toki Pona Dictionary,,,,,,No,,,English,http://www.wikidata.org/entity/Q36846
http://www.wikidata.org/entity/Q5440721,Federation,novel,Canada,"56,-109",Yes,-109,56,n/a,http://www.wikidata.org/entity/Q20871976,Q20871976,Garfield Reeves-Stevens,Canada,http://www.wikidata.org/entity/Q1860,English,http://www.wikidata.org/entity/Q54824994,Die Föderation,,,,,,No,,,German,http://www.wikidata.org/entity/Q188
http://www.wikidata.org/entity/Q5440721,Federation,novel,Canada,"56,-109",Yes,-109,56,n/a,http://www.wikidata.org/entity/Q20871976,Q20871976,Garfield Reeves-Stevens,Canada,http://www.wikidata.org/entity/Q1860,English,http://www.wikidata.org/entity/Q54824996,Die Föderation,,,,,,No,,,German,http://www.wikidata.org/entity/Q188
http://www.wikidata.org/entity/Q757293,Fishes of the World,,n/a,,No,,,Wiley,http://www.wikidata.org/entity/Q1707943,Q1707943,Joseph S. Nelson,Canada,http://www.wikidata.org/entity/Q1860,English,http://www.wikidata.org/entity/Q111134358,Fishes of the World (Chinese edition),,,,,,No,,Li Sizhong,Traditional Chinese,http://www.wikidata.org/entity/Q18130932
http://www.wikidata.org/entity/Q105576283,Mercury Under My Tongue,novel,Canada,"56,-109",Yes,-109,56,n/a,http://www.wikidata.org/entity/Q3507133,Q3507133,Sylvain Trudel,Canada,http://www.wikidata.org/entity/Q150,French,http://www.wikidata.org/entity/Q105726608,Mercury Under My Tongue,,,,,,No,,Sheila Fischman,English,http://www.wikidata.org/entity/Q1860
http://www.wikidata.org/entity/Q108617400,Toki Pona: The Language of Good,,n/a,,No,,,n/a,http://www.wikidata.org/entity/Q12854,Q12854,Sonja Lang,Canada,http://www.wikidata.org/entity/Q1860,English,http://www.wikidata.org/entity/Q114601761,Tokipono: La lingvo de bono,,,,,,No,,jan Pensa,Esperanto,http://www.wikidata.org/entity/Q143
http://www.wikidata.org/entity/Q108617400,Toki Pona: The Language of Good,,n/a,,No,,,n/a,http://www.wikidata.org/entity/Q12854,Q12854,Sonja Lang,Canada,http://www.wikidata.org/entity/Q1860,English,http://www.wikidata.org/entity/Q114602276,Tokipono: La lingvo de bono (UK 2022 edition),,,,,,No,,jan Pensa,Esperanto,http://www.wikidata.org/entity/Q143
http://www.wikidata.org/entity/Q4571957,The Pig and the Box,,n/a,,No,,,n/a,http://www.wikidata.org/entity/Q24699648,Q24699648,Michael Milligan,Canada,http://www.wikidata.org/entity/Q1860,English,http://www.wikidata.org/entity/Q24331601,O Porco e a Caixa,,,,,,No,,Alexandre Oliva,Portuguese,http://www.wikidata.org/entity/Q5146
http://www.wikidata.org/entity/Q7301415,Reaper's Gale,novel,United States,"39.828175,-98.5795",Yes,-98.5795,39.828175,Bantam Books,http://www.wikidata.org/entity/Q428755,Q428755,Steven Erikson,Canada,http://www.wikidata.org/entity/Q1860,English,http://www.wikidata.org/entity/Q112974636,Le Souffle du Moissonneur,,,,,,No,,,French,http://www.wikidata.org/entity/Q150
http://www.wikidata.org/entity/Q108617400,Toki Pona: The Language of Good,,n/a,,No,,,n/a,http://www.wikidata.org/entity/Q12854,Q12854,Sonja Lang,Canada,http://www.wikidata.org/entity/Q1860,English,http://www.wikidata.org/entity/Q109879107,Toki Pona: Die Sprache des Guten,,,,,,No,,jan Juli,German,http://www.wikidata.org/entity/Q188
http://www.wikidata.org/entity/Q7241069,Preserver,novel,Canada,"56,-109",Yes,-109,56,n/a,http://www.wikidata.org/entity/Q20871976,Q20871976,Garfield Reeves-Stevens,Canada,http://www.wikidata.org/entity/Q1860,English,http://www.wikidata.org/entity/Q54824963,Die Bewahrer,,,,,,No,,,German,http://www.wikidata.org/entity/Q188
http://www.wikidata.org/entity/Q7241069,Preserver,novel,Canada,"56,-109",Yes,-109,56,n/a,http://www.wikidata.org/entity/Q20871976,Q20871976,Garfield Reeves-Stevens,Canada,http://www.wikidata.org/entity/Q1860,English,http://www.wikidata.org/entity/Q54824961,Die Bewahrer,,,,,,No,,,German,http://www.wikidata.org/entity/Q188
http://www.wikidata.org/entity/Q116055044,A History of the Baltic States,,n/a,,No,,,n/a,http://www.wikidata.org/entity/Q503272,Q503272,Andres Kasekamp,Canada,http://www.wikidata.org/entity/Q1860,English,http://www.wikidata.org/entity/Q116055050,Baltian historia 3. painos,,,,,,No,,,Finnish,http://www.wikidata.org/entity/Q1412
http://www.wikidata.org/entity/Q5223470,Dark Victory,novel,United States,"39.828175,-98.5795",Yes,-98.5795,39.828175,n/a,http://www.wikidata.org/entity/Q16297,Q16297,William Shatner,Canada,http://www.wikidata.org/entity/Q1860,English,http://www.wikidata.org/entity/Q54825198,Dunkler Sieg,,,,,,No,,,German,http://www.wikidata.org/entity/Q188
http://www.wikidata.org/entity/Q5223470,Dark Victory,novel,United States,"39.828175,-98.5795",Yes,-98.5795,39.828175,n/a,http://www.wikidata.org/entity/Q16297,Q16297,William Shatner,Canada,http://www.wikidata.org/entity/Q1860,English,http://www.wikidata.org/entity/Q54825197,Dunkler Sieg,,,,,,No,,,German,http://www.wikidata.org/entity/Q188
http://www.wikidata.org/entity/Q115758753,Flames across the Border,,n/a,,No,,,McClelland & Stewart,http://www.wikidata.org/entity/Q606553,Q606553,Pierre Berton,Canada,http://www.wikidata.org/entity/Q1860,English,http://www.wikidata.org/entity/Q115462734,Q115462734,,,,,,No,,,,http://www.wikidata.org/entity/Q150
http://www.wikidata.org/entity/Q104176785,Q104176785,,n/a,,No,,,Éditions du Boréal,http://www.wikidata.org/entity/Q27680102,Q27680102,Renée Dupuis,Canada,http://www.wikidata.org/entity/Q150,French,http://www.wikidata.org/entity/Q104176942,Justice for Canada's Aboriginal Peoples,,,,,,No,,Robert Chodos,English,http://www.wikidata.org/entity/Q1860
http://www.wikidata.org/entity/Q5036486,Captain's Blood,novel,Canada,"56,-109",Yes,-109,56,n/a,http://www.wikidata.org/entity/Q16297,Q16297,William Shatner,Canada,http://www.wikidata.org/entity/Q1860,English,http://www.wikidata.org/entity/Q54825958,Sternennacht,,,,,,No,,,German,http://www.wikidata.org/entity/Q188
http://www.wikidata.org/entity/Q5036486,Captain's Blood,novel,Canada,"56,-109",Yes,-109,56,n/a,http://www.wikidata.org/entity/Q16297,Q16297,William Shatner,Canada,http://www.wikidata.org/entity/Q1860,English,http://www.wikidata.org/entity/Q54825957,Sternennacht,,,,,,No,,,German,http://www.wikidata.org/entity/Q188
http://www.wikidata.org/entity/Q7714659,The Ashes Of Eden,novel,United States,"39.828175,-98.5795",Yes,-98.5795,39.828175,Pocket Books,http://www.wikidata.org/entity/Q16297,Q16297,William Shatner,Canada,http://www.wikidata.org/entity/Q1860,English,http://www.wikidata.org/entity/Q54824934,Die Asche von Eden,,,,,,No,,,German,http://www.wikidata.org/entity/Q188
http://www.wikidata.org/entity/Q7714659,The Ashes Of Eden,novel,United States,"39.828175,-98.5795",Yes,-98.5795,39.828175,Pocket Books,http://www.wikidata.org/entity/Q16297,Q16297,William Shatner,Canada,http://www.wikidata.org/entity/Q1860,English,http://www.wikidata.org/entity/Q54824935,Die Asche von Eden,,,,,,No,,,German,http://www.wikidata.org/entity/Q188
http://www.wikidata.org/entity/Q108617400,Toki Pona: The Language of Good,,n/a,,No,,,n/a,http://www.wikidata.org/entity/Q12854,Q12854,Sonja Lang,Canada,http://www.wikidata.org/entity/Q1860,English,http://www.wikidata.org/entity/Q108669617,Toki Pona: la langue du bien,,,,,,No,,,French,http://www.wikidata.org/entity/Q150
http://www.wikidata.org/entity/Q1865620,Little Brother,novel,United States,"39.828175,-98.5795",Yes,-98.5795,39.828175,n/a,http://www.wikidata.org/entity/Q110436,Q110436,Cory Doctorow,Canada,http://www.wikidata.org/entity/Q1860,English,http://www.wikidata.org/entity/Q111016288,Little Brother,,,,,,No,,Christian Wöhrl,German,http://www.wikidata.org/entity/Q188
http://www.wikidata.org/entity/Q52399365,"Jeanne, fille du Roy",novel,Canada,"56,-109",Yes,-109,56,Éditions Fides,http://www.wikidata.org/entity/Q3106522,Q3106522,Gilles Tibo,Canada,http://www.wikidata.org/entity/Q150,French,http://www.wikidata.org/entity/Q7744440,The King's Daughter,,,,,,No,,,English,http://www.wikidata.org/entity/Q1860
http://www.wikidata.org/entity/Q64863366,Pleurer pour rire,play,Canada,"56,-109",Yes,-109,56,n/a,http://www.wikidata.org/entity/Q3289374,Q3289374,Marcel Sabourin,Canada,http://www.wikidata.org/entity/Q150,French,http://www.wikidata.org/entity/Q64863371,Llorar para reír,,,,,,No,,,Spanish,http://www.wikidata.org/entity/Q1321
http://www.wikidata.org/entity/Q106776674,For the love of men : a new vision for mindful masculinity,,n/a,,No,,,n/a,http://www.wikidata.org/entity/Q30588399,Q30588399,Elizabeth Plank,Canada,http://www.wikidata.org/entity/Q1860,English,http://www.wikidata.org/entity/Q106776710,Pour l'amour des hommes : dialogue pour une masculinité positive,,,,,,No,,,French,http://www.wikidata.org/entity/Q150
http://www.wikidata.org/entity/Q20645702,Station Eleven,novel,Canada,"56,-109",Yes,-109,56,n/a,http://www.wikidata.org/entity/Q3052385,Q3052385,Emily St. John Mandel,Canada,http://www.wikidata.org/entity/Q1860,English,http://www.wikidata.org/entity/Q116173104,Station Eleven,,,,,,No,,,French,http://www.wikidata.org/entity/Q150
http://www.wikidata.org/entity/Q20645702,Station Eleven,novel,Canada,"56,-109",Yes,-109,56,n/a,http://www.wikidata.org/entity/Q3052385,Q3052385,Emily St. John Mandel,Canada,http://www.wikidata.org/entity/Q1860,English,http://www.wikidata.org/entity/Q116173108,Station Eleven,,,,,,No,,,French,http://www.wikidata.org/entity/Q150
http://www.wikidata.org/entity/Q20645702,Station Eleven,novel,Canada,"56,-109",Yes,-109,56,n/a,http://www.wikidata.org/entity/Q3052385,Q3052385,Emily St. John Mandel,Canada,http://www.wikidata.org/entity/Q1860,English,http://www.wikidata.org/entity/Q116173118,Station Eleven,,,,,,No,,,French,http://www.wikidata.org/entity/Q150
http://www.wikidata.org/entity/Q10339727,The Return,novel,United States,"39.828175,-98.5795",Yes,-98.5795,39.828175,Pocket Books,http://www.wikidata.org/entity/Q16297,Q16297,William Shatner,Canada,http://www.wikidata.org/entity/Q1860,English,http://www.wikidata.org/entity/Q54825071,Die Rückkehr,,,,,,No,,,German,http://www.wikidata.org/entity/Q188
http://www.wikidata.org/entity/Q10339727,The Return,novel,United States,"39.828175,-98.5795",Yes,-98.5795,39.828175,Pocket Books,http://www.wikidata.org/entity/Q16297,Q16297,William Shatner,Canada,http://www.wikidata.org/entity/Q1860,English,http://www.wikidata.org/entity/Q54825072,Die Rückkehr,,,,,,No,,,German,http://www.wikidata.org/entity/Q188
http://www.wikidata.org/entity/Q19758340,Beyond Games and Scripts,short story collection,n/a,,No,,,n/a,http://www.wikidata.org/entity/Q44836,Q44836,Eric Berne,Canada,http://www.wikidata.org/entity/Q1860,English,http://www.wikidata.org/entity/Q86215117,За пределами игр и сценариев,,,,,,No,,,Russian,http://www.wikidata.org/entity/Q7737
http://www.wikidata.org/entity/Q565911,Anne of Green Gables,,Canada,"56,-109",Yes,-109,56,L. C. Page & Company,http://www.wikidata.org/entity/Q273034,Q273034,Lucy Maud Montgomery,Canada,http://www.wikidata.org/entity/Q1860,English,http://www.wikidata.org/entity/Q83456853,Anne of Green Gables,,,,,,No,,,Korean,http://www.wikidata.org/entity/Q9176
http://www.wikidata.org/entity/Q115131783,The Climate Book,,n/a,,No,,,n/a,http://www.wikidata.org/entity/Q236606,Q236606,Naomi Klein,Canada,http://www.wikidata.org/entity/Q1860,English,http://www.wikidata.org/entity/Q115412117,The Climate Book,,,,,,No,,,Portuguese,http://www.wikidata.org/entity/Q5146
http://www.wikidata.org/entity/Q62703767,21 Cardinals,novel,Canada,"56,-109",Yes,-109,56,n/a,http://www.wikidata.org/entity/Q3179881,Q3179881,Jocelyne Saucier,Canada,http://www.wikidata.org/entity/Q150,French,http://www.wikidata.org/entity/Q115267089,Niemals ohne sie,,,,,,No,,Sonja Finck,German,http://www.wikidata.org/entity/Q188
http://www.wikidata.org/entity/Q114354168,"This miracle plant was eaten into extinction 2,000 years ago—or was it?",,n/a,,No,,,n/a,http://www.wikidata.org/entity/Q7685527,Q7685527,Taras Grescoe,Canada,http://www.wikidata.org/entity/Q1860,English,http://www.wikidata.org/entity/Q114354357,"On la croyait éteinte depuis 2 000 ans, cette plante miracle pourrait faire son grand retour",,,,,,No,,,French,http://www.wikidata.org/entity/Q150
http://www.wikidata.org/entity/Q115131783,The Climate Book,,n/a,,No,,,n/a,http://www.wikidata.org/entity/Q26704483,Q26704483,John Brownstein,Canada,http://www.wikidata.org/entity/Q1860,English,http://www.wikidata.org/entity/Q115412117,The Climate Book,,,,,,No,,,Portuguese,http://www.wikidata.org/entity/Q5146
http://www.wikidata.org/entity/Q30727660,La Femme qui fuit,novel,Canada,"56,-109",Yes,-109,56,n/a,http://www.wikidata.org/entity/Q2845696,Q2845696,Anaïs Barbeau-Lavalette,Canada,http://www.wikidata.org/entity/Q150,French,http://www.wikidata.org/entity/Q104716498,Suzanne,,,,,,No,,Rhonda Mullins,English,http://www.wikidata.org/entity/Q1860
http://www.wikidata.org/entity/Q20645702,Station Eleven,novel,Canada,"56,-109",Yes,-109,56,n/a,http://www.wikidata.org/entity/Q3052385,Q3052385,Emily St. John Mandel,Canada,http://www.wikidata.org/entity/Q1860,English,http://www.wikidata.org/entity/Q116173088,Station Elf,,,,,,No,,,Dutch,http://www.wikidata.org/entity/Q7411
http://www.wikidata.org/entity/Q20645702,Station Eleven,novel,Canada,"56,-109",Yes,-109,56,n/a,http://www.wikidata.org/entity/Q3052385,Q3052385,Emily St. John Mandel,Canada,http://www.wikidata.org/entity/Q1860,English,http://www.wikidata.org/entity/Q116173083,Estação Onze,,,,,,No,,,Portuguese,http://www.wikidata.org/entity/Q5146
http://www.wikidata.org/entity/Q20645702,Station Eleven,novel,Canada,"56,-109",Yes,-109,56,n/a,http://www.wikidata.org/entity/Q3052385,Q3052385,Emily St. John Mandel,Canada,http://www.wikidata.org/entity/Q1860,English,http://www.wikidata.org/entity/Q116173092,Estação Onze,,,,,,No,,,Portuguese,http://www.wikidata.org/entity/Q5146
http://www.wikidata.org/entity/Q20645702,Station Eleven,novel,Canada,"56,-109",Yes,-109,56,n/a,http://www.wikidata.org/entity/Q3052385,Q3052385,Emily St. John Mandel,Canada,http://www.wikidata.org/entity/Q1860,English,http://www.wikidata.org/entity/Q116173131,Estação Onze,,,,,,No,,,Portuguese,http://www.wikidata.org/entity/Q5146
http://www.wikidata.org/entity/Q20645702,Station Eleven,novel,Canada,"56,-109",Yes,-109,56,n/a,http://www.wikidata.org/entity/Q3052385,Q3052385,Emily St. John Mandel,Canada,http://www.wikidata.org/entity/Q1860,English,http://www.wikidata.org/entity/Q116173087,Σταθμός Έντεκα,,,,,,No,,,Greek,http://www.wikidata.org/entity/Q9129
http://www.wikidata.org/entity/Q20645702,Station Eleven,novel,Canada,"56,-109",Yes,-109,56,n/a,http://www.wikidata.org/entity/Q3052385,Q3052385,Emily St. John Mandel,Canada,http://www.wikidata.org/entity/Q1860,English,http://www.wikidata.org/entity/Q116173112,Station Elva,,,,,,No,,,Swedish,http://www.wikidata.org/entity/Q9027
http://www.wikidata.org/entity/Q20645702,Station Eleven,novel,Canada,"56,-109",Yes,-109,56,n/a,http://www.wikidata.org/entity/Q3052385,Q3052385,Emily St. John Mandel,Canada,http://www.wikidata.org/entity/Q1860,English,http://www.wikidata.org/entity/Q116173081,Das Licht der letzten Tage,,,,,,No,,,German,http://www.wikidata.org/entity/Q188
http://www.wikidata.org/entity/Q20645702,Station Eleven,novel,Canada,"56,-109",Yes,-109,56,n/a,http://www.wikidata.org/entity/Q3052385,Q3052385,Emily St. John Mandel,Canada,http://www.wikidata.org/entity/Q1860,English,http://www.wikidata.org/entity/Q116173080,Estación once,,,,,,No,,,Spanish,http://www.wikidata.org/entity/Q1321
http://www.wikidata.org/entity/Q20645702,Station Eleven,novel,Canada,"56,-109",Yes,-109,56,n/a,http://www.wikidata.org/entity/Q3052385,Q3052385,Emily St. John Mandel,Canada,http://www.wikidata.org/entity/Q1860,English,http://www.wikidata.org/entity/Q116173113,Das Licht der letzten Tage,,,,,,No,,,German,http://www.wikidata.org/entity/Q188
http://www.wikidata.org/entity/Q20645702,Station Eleven,novel,Canada,"56,-109",Yes,-109,56,n/a,http://www.wikidata.org/entity/Q3052385,Q3052385,Emily St. John Mandel,Canada,http://www.wikidata.org/entity/Q1860,English,http://www.wikidata.org/entity/Q116173101,Estación once,,,,,,No,,,Spanish,http://www.wikidata.org/entity/Q1321
http://www.wikidata.org/entity/Q20645702,Station Eleven,novel,Canada,"56,-109",Yes,-109,56,n/a,http://www.wikidata.org/entity/Q3052385,Q3052385,Emily St. John Mandel,Canada,http://www.wikidata.org/entity/Q1860,English,http://www.wikidata.org/entity/Q116173130,Tizenegyes állomás,,,,,,No,,,Hungarian,http://www.wikidata.org/entity/Q9067
http://www.wikidata.org/entity/Q20645702,Station Eleven,novel,Canada,"56,-109",Yes,-109,56,n/a,http://www.wikidata.org/entity/Q3052385,Q3052385,Emily St. John Mandel,Canada,http://www.wikidata.org/entity/Q1860,English,http://www.wikidata.org/entity/Q116173098,Станция Одиннадцать,,,,,,No,,,Russian,http://www.wikidata.org/entity/Q7737
http://www.wikidata.org/entity/Q20645702,Station Eleven,novel,Canada,"56,-109",Yes,-109,56,n/a,http://www.wikidata.org/entity/Q3052385,Q3052385,Emily St. John Mandel,Canada,http://www.wikidata.org/entity/Q1860,English,http://www.wikidata.org/entity/Q116173096,İstasyon On Bir,,,,,,No,,,Turkish,http://www.wikidata.org/entity/Q256
http://www.wikidata.org/entity/Q20645702,Station Eleven,novel,Canada,"56,-109",Yes,-109,56,n/a,http://www.wikidata.org/entity/Q3052385,Q3052385,Emily St. John Mandel,Canada,http://www.wikidata.org/entity/Q1860,English,http://www.wikidata.org/entity/Q116173086,Stazione undici,,,,,,No,,,Italian,http://www.wikidata.org/entity/Q652
http://www.wikidata.org/entity/Q20645702,Station Eleven,novel,Canada,"56,-109",Yes,-109,56,n/a,http://www.wikidata.org/entity/Q3052385,Q3052385,Emily St. John Mandel,Canada,http://www.wikidata.org/entity/Q1860,English,http://www.wikidata.org/entity/Q116173091,Станция Единайсет,,,,,,No,,,Bulgarian,http://www.wikidata.org/entity/Q7918
http://www.wikidata.org/entity/Q20645702,Station Eleven,novel,Canada,"56,-109",Yes,-109,56,n/a,http://www.wikidata.org/entity/Q3052385,Q3052385,Emily St. John Mandel,Canada,http://www.wikidata.org/entity/Q1860,English,http://www.wikidata.org/entity/Q116173122,Simfonia itinerantă,,,,,,No,,,Romanian,http://www.wikidata.org/entity/Q7913
http://www.wikidata.org/entity/Q20645702,Station Eleven,novel,Canada,"56,-109",Yes,-109,56,n/a,http://www.wikidata.org/entity/Q3052385,Q3052385,Emily St. John Mandel,Canada,http://www.wikidata.org/entity/Q1860,English,http://www.wikidata.org/entity/Q116173120,Stanica Jedanaest,,,,,,No,,,Serbian,http://www.wikidata.org/entity/Q9299
http://www.wikidata.org/entity/Q20645702,Station Eleven,novel,Canada,"56,-109",Yes,-109,56,n/a,http://www.wikidata.org/entity/Q3052385,Q3052385,Emily St. John Mandel,Canada,http://www.wikidata.org/entity/Q1860,English,http://www.wikidata.org/entity/Q116173125,Postaja jedanaest,,,,,,No,,,Croatian,http://www.wikidata.org/entity/Q6654
http://www.wikidata.org/entity/Q20645702,Station Eleven,novel,Canada,"56,-109",Yes,-109,56,n/a,http://www.wikidata.org/entity/Q3052385,Q3052385,Emily St. John Mandel,Canada,http://www.wikidata.org/entity/Q1860,English,http://www.wikidata.org/entity/Q116173093,Vienuolikta stotis,,,,,,No,,,Lithuanian,http://www.wikidata.org/entity/Q9083
http://www.wikidata.org/entity/Q20645702,Station Eleven,novel,Canada,"56,-109",Yes,-109,56,n/a,http://www.wikidata.org/entity/Q3052385,Q3052385,Emily St. John Mandel,Canada,http://www.wikidata.org/entity/Q1860,English,http://www.wikidata.org/entity/Q116173109,Jaam üksteist,,,,,,No,,,Estonian,http://www.wikidata.org/entity/Q9072
http://www.wikidata.org/entity/Q20645702,Station Eleven,novel,Canada,"56,-109",Yes,-109,56,n/a,http://www.wikidata.org/entity/Q3052385,Q3052385,Emily St. John Mandel,Canada,http://www.wikidata.org/entity/Q1860,English,http://www.wikidata.org/entity/Q116173090,Asema 11,,,,,,No,,,Finnish,http://www.wikidata.org/entity/Q1412
http://www.wikidata.org/entity/Q20645702,Station Eleven,novel,Canada,"56,-109",Yes,-109,56,n/a,http://www.wikidata.org/entity/Q3052385,Q3052385,Emily St. John Mandel,Canada,http://www.wikidata.org/entity/Q1860,English,http://www.wikidata.org/entity/Q116173123,Fordi overlevelse ikke er nok,,,,,,No,,,Norwegian,http://www.wikidata.org/entity/Q9043
http://www.wikidata.org/entity/Q20645702,Station Eleven,novel,Canada,"56,-109",Yes,-109,56,n/a,http://www.wikidata.org/entity/Q3052385,Q3052385,Emily St. John Mandel,Canada,http://www.wikidata.org/entity/Q1860,English,http://www.wikidata.org/entity/Q116173085,Stacja Jedenaście,,,,,,No,,,Polish,http://www.wikidata.org/entity/Q809
http://www.wikidata.org/entity/Q20645702,Station Eleven,novel,Canada,"56,-109",Yes,-109,56,n/a,http://www.wikidata.org/entity/Q3052385,Q3052385,Emily St. John Mandel,Canada,http://www.wikidata.org/entity/Q1860,English,http://www.wikidata.org/entity/Q116173129,Stacja Jedenasta,,,,,,No,,,Polish,http://www.wikidata.org/entity/Q809
http://www.wikidata.org/entity/Q105038083,Readers of the Lost Art,short story,n/a,,No,,,n/a,http://www.wikidata.org/entity/Q3087471,Q3087471,Élisabeth Vonarburg,Canada,http://www.wikidata.org/entity/Q150,French,http://www.wikidata.org/entity/Q105038118,Readers of the Lost Art,short story,,,,,No,,Howard Scott,English,http://www.wikidata.org/entity/Q1860
http://www.wikidata.org/entity/Q109398021,Disappearing Moon Café,novel,Canada,"56,-109",Yes,-109,56,n/a,http://www.wikidata.org/entity/Q7537387,Q7537387,Sky Lee,Canada,http://www.wikidata.org/entity/Q1860,English,http://www.wikidata.org/entity/Q109517450,Disappearing Moon Café,,,,,,No,,,Chinese,http://www.wikidata.org/entity/Q7850
http://www.wikidata.org/entity/Q5036490,Captain's Glory,novel,Canada,"56,-109",Yes,-109,56,n/a,http://www.wikidata.org/entity/Q16297,Q16297,William Shatner,Canada,http://www.wikidata.org/entity/Q1860,English,http://www.wikidata.org/entity/Q54825954,Sternenfluchten,,,,,,No,,,German,http://www.wikidata.org/entity/Q188
http://www.wikidata.org/entity/Q5036490,Captain's Glory,novel,Canada,"56,-109",Yes,-109,56,n/a,http://www.wikidata.org/entity/Q16297,Q16297,William Shatner,Canada,http://www.wikidata.org/entity/Q1860,English,http://www.wikidata.org/entity/Q54825955,Sternenfluchten,,,,,,No,,,German,http://www.wikidata.org/entity/Q188
http://www.wikidata.org/entity/Q115979716,The Go Programming Language,,n/a,,No,,,n/a,http://www.wikidata.org/entity/Q92608,Q92608,Brian Kernighan,Canada,http://www.wikidata.org/entity/Q1860,English,http://www.wikidata.org/entity/Q115297295,Язык программирования Go,,,,,,No,,,Russian,http://www.wikidata.org/entity/Q7737
http://www.wikidata.org/entity/Q5036494,Captain's Peril,novel,Canada,"56,-109",Yes,-109,56,n/a,http://www.wikidata.org/entity/Q16297,Q16297,William Shatner,Canada,http://www.wikidata.org/entity/Q1860,English,http://www.wikidata.org/entity/Q54825950,Sternen­dämmerung,,,,,,No,,,German,http://www.wikidata.org/entity/Q188
http://www.wikidata.org/entity/Q5036494,Captain's Peril,novel,Canada,"56,-109",Yes,-109,56,n/a,http://www.wikidata.org/entity/Q16297,Q16297,William Shatner,Canada,http://www.wikidata.org/entity/Q1860,English,http://www.wikidata.org/entity/Q54825952,Sternen­dämmerung,,,,,,No,,,German,http://www.wikidata.org/entity/Q188
http://www.wikidata.org/entity/Q115131783,The Climate Book,,n/a,,No,,,n/a,http://www.wikidata.org/entity/Q183492,Q183492,Margaret Atwood,Canada,http://www.wikidata.org/entity/Q1860,English,http://www.wikidata.org/entity/Q115412117,The Climate Book,,,,,,No,,,Portuguese,http://www.wikidata.org/entity/Q5146
http://www.wikidata.org/entity/Q101084581,Le chant du Koï,play,n/a,,No,,,n/a,http://www.wikidata.org/entity/Q101114302,Q101114302,Jean-Philippe Lehoux,Canada,http://www.wikidata.org/entity/Q150,French,http://www.wikidata.org/entity/Q101085393,Le chant du Koï,,,,,,No,,,English,http://www.wikidata.org/entity/Q1860
http://www.wikidata.org/entity/Q20645702,Station Eleven,novel,Canada,"56,-109",Yes,-109,56,n/a,http://www.wikidata.org/entity/Q3052385,Q3052385,Emily St. John Mandel,Canada,http://www.wikidata.org/entity/Q1860,English,http://www.wikidata.org/entity/Q116173117,Vienpadsmitā stacija,,,,,,No,,,Latvian,http://www.wikidata.org/entity/Q9078
http://www.wikidata.org/entity/Q5317020,Dust of Dreams,novel,United States,"39.828175,-98.5795",Yes,-98.5795,39.828175,Bantam Books,http://www.wikidata.org/entity/Q428755,Q428755,Steven Erikson,Canada,http://www.wikidata.org/entity/Q1860,English,http://www.wikidata.org/entity/Q112711895,La Poussière des Rêves,,,,,,No,,,French,http://www.wikidata.org/entity/Q150
http://www.wikidata.org/entity/Q52399365,"Jeanne, fille du Roy",novel,Canada,"56,-109",Yes,-109,56,Éditions Fides,http://www.wikidata.org/entity/Q3506003,Q3506003,Suzanne Martel,Canada,http://www.wikidata.org/entity/Q150,French,http://www.wikidata.org/entity/Q7744440,The King's Daughter,,,,,,No,,,English,http://www.wikidata.org/entity/Q1860
http://www.wikidata.org/entity/Q115131783,The Climate Book,,n/a,,No,,,n/a,http://www.wikidata.org/entity/Q15429497,Q15429497,Katharine Hayhoe,Canada,http://www.wikidata.org/entity/Q1860,English,http://www.wikidata.org/entity/Q115412117,The Climate Book,,,,,,No,,,Portuguese,http://www.wikidata.org/entity/Q5146
http://www.wikidata.org/entity/Q17329890,"Profit, Victory & Sharpness: The Lees of Hong Kong",,n/a,,No,,,n/a,http://www.wikidata.org/entity/Q7937899,Q7937899,Vivienne Poy,Canada,http://www.wikidata.org/entity/Q1860,English,http://www.wikidata.org/entity/Q17329907,The Lees of Hong Kong,,,,,,No,,,Chinese,http://www.wikidata.org/entity/Q7850
http://www.wikidata.org/entity/Q7241069,Preserver,novel,Canada,"56,-109",Yes,-109,56,n/a,http://www.wikidata.org/entity/Q16297,Q16297,William Shatner,Canada,http://www.wikidata.org/entity/Q1860,English,http://www.wikidata.org/entity/Q54824963,Die Bewahrer,,,,,,No,,,German,http://www.wikidata.org/entity/Q188
http://www.wikidata.org/entity/Q7241069,Preserver,novel,Canada,"56,-109",Yes,-109,56,n/a,http://www.wikidata.org/entity/Q16297,Q16297,William Shatner,Canada,http://www.wikidata.org/entity/Q1860,English,http://www.wikidata.org/entity/Q54824961,Die Bewahrer,,,,,,No,,,German,http://www.wikidata.org/entity/Q188
http://www.wikidata.org/entity/Q5036490,Captain's Glory,novel,Canada,"56,-109",Yes,-109,56,n/a,http://www.wikidata.org/entity/Q20871976,Q20871976,Garfield Reeves-Stevens,Canada,http://www.wikidata.org/entity/Q1860,English,http://www.wikidata.org/entity/Q54825954,Sternenfluchten,,,,,,No,,,German,http://www.wikidata.org/entity/Q188
http://www.wikidata.org/entity/Q5036490,Captain's Glory,novel,Canada,"56,-109",Yes,-109,56,n/a,http://www.wikidata.org/entity/Q20871976,Q20871976,Garfield Reeves-Stevens,Canada,http://www.wikidata.org/entity/Q1860,English,http://www.wikidata.org/entity/Q54825955,Sternenfluchten,,,,,,No,,,German,http://www.wikidata.org/entity/Q188
http://www.wikidata.org/entity/Q7575227,Spectre,novel,Canada,"56,-109",Yes,-109,56,n/a,http://www.wikidata.org/entity/Q16297,Q16297,William Shatner,Canada,http://www.wikidata.org/entity/Q1860,English,http://www.wikidata.org/entity/Q54821047,Das Gespenst,,,,,,No,,,German,http://www.wikidata.org/entity/Q188
http://www.wikidata.org/entity/Q7575227,Spectre,novel,Canada,"56,-109",Yes,-109,56,n/a,http://www.wikidata.org/entity/Q16297,Q16297,William Shatner,Canada,http://www.wikidata.org/entity/Q1860,English,http://www.wikidata.org/entity/Q54821049,Das Gespenst,,,,,,No,,,German,http://www.wikidata.org/entity/Q188
http://www.wikidata.org/entity/Q101084705,Nordicité,,n/a,,No,,,n/a,http://www.wikidata.org/entity/Q55725263,Q55725263,José Babin,Canada,http://www.wikidata.org/entity/Q150,French,http://www.wikidata.org/entity/Q101085054,Nordicité,,,,,,No,,,English,http://www.wikidata.org/entity/Q1860
http://www.wikidata.org/entity/Q1078499,Axis,novel,United States,"39.828175,-98.5795",Yes,-98.5795,39.828175,n/a,http://www.wikidata.org/entity/Q240786,Q240786,Robert Charles Wilson,Canada,http://www.wikidata.org/entity/Q1860,English,http://www.wikidata.org/entity/Q87648397,Axis,,http://www.wikidata.org/entity/Q142,France,"47,2",2,Yes,47,,French,http://www.wikidata.org/entity/Q150
http://www.wikidata.org/entity/Q5195296,Curse of the Viking Grave,novel,Canada,"56,-109",Yes,-109,56,"Little, Brown and Company",http://www.wikidata.org/entity/Q966679,Q966679,Farley Mowat,Canada,http://www.wikidata.org/entity/Q1860,English,http://www.wikidata.org/entity/Q15442747,Stopy ve sněhu; Kletba vikingova hrobu,,http://www.wikidata.org/entity/Q1085,Prague,"50.0875,14.421388888888888",14.421388888888888,Yes,50.0875,,Czech,http://www.wikidata.org/entity/Q9056
http://www.wikidata.org/entity/Q6842823,Midnight Tides,novel,United States,"39.828175,-98.5795",Yes,-98.5795,39.828175,n/a,http://www.wikidata.org/entity/Q428755,Q428755,Steven Erikson,Canada,http://www.wikidata.org/entity/Q1860,English,http://www.wikidata.org/entity/Q112713206,Les Marées de Minuit,,http://www.wikidata.org/entity/Q142,France,"47,2",2,Yes,47,,French,http://www.wikidata.org/entity/Q150
http://www.wikidata.org/entity/Q2265892,The Presentation of Self in Everyday Life,,United States,"39.828175,-98.5795",Yes,-98.5795,39.828175,Random House,http://www.wikidata.org/entity/Q314471,Q314471,Erving Goffman,Canada,http://www.wikidata.org/entity/Q1860,English,http://www.wikidata.org/entity/Q108854428,La présentation de soi,,http://www.wikidata.org/entity/Q90,Paris,"48.85666666666667,2.352222222222222",2.352222222222222,Yes,48.85666666666667,Alain Accardo,French,http://www.wikidata.org/entity/Q150
http://www.wikidata.org/entity/Q1352419,Anne of the Island,,Canada,"56,-109",Yes,-109,56,L. C. Page & Co.,http://www.wikidata.org/entity/Q273034,Q273034,Lucy Maud Montgomery,Canada,http://www.wikidata.org/entity/Q1860,English,http://www.wikidata.org/entity/Q58368041,Anne of the Island,,http://www.wikidata.org/entity/Q580,Łódź,"51.75,19.466666666667",19.466666666667,Yes,51.75,Marceli Tarnowski,Polish,http://www.wikidata.org/entity/Q809
http://www.wikidata.org/entity/Q23304005,In the Realm of Hungry Ghosts,,n/a,,No,,,n/a,http://www.wikidata.org/entity/Q1212694,Q1212694,Gabor Maté,Canada,http://www.wikidata.org/entity/Q1860,English,http://www.wikidata.org/entity/Q97323950,V říši hladových duchů,,http://www.wikidata.org/entity/Q1085,Prague,"50.0875,14.421388888888888",14.421388888888888,Yes,50.0875,Viktor Jurek,Czech,http://www.wikidata.org/entity/Q9056
http://www.wikidata.org/entity/Q2301398,Spin,novel,United States,"39.828175,-98.5795",Yes,-98.5795,39.828175,n/a,http://www.wikidata.org/entity/Q240786,Q240786,Robert Charles Wilson,Canada,http://www.wikidata.org/entity/Q1860,English,http://www.wikidata.org/entity/Q87581940,Spin,,http://www.wikidata.org/entity/Q142,France,"47,2",2,Yes,47,,French,http://www.wikidata.org/entity/Q150
http://www.wikidata.org/entity/Q1331757,Anne of Avonlea,novel,Canada,"56,-109",Yes,-109,56,Louis Coues Page,http://www.wikidata.org/entity/Q273034,Q273034,Lucy Maud Montgomery,Canada,http://www.wikidata.org/entity/Q1860,English,http://www.wikidata.org/entity/Q65524113,Vår vän Anne,,http://www.wikidata.org/entity/Q2167,Lund,"55.708313018551,13.199164196669",13.199164196669,Yes,55.708313018551,Karin Jensen,Swedish,http://www.wikidata.org/entity/Q9027
http://www.wikidata.org/entity/Q6684449,Lost in the Barrens,novel,Canada,"56,-109",Yes,-109,56,"Little, Brown and Company",http://www.wikidata.org/entity/Q966679,Q966679,Farley Mowat,Canada,http://www.wikidata.org/entity/Q1860,English,http://www.wikidata.org/entity/Q15442747,Stopy ve sněhu; Kletba vikingova hrobu,,http://www.wikidata.org/entity/Q1085,Prague,"50.0875,14.421388888888888",14.421388888888888,Yes,50.0875,,Czech,http://www.wikidata.org/entity/Q9056
http://www.wikidata.org/entity/Q2394369,Rainbow Valley,novel,Canada,"56,-109",Yes,-109,56,Frederick A. Stokes,http://www.wikidata.org/entity/Q273034,Q273034,Lucy Maud Montgomery,Canada,http://www.wikidata.org/entity/Q1860,English,http://www.wikidata.org/entity/Q65529491,Regnbågens dal,,http://www.wikidata.org/entity/Q2167,Lund,"55.708313018551,13.199164196669",13.199164196669,Yes,55.708313018551,Karin Jensen,Swedish,http://www.wikidata.org/entity/Q9027
http://www.wikidata.org/entity/Q4165638,House of Chains,novel,United States,"39.828175,-98.5795",Yes,-98.5795,39.828175,n/a,http://www.wikidata.org/entity/Q428755,Q428755,Steven Erikson,Canada,http://www.wikidata.org/entity/Q1860,English,http://www.wikidata.org/entity/Q112707197,La Maison des Chaînes,,http://www.wikidata.org/entity/Q142,France,"47,2",2,Yes,47,,French,http://www.wikidata.org/entity/Q150
http://www.wikidata.org/entity/Q1099716,The Chronoliths,novel,United States,"39.828175,-98.5795",Yes,-98.5795,39.828175,n/a,http://www.wikidata.org/entity/Q240786,Q240786,Robert Charles Wilson,Canada,http://www.wikidata.org/entity/Q1860,English,http://www.wikidata.org/entity/Q87407284,Die Chronolithen,,http://www.wikidata.org/entity/Q183,Germany,"51,10",10,Yes,51,Hendrik P. Linckens,German,http://www.wikidata.org/entity/Q188
http://www.wikidata.org/entity/Q630382,The Bonehunters,novel,United States,"39.828175,-98.5795",Yes,-98.5795,39.828175,Bantam Books,http://www.wikidata.org/entity/Q428755,Q428755,Steven Erikson,Canada,http://www.wikidata.org/entity/Q1860,English,http://www.wikidata.org/entity/Q112714741,Les Osseleurs,,http://www.wikidata.org/entity/Q142,France,"47,2",2,Yes,47,,French,http://www.wikidata.org/entity/Q150
http://www.wikidata.org/entity/Q4343791,Memories of Ice,novel,United States,"39.828175,-98.5795",Yes,-98.5795,39.828175,n/a,http://www.wikidata.org/entity/Q428755,Q428755,Steven Erikson,Canada,http://www.wikidata.org/entity/Q1860,English,http://www.wikidata.org/entity/Q112706443,Les Souvenirs de la Glace,,http://www.wikidata.org/entity/Q142,France,"47,2",2,Yes,47,,French,http://www.wikidata.org/entity/Q150
http://www.wikidata.org/entity/Q59590029,Cornelius Krieghoff: The Habitant Farm,,n/a,,No,,,n/a,http://www.wikidata.org/entity/Q6256012,Q6256012,John Russell Harper,Canada,http://www.wikidata.org/entity/Q150,French,http://www.wikidata.org/entity/Q59589859,Cornelius Krieghoff: The Habitant Farm,,http://www.wikidata.org/entity/Q1930,Ottawa,"45.424722222222,-75.695",-75.695,Yes,45.424722222222,,English,http://www.wikidata.org/entity/Q1860
http://www.wikidata.org/entity/Q3656259,The Discovery of the Unconscious,,United States,"39.828175,-98.5795",Yes,-98.5795,39.828175,Basic Books,http://www.wikidata.org/entity/Q115111,Q115111,Henri Ellenberger,Canada,http://www.wikidata.org/entity/Q1860,English,http://www.wikidata.org/entity/Q57979550,Открытие бессознательного,,http://www.wikidata.org/entity/Q649,Moscow,"55.75055555555556,37.6175",37.6175,Yes,55.75055555555556,Valery Zelensky,Russian,http://www.wikidata.org/entity/Q7737
http://www.wikidata.org/entity/Q59590029,Cornelius Krieghoff: The Habitant Farm,,n/a,,No,,,n/a,http://www.wikidata.org/entity/Q6256012,Q6256012,John Russell Harper,Canada,http://www.wikidata.org/entity/Q1860,English,http://www.wikidata.org/entity/Q59589859,Cornelius Krieghoff: The Habitant Farm,,http://www.wikidata.org/entity/Q1930,Ottawa,"45.424722222222,-75.695",-75.695,Yes,45.424722222222,,English,http://www.wikidata.org/entity/Q150
http://www.wikidata.org/entity/Q1323801,Deadhouse Gates,novel,United States,"39.828175,-98.5795",Yes,-98.5795,39.828175,n/a,http://www.wikidata.org/entity/Q428755,Q428755,Steven Erikson,Canada,http://www.wikidata.org/entity/Q1860,English,http://www.wikidata.org/entity/Q112704688,Les Portes de la Maison des Morts,,http://www.wikidata.org/entity/Q142,France,"47,2",2,Yes,47,,French,http://www.wikidata.org/entity/Q150
http://www.wikidata.org/entity/Q112892732,Tragedy,,n/a,,No,,,Methuen Publishing,http://www.wikidata.org/entity/Q5132994,Q5132994,Clifford Leech,Canada,http://www.wikidata.org/entity/Q1860,English,http://www.wikidata.org/entity/Q112892991,al-Kūmīdȳā wa-al-Trājīdīyā,,http://www.wikidata.org/entity/Q35178,Kuwait City,"29.375,47.98",47.98,Yes,29.375,Ali Ahmad Mahmmoud,Arabic,http://www.wikidata.org/entity/Q13955
http://www.wikidata.org/entity/Q3623828,The Sisters Brothers,novel,United States,"39.828175,-98.5795",Yes,-98.5795,39.828175,Ecco,http://www.wikidata.org/entity/Q3702063,Q3702063,Patrick deWitt,Canada,http://www.wikidata.org/entity/Q1860,English,http://www.wikidata.org/entity/Q107228267,Les frères Sisters,,http://www.wikidata.org/entity/Q2145,Quebec City,"46.816111,-71.224167",-71.224167,Yes,46.816111,Philippe Aronson,French,http://www.wikidata.org/entity/Q150
http://www.wikidata.org/entity/Q2906615,Blind Lake,novel,United States,"39.828175,-98.5795",Yes,-98.5795,39.828175,n/a,http://www.wikidata.org/entity/Q240786,Q240786,Robert Charles Wilson,Canada,http://www.wikidata.org/entity/Q1860,English,http://www.wikidata.org/entity/Q87411328,Blind Lake,,http://www.wikidata.org/entity/Q142,France,"47,2",2,Yes,47,,French,http://www.wikidata.org/entity/Q150
http://www.wikidata.org/entity/Q565911,Anne of Green Gables,,Canada,"56,-109",Yes,-109,56,L. C. Page & Company,http://www.wikidata.org/entity/Q273034,Q273034,Lucy Maud Montgomery,Canada,http://www.wikidata.org/entity/Q1860,English,http://www.wikidata.org/entity/Q65524559,Anne på Grönkulla,,http://www.wikidata.org/entity/Q2167,Lund,"55.708313018551,13.199164196669",13.199164196669,Yes,55.708313018551,Karin Jensen,Swedish,http://www.wikidata.org/entity/Q9027
http://www.wikidata.org/entity/Q1137974,The C Programming Language,,United States,"39.828175,-98.5795",Yes,-98.5795,39.828175,n/a,http://www.wikidata.org/entity/Q92608,Q92608,Brian Kernighan,Canada,http://www.wikidata.org/entity/Q1860,English,http://www.wikidata.org/entity/Q63565609,El lenguaje de programación C,,http://www.wikidata.org/entity/Q219574,Naucalpan de Juárez Municipality,"19.47,-99.29",-99.29,Yes,19.47,,Spanish,http://www.wikidata.org/entity/Q1321
http://www.wikidata.org/entity/Q2265892,The Presentation of Self in Everyday Life,,United States,"39.828175,-98.5795",Yes,-98.5795,39.828175,Random House,http://www.wikidata.org/entity/Q314471,Q314471,Erving Goffman,Canada,http://www.wikidata.org/entity/Q1860,English,http://www.wikidata.org/entity/Q108854388,La mise en scène de la vie quotidienne 1 : La présentation de soi,,http://www.wikidata.org/entity/Q90,Paris,"48.85666666666667,2.352222222222222",2.352222222222222,Yes,48.85666666666667,,French,http://www.wikidata.org/entity/Q150
http://www.wikidata.org/entity/Q2420701,Anne's House of Dreams,,Canada,"56,-109",Yes,-109,56,McClelland & Stewart,http://www.wikidata.org/entity/Q273034,Q273034,Lucy Maud Montgomery,Canada,http://www.wikidata.org/entity/Q1860,English,http://www.wikidata.org/entity/Q100701542,Drömslottet,,http://www.wikidata.org/entity/Q2167,Lund,"55.708313018551,13.199164196669",13.199164196669,Yes,55.708313018551,Karin Jensen,Swedish,http://www.wikidata.org/entity/Q9027
http://www.wikidata.org/entity/Q5436486,Farthing,novel,United States,"39.828175,-98.5795",Yes,-98.5795,39.828175,n/a,http://www.wikidata.org/entity/Q438330,Q438330,Jo Walton,Canada,http://www.wikidata.org/entity/Q1860,English,http://www.wikidata.org/entity/Q100718039,英雄たちの朝　ファージング I,,http://www.wikidata.org/entity/Q17,Japan,"35,136",136,Yes,35,,Japanese,http://www.wikidata.org/entity/Q5287
http://www.wikidata.org/entity/Q1352419,Anne of the Island,,Canada,"56,-109",Yes,-109,56,L. C. Page & Co.,http://www.wikidata.org/entity/Q273034,Q273034,Lucy Maud Montgomery,Canada,http://www.wikidata.org/entity/Q1860,English,http://www.wikidata.org/entity/Q108946517,Ania na uniwersytecie,,http://www.wikidata.org/entity/Q270,Warsaw,"52.23,21.011111111111113",21.011111111111113,Yes,52.23,Janina Zawisza-Krasucka,Polish,http://www.wikidata.org/entity/Q809
http://www.wikidata.org/entity/Q3227472,The Outlander,novel,Canada,"56,-109",Yes,-109,56,n/a,http://www.wikidata.org/entity/Q3104190,Q3104190,Germaine Guèvremont,Canada,http://www.wikidata.org/entity/Q150,French,http://www.wikidata.org/entity/Q61767363,Q61767363,,http://www.wikidata.org/entity/Q60,,,,No,,,,http://www.wikidata.org/entity/Q1860
http://www.wikidata.org/entity/Q74896635,Armand Durand: or A Promise Fulfilled,novel,n/a,,No,,,n/a,http://www.wikidata.org/entity/Q7367330,Q7367330,Rosanna Eleanor Leprohon,Canada,http://www.wikidata.org/entity/Q1860,English,http://www.wikidata.org/entity/Q74896776,Armand Durand ou La Promesse accomplie,,http://www.wikidata.org/entity/Q340,Montreal,"45.5033426,-73.5868411",-73.5868411,Yes,45.5033426,Joseph-Auguste Genand,French,http://www.wikidata.org/entity/Q150
http://www.wikidata.org/entity/Q3051580,Elminster – The Making of a Mage,novel,United States,"39.828175,-98.5795",Yes,-98.5795,39.828175,n/a,http://www.wikidata.org/entity/Q266075,Q266075,Ed Greenwood,Canada,http://www.wikidata.org/entity/Q1860,English,http://www.wikidata.org/entity/Q3723580,Elminster: la nascita di un mago (2000),,http://www.wikidata.org/entity/Q490,Milan,"45.466944444444,9.19",9.19,Yes,45.466944444444,Adria Tissoni,Italian,http://www.wikidata.org/entity/Q652
http://www.wikidata.org/entity/Q441055,Gardens of the Moon,novel,Canada,"56,-109",Yes,-109,56,n/a,http://www.wikidata.org/entity/Q428755,Q428755,Steven Erikson,Canada,http://www.wikidata.org/entity/Q1860,English,http://www.wikidata.org/entity/Q112689908,Les Jardins de la Lune,,http://www.wikidata.org/entity/Q142,France,"47,2",2,Yes,47,,French,http://www.wikidata.org/entity/Q150
http://www.wikidata.org/entity/Q56612134,La Scouine,novel,Canada,"56,-109",Yes,-109,56,n/a,http://www.wikidata.org/entity/Q2831298,Q2831298,Albert Laberge,Canada,http://www.wikidata.org/entity/Q150,French,http://www.wikidata.org/entity/Q58006004,Bitter Bread,,http://www.wikidata.org/entity/Q340,Montreal,"45.5033426,-73.5868411",-73.5868411,Yes,45.5033426,Conrad Dion,English,http://www.wikidata.org/entity/Q1860
http://www.wikidata.org/entity/Q441055,Gardens of the Moon,novel,Canada,"56,-109",Yes,-109,56,n/a,http://www.wikidata.org/entity/Q428755,Q428755,Steven Erikson,Canada,http://www.wikidata.org/entity/Q1860,English,http://www.wikidata.org/entity/Q112689498,Les Jardins de la Lune,,http://www.wikidata.org/entity/Q142,France,"47,2",2,Yes,47,,French,http://www.wikidata.org/entity/Q150
http://www.wikidata.org/entity/Q441055,Gardens of the Moon,novel,Canada,"56,-109",Yes,-109,56,n/a,http://www.wikidata.org/entity/Q428755,Q428755,Steven Erikson,Canada,http://www.wikidata.org/entity/Q1860,English,http://www.wikidata.org/entity/Q121621945,Les Jardins de la Lune,,,,,,No,,,French,http://www.wikidata.org/entity/Q150
http://www.wikidata.org/entity/Q441055,Gardens of the Moon,novel,Canada,"56,-109",Yes,-109,56,n/a,http://www.wikidata.org/entity/Q428755,Q428755,Steven Erikson,Canada,http://www.wikidata.org/entity/Q1860,English,http://www.wikidata.org/entity/Q121622985,Les Jardins de la Lune,,,,,,No,,,French,http://www.wikidata.org/entity/Q150
http://www.wikidata.org/entity/Q957076,The World of Null-A,novel,United States,"39.828175,-98.5795",Yes,-98.5795,39.828175,Simon & Schuster,http://www.wikidata.org/entity/Q315059,Q315059,A. E. van Vogt,Canada,http://www.wikidata.org/entity/Q1860,English,http://www.wikidata.org/entity/Q120730686,Le Monde des Ā,,,,,,No,,,French,http://www.wikidata.org/entity/Q150
http://www.wikidata.org/entity/Q2005135,The Weapon Shops of Isher,novel,United States,"39.828175,-98.5795",Yes,-98.5795,39.828175,n/a,http://www.wikidata.org/entity/Q315059,Q315059,A. E. van Vogt,Canada,http://www.wikidata.org/entity/Q1860,English,http://www.wikidata.org/entity/Q120730849,Les Armureries d'Isher,,,,,,No,,,French,http://www.wikidata.org/entity/Q150
,,fix-up,,,No,,,,,,,,,,,,,,,,,No,,,,
http://www.wikidata.org/entity/Q2017697,The Players of Null-A,novel,United States,"39.828175,-98.5795",Yes,-98.5795,39.828175,Ace Books,http://www.wikidata.org/entity/Q315059,Q315059,A. E. van Vogt,Canada,http://www.wikidata.org/entity/Q1860,English,http://www.wikidata.org/entity/Q120730742,Les Aventures de Ā,,,,,,No,,,French,http://www.wikidata.org/entity/Q150
http://www.wikidata.org/entity/Q2779707,The Voyage of the Space Beagle,fix-up,United States,"39.828175,-98.5795",Yes,-98.5795,39.828175,Simon & Schuster,http://www.wikidata.org/entity/Q315059,Q315059,A. E. van Vogt,Canada,http://www.wikidata.org/entity/Q1860,English,http://www.wikidata.org/entity/Q120730687,La Faune de l'espace,,,,,,No,,,French,http://www.wikidata.org/entity/Q150
,,novel,,,No,,,,,,,,,,,,,,,,,No,,,,
http://www.wikidata.org/entity/Q1323801,Deadhouse Gates,novel,United States,"39.828175,-98.5795",Yes,-98.5795,39.828175,n/a,http://www.wikidata.org/entity/Q428755,Q428755,Steven Erikson,Canada,http://www.wikidata.org/entity/Q1860,English,http://www.wikidata.org/entity/Q121623792,Les Portes de la Maison des Morts,,,,,,No,,,French,http://www.wikidata.org/entity/Q150
http://www.wikidata.org/entity/Q3223992,The Book of Ptath,novel,United States,"39.828175,-98.5795",Yes,-98.5795,39.828175,Fantasy Press,http://www.wikidata.org/entity/Q315059,Q315059,A. E. van Vogt,Canada,http://www.wikidata.org/entity/Q1860,English,http://www.wikidata.org/entity/Q120730850,Le Livre de Ptath,,,,,,No,,,French,http://www.wikidata.org/entity/Q150
http://www.wikidata.org/entity/Q20645702,Station Eleven,novel,Canada,"56,-109",Yes,-109,56,n/a,http://www.wikidata.org/entity/Q3052385,Q3052385,Emily St. John Mandel,Canada,http://www.wikidata.org/entity/Q1860,English,http://www.wikidata.org/entity/Q116173252,Station Eleven,,,,,,No,,,German,http://www.wikidata.org/entity/Q188
http://www.wikidata.org/entity/Q20645702,Station Eleven,novel,Canada,"56,-109",Yes,-109,56,n/a,http://www.wikidata.org/entity/Q3052385,Q3052385,Emily St. John Mandel,Canada,http://www.wikidata.org/entity/Q1860,English,http://www.wikidata.org/entity/Q116173180,Station Eleven,,,,,,No,,,French,http://www.wikidata.org/entity/Q150
http://www.wikidata.org/entity/Q20645702,Station Eleven,novel,Canada,"56,-109",Yes,-109,56,n/a,http://www.wikidata.org/entity/Q3052385,Q3052385,Emily St. John Mandel,Canada,http://www.wikidata.org/entity/Q1860,English,http://www.wikidata.org/entity/Q116173182,Station Eleven,,,,,,No,,,Indonesian,http://www.wikidata.org/entity/Q9240
http://www.wikidata.org/entity/Q20645702,Station Eleven,novel,Canada,"56,-109",Yes,-109,56,n/a,http://www.wikidata.org/entity/Q3052385,Q3052385,Emily St. John Mandel,Canada,http://www.wikidata.org/entity/Q1860,English,http://www.wikidata.org/entity/Q116173202,Station Eleven,,,,,,No,,,French,http://www.wikidata.org/entity/Q150
http://www.wikidata.org/entity/Q20645702,Station Eleven,novel,Canada,"56,-109",Yes,-109,56,n/a,http://www.wikidata.org/entity/Q3052385,Q3052385,Emily St. John Mandel,Canada,http://www.wikidata.org/entity/Q1860,English,http://www.wikidata.org/entity/Q116173211,Station Eleven,,,,,,No,,,French,http://www.wikidata.org/entity/Q150
http://www.wikidata.org/entity/Q20645702,Station Eleven,novel,Canada,"56,-109",Yes,-109,56,n/a,http://www.wikidata.org/entity/Q3052385,Q3052385,Emily St. John Mandel,Canada,http://www.wikidata.org/entity/Q1860,English,http://www.wikidata.org/entity/Q116173208,Station Eleven,,,,,,No,,Gérard de Chergé,French,http://www.wikidata.org/entity/Q150
http://www.wikidata.org/entity/Q20645702,Station Eleven,novel,Canada,"56,-109",Yes,-109,56,n/a,http://www.wikidata.org/entity/Q3052385,Q3052385,Emily St. John Mandel,Canada,http://www.wikidata.org/entity/Q1860,English,http://www.wikidata.org/entity/Q116173294,Station Eleven,,,,,,No,,,French,http://www.wikidata.org/entity/Q150
http://www.wikidata.org/entity/Q20645702,Station Eleven,novel,Canada,"56,-109",Yes,-109,56,n/a,http://www.wikidata.org/entity/Q3052385,Q3052385,Emily St. John Mandel,Canada,http://www.wikidata.org/entity/Q1860,English,http://www.wikidata.org/entity/Q116173295,Station Eleven,,,,,,No,,,French,http://www.wikidata.org/entity/Q150
http://www.wikidata.org/entity/Q20645702,Station Eleven,novel,Canada,"56,-109",Yes,-109,56,n/a,http://www.wikidata.org/entity/Q3052385,Q3052385,Emily St. John Mandel,Canada,http://www.wikidata.org/entity/Q1860,English,http://www.wikidata.org/entity/Q116173297,Station Eleven,,,,,,No,,Gérard de Chergé,French,http://www.wikidata.org/entity/Q150
http://www.wikidata.org/entity/Q20645702,Station Eleven,novel,Canada,"56,-109",Yes,-109,56,n/a,http://www.wikidata.org/entity/Q3052385,Q3052385,Emily St. John Mandel,Canada,http://www.wikidata.org/entity/Q1860,English,http://www.wikidata.org/entity/Q116173251,Station Eleven,,,,,,No,,,Norwegian,http://www.wikidata.org/entity/Q9043
http://www.wikidata.org/entity/Q834383,Games People Play,,n/a,,No,,,Grove Press,http://www.wikidata.org/entity/Q44836,Q44836,Eric Berne,Canada,http://www.wikidata.org/entity/Q1860,English,http://www.wikidata.org/entity/Q123067214,"Games People Play (Assir Al-Kotob, 2021)",,,,,,No,,,Arabic,http://www.wikidata.org/entity/Q13955
http://www.wikidata.org/entity/Q3684232,The Way the Crow Flies,novel,United States,"39.828175,-98.5795",Yes,-98.5795,39.828175,n/a,http://www.wikidata.org/entity/Q437321,Q437321,Ann-Marie MacDonald,Canada,http://www.wikidata.org/entity/Q1860,English,http://www.wikidata.org/entity/Q117193920,Le Vol du corbeau,,,,,,No,,,French,http://www.wikidata.org/entity/Q150
http://www.wikidata.org/entity/Q2266733,Slan,novel,United States,"39.828175,-98.5795",Yes,-98.5795,39.828175,Arkham House,http://www.wikidata.org/entity/Q315059,Q315059,A. E. van Vogt,Canada,http://www.wikidata.org/entity/Q1860,English,http://www.wikidata.org/entity/Q120730714,À la poursuite des Slans,,,,,,No,,,French,http://www.wikidata.org/entity/Q150
http://www.wikidata.org/entity/Q3576703,Siege of the Unseen,novel,Canada,"56,-109",Yes,-109,56,n/a,http://www.wikidata.org/entity/Q315059,Q315059,A. E. van Vogt,Canada,http://www.wikidata.org/entity/Q1860,English,http://www.wikidata.org/entity/Q120730887,L'Assaut de l'invisible,,,,,,No,,,French,http://www.wikidata.org/entity/Q150
http://www.wikidata.org/entity/Q122134606,Readopolis,,n/a,,No,,,n/a,http://www.wikidata.org/entity/Q2899597,Q2899597,Bertrand Laverdure,Canada,http://www.wikidata.org/entity/Q150,French,http://www.wikidata.org/entity/Q124959502,Q124959502,,,,,,No,,,,http://www.wikidata.org/entity/Q1860
http://www.wikidata.org/entity/Q20645702,Station Eleven,novel,Canada,"56,-109",Yes,-109,56,n/a,http://www.wikidata.org/entity/Q3052385,Q3052385,Emily St. John Mandel,Canada,http://www.wikidata.org/entity/Q1860,English,http://www.wikidata.org/entity/Q116173284,Station Elf,,,,,,No,,,Dutch,http://www.wikidata.org/entity/Q7411
http://www.wikidata.org/entity/Q7814342,Toll the Hounds,novel,United States,"39.828175,-98.5795",Yes,-98.5795,39.828175,n/a,http://www.wikidata.org/entity/Q428755,Q428755,Steven Erikson,Canada,http://www.wikidata.org/entity/Q1860,English,http://www.wikidata.org/entity/Q121880113,La Rançon des Molosses,,,,,,No,,,French,http://www.wikidata.org/entity/Q150
http://www.wikidata.org/entity/Q20645702,Station Eleven,novel,Canada,"56,-109",Yes,-109,56,n/a,http://www.wikidata.org/entity/Q3052385,Q3052385,Emily St. John Mandel,Canada,http://www.wikidata.org/entity/Q1860,English,http://www.wikidata.org/entity/Q116173272,Estação Onze,,,,,,No,,,Portuguese,http://www.wikidata.org/entity/Q5146
http://www.wikidata.org/entity/Q20645702,Station Eleven,novel,Canada,"56,-109",Yes,-109,56,n/a,http://www.wikidata.org/entity/Q3052385,Q3052385,Emily St. John Mandel,Canada,http://www.wikidata.org/entity/Q1860,English,http://www.wikidata.org/entity/Q116173197,Das Licht der letzten Tage,,,,,,No,,,German,http://www.wikidata.org/entity/Q188
http://www.wikidata.org/entity/Q20645702,Station Eleven,novel,Canada,"56,-109",Yes,-109,56,n/a,http://www.wikidata.org/entity/Q3052385,Q3052385,Emily St. John Mandel,Canada,http://www.wikidata.org/entity/Q1860,English,http://www.wikidata.org/entity/Q116173204,Das Licht der letzten Tage,,,,,,No,,,German,http://www.wikidata.org/entity/Q188
http://www.wikidata.org/entity/Q20645702,Station Eleven,novel,Canada,"56,-109",Yes,-109,56,n/a,http://www.wikidata.org/entity/Q3052385,Q3052385,Emily St. John Mandel,Canada,http://www.wikidata.org/entity/Q1860,English,http://www.wikidata.org/entity/Q116173224,Das Licht der letzten Tage,,,,,,No,,,German,http://www.wikidata.org/entity/Q188
http://www.wikidata.org/entity/Q20645702,Station Eleven,novel,Canada,"56,-109",Yes,-109,56,n/a,http://www.wikidata.org/entity/Q3052385,Q3052385,Emily St. John Mandel,Canada,http://www.wikidata.org/entity/Q1860,English,http://www.wikidata.org/entity/Q116173258,Das Licht der letzten Tage,,,,,,No,,,German,http://www.wikidata.org/entity/Q188
http://www.wikidata.org/entity/Q20645702,Station Eleven,novel,Canada,"56,-109",Yes,-109,56,n/a,http://www.wikidata.org/entity/Q3052385,Q3052385,Emily St. John Mandel,Canada,http://www.wikidata.org/entity/Q1860,English,http://www.wikidata.org/entity/Q116173237,Estación once,,,,,,No,,,Spanish,http://www.wikidata.org/entity/Q1321
http://www.wikidata.org/entity/Q20645702,Station Eleven,novel,Canada,"56,-109",Yes,-109,56,n/a,http://www.wikidata.org/entity/Q3052385,Q3052385,Emily St. John Mandel,Canada,http://www.wikidata.org/entity/Q1860,English,http://www.wikidata.org/entity/Q116173244,Estación once,,,,,,No,,,Spanish,http://www.wikidata.org/entity/Q1321
http://www.wikidata.org/entity/Q20645702,Station Eleven,novel,Canada,"56,-109",Yes,-109,56,n/a,http://www.wikidata.org/entity/Q3052385,Q3052385,Emily St. John Mandel,Canada,http://www.wikidata.org/entity/Q1860,English,http://www.wikidata.org/entity/Q116173265,Estación once,,,,,,No,,,Spanish,http://www.wikidata.org/entity/Q1321
http://www.wikidata.org/entity/Q20645702,Station Eleven,novel,Canada,"56,-109",Yes,-109,56,n/a,http://www.wikidata.org/entity/Q3052385,Q3052385,Emily St. John Mandel,Canada,http://www.wikidata.org/entity/Q1860,English,http://www.wikidata.org/entity/Q116173296,ステーション・イレブン,,,,,,No,,,Japanese,http://www.wikidata.org/entity/Q5287
http://www.wikidata.org/entity/Q20645702,Station Eleven,novel,Canada,"56,-109",Yes,-109,56,n/a,http://www.wikidata.org/entity/Q3052385,Q3052385,Emily St. John Mandel,Canada,http://www.wikidata.org/entity/Q1860,English,http://www.wikidata.org/entity/Q116173301,ステーション・イレブン,,,,,,No,,,Japanese,http://www.wikidata.org/entity/Q5287
http://www.wikidata.org/entity/Q20645702,Station Eleven,novel,Canada,"56,-109",Yes,-109,56,n/a,http://www.wikidata.org/entity/Q3052385,Q3052385,Emily St. John Mandel,Canada,http://www.wikidata.org/entity/Q1860,English,http://www.wikidata.org/entity/Q116173189,Station 11,,,,,,No,,,Danish,http://www.wikidata.org/entity/Q9035
http://www.wikidata.org/entity/Q20645702,Station Eleven,novel,Canada,"56,-109",Yes,-109,56,n/a,http://www.wikidata.org/entity/Q3052385,Q3052385,Emily St. John Mandel,Canada,http://www.wikidata.org/entity/Q1860,English,http://www.wikidata.org/entity/Q116173256,Станция Одиннадцать,,,,,,No,,,Russian,http://www.wikidata.org/entity/Q7737
http://www.wikidata.org/entity/Q20645702,Station Eleven,novel,Canada,"56,-109",Yes,-109,56,n/a,http://www.wikidata.org/entity/Q3052385,Q3052385,Emily St. John Mandel,Canada,http://www.wikidata.org/entity/Q1860,English,http://www.wikidata.org/entity/Q116173281,Станция Одиннадцать,,,,,,No,,,Russian,http://www.wikidata.org/entity/Q7737
http://www.wikidata.org/entity/Q20645702,Station Eleven,novel,Canada,"56,-109",Yes,-109,56,n/a,http://www.wikidata.org/entity/Q3052385,Q3052385,Emily St. John Mandel,Canada,http://www.wikidata.org/entity/Q1860,English,http://www.wikidata.org/entity/Q116173279,Station elleve,,,,,,No,,,Danish,http://www.wikidata.org/entity/Q9035
http://www.wikidata.org/entity/Q20645702,Station Eleven,novel,Canada,"56,-109",Yes,-109,56,n/a,http://www.wikidata.org/entity/Q3052385,Q3052385,Emily St. John Mandel,Canada,http://www.wikidata.org/entity/Q1860,English,http://www.wikidata.org/entity/Q116173181,如果我們的世界消失了,,,,,,No,,,Chinese,http://www.wikidata.org/entity/Q7850
http://www.wikidata.org/entity/Q20645702,Station Eleven,novel,Canada,"56,-109",Yes,-109,56,n/a,http://www.wikidata.org/entity/Q3052385,Q3052385,Emily St. John Mandel,Canada,http://www.wikidata.org/entity/Q1860,English,http://www.wikidata.org/entity/Q116173232,المحطة إيلفن,,,,,,No,,,Arabic,http://www.wikidata.org/entity/Q13955
http://www.wikidata.org/entity/Q20645702,Station Eleven,novel,Canada,"56,-109",Yes,-109,56,n/a,http://www.wikidata.org/entity/Q3052385,Q3052385,Emily St. John Mandel,Canada,http://www.wikidata.org/entity/Q1860,English,http://www.wikidata.org/entity/Q116173266,如果我們的世界消失了,,,,,,No,,,Chinese,http://www.wikidata.org/entity/Q7850
http://www.wikidata.org/entity/Q20645702,Station Eleven,novel,Canada,"56,-109",Yes,-109,56,n/a,http://www.wikidata.org/entity/Q3052385,Q3052385,Emily St. John Mandel,Canada,http://www.wikidata.org/entity/Q1860,English,http://www.wikidata.org/entity/Q116173261,Postaja Enajst,,,,,,No,,,Slovene,http://www.wikidata.org/entity/Q9063
http://www.wikidata.org/entity/Q20645702,Station Eleven,novel,Canada,"56,-109",Yes,-109,56,n/a,http://www.wikidata.org/entity/Q3052385,Q3052385,Emily St. John Mandel,Canada,http://www.wikidata.org/entity/Q1860,English,http://www.wikidata.org/entity/Q116173270,Simfonia itinerata,,,,,,No,,,Romanian,http://www.wikidata.org/entity/Q7913
http://www.wikidata.org/entity/Q20645702,Station Eleven,novel,Canada,"56,-109",Yes,-109,56,n/a,http://www.wikidata.org/entity/Q3052385,Q3052385,Emily St. John Mandel,Canada,http://www.wikidata.org/entity/Q1860,English,http://www.wikidata.org/entity/Q116173275,스테이션 일레븐,,,,,,No,,,Korean,http://www.wikidata.org/entity/Q9176
http://www.wikidata.org/entity/Q20645702,Station Eleven,novel,Canada,"56,-109",Yes,-109,56,n/a,http://www.wikidata.org/entity/Q3052385,Q3052385,Emily St. John Mandel,Canada,http://www.wikidata.org/entity/Q1860,English,http://www.wikidata.org/entity/Q116173278,Postaja Enajst,,,,,,No,,,Slovene,http://www.wikidata.org/entity/Q9063
http://www.wikidata.org/entity/Q20645702,Station Eleven,novel,Canada,"56,-109",Yes,-109,56,n/a,http://www.wikidata.org/entity/Q3052385,Q3052385,Emily St. John Mandel,Canada,http://www.wikidata.org/entity/Q1860,English,http://www.wikidata.org/entity/Q116173285,Станица единаесет,,,,,,No,,,Macedonian,http://www.wikidata.org/entity/Q9296
http://www.wikidata.org/entity/Q20645702,Station Eleven,novel,Canada,"56,-109",Yes,-109,56,n/a,http://www.wikidata.org/entity/Q3052385,Q3052385,Emily St. John Mandel,Canada,http://www.wikidata.org/entity/Q1860,English,http://www.wikidata.org/entity/Q116173135,תחנה אחת-עשרה,,,,,,No,,,Hebrew,http://www.wikidata.org/entity/Q9288
http://www.wikidata.org/entity/Q20645702,Station Eleven,novel,Canada,"56,-109",Yes,-109,56,n/a,http://www.wikidata.org/entity/Q3052385,Q3052385,Emily St. John Mandel,Canada,http://www.wikidata.org/entity/Q1860,English,http://www.wikidata.org/entity/Q116173132,ایستگاه ۱۱,,,,,,No,,,Persian,http://www.wikidata.org/entity/Q9168
http://www.wikidata.org/entity/Q20645702,Station Eleven,novel,Canada,"56,-109",Yes,-109,56,n/a,http://www.wikidata.org/entity/Q3052385,Q3052385,Emily St. John Mandel,Canada,http://www.wikidata.org/entity/Q1860,English,http://www.wikidata.org/entity/Q116173209,תחנה אחת-עשרה,,,,,,No,,,Hebrew,http://www.wikidata.org/entity/Q9288
http://www.wikidata.org/entity/Q20645702,Station Eleven,novel,Canada,"56,-109",Yes,-109,56,n/a,http://www.wikidata.org/entity/Q3052385,Q3052385,Emily St. John Mandel,Canada,http://www.wikidata.org/entity/Q1860,English,http://www.wikidata.org/entity/Q116173214,სადგური 11,,,,,,No,,,Georgian,http://www.wikidata.org/entity/Q8108
http://www.wikidata.org/entity/Q20645702,Station Eleven,novel,Canada,"56,-109",Yes,-109,56,n/a,http://www.wikidata.org/entity/Q3052385,Q3052385,Emily St. John Mandel,Canada,http://www.wikidata.org/entity/Q1860,English,http://www.wikidata.org/entity/Q116173259,Fordi overlevelse ikke er nok,,,,,,No,,,Norwegian,http://www.wikidata.org/entity/Q9043
http://www.wikidata.org/entity/Q20645702,Station Eleven,novel,Canada,"56,-109",Yes,-109,56,n/a,http://www.wikidata.org/entity/Q3052385,Q3052385,Emily St. John Mandel,Canada,http://www.wikidata.org/entity/Q1860,English,http://www.wikidata.org/entity/Q116173273,Fordi overlevelse ikke er nok,,,,,,No,,,Norwegian,http://www.wikidata.org/entity/Q9043
http://www.wikidata.org/entity/Q20645702,Station Eleven,novel,Canada,"56,-109",Yes,-109,56,n/a,http://www.wikidata.org/entity/Q3052385,Q3052385,Emily St. John Mandel,Canada,http://www.wikidata.org/entity/Q1860,English,http://www.wikidata.org/entity/Q116173271,Stacja Jedenasta,,,,,,No,,,Polish,http://www.wikidata.org/entity/Q809
http://www.wikidata.org/entity/Q122150389,La chambre neptune,,n/a,,No,,,n/a,http://www.wikidata.org/entity/Q2899597,Q2899597,Bertrand Laverdure,Canada,http://www.wikidata.org/entity/Q150,French,http://www.wikidata.org/entity/Q124960091,Q124960091,,,,,,No,,,,http://www.wikidata.org/entity/Q1860
http://www.wikidata.org/entity/Q2032398,Oryx and Crake,novel,Canada,"56,-109",Yes,-109,56,n/a,http://www.wikidata.org/entity/Q183492,Q183492,Margaret Atwood,Canada,http://www.wikidata.org/entity/Q1860,English,http://www.wikidata.org/entity/Q126453512,Q126453512,,,,,,No,,Michèle Albaret-Maatsch,French,http://www.wikidata.org/entity/Q150
http://www.wikidata.org/entity/Q15035002,Half a Crown,novel,United States,"39.828175,-98.5795",Yes,-98.5795,39.828175,n/a,http://www.wikidata.org/entity/Q438330,Q438330,Jo Walton,Canada,http://www.wikidata.org/entity/Q1860,English,http://www.wikidata.org/entity/Q117815626,Une demi-couronne,,,,,,No,,,French,http://www.wikidata.org/entity/Q150
http://www.wikidata.org/entity/Q2918023,The Death and Life of Great American Cities,,United States,"39.828175,-98.5795",Yes,-98.5795,39.828175,Random House,http://www.wikidata.org/entity/Q234335,Q234335,جاين جاكوبز,Canada,http://www.wikidata.org/entity/Q1860,English,http://www.wikidata.org/entity/Q126176400,Déclin et survie des grandes villes américaines,,,,,,No,,,French,http://www.wikidata.org/entity/Q150
http://www.wikidata.org/entity/Q4343791,Memories of Ice,novel,United States,"39.828175,-98.5795",Yes,-98.5795,39.828175,n/a,http://www.wikidata.org/entity/Q428755,Q428755,Steven Erikson,Canada,http://www.wikidata.org/entity/Q1860,English,http://www.wikidata.org/entity/Q121689669,Les Souvenirs de la Glace,,,,,,No,,,French,http://www.wikidata.org/entity/Q150
http://www.wikidata.org/entity/Q1541914,The Handmaid's Tale,novel,Canada,"56,-109",Yes,-109,56,McClelland & Stewart,http://www.wikidata.org/entity/Q183492,Q183492,Margaret Atwood,Canada,http://www.wikidata.org/entity/Q1860,English,http://www.wikidata.org/entity/Q136435894,El cuento de la criada,,,,,,No,,,Spanish,http://www.wikidata.org/entity/Q1321
http://www.wikidata.org/entity/Q1541914,The Handmaid's Tale,novel,Canada,"56,-109",Yes,-109,56,McClelland & Stewart,http://www.wikidata.org/entity/Q183492,Q183492,Margaret Atwood,Canada,http://www.wikidata.org/entity/Q1860,English,http://www.wikidata.org/entity/Q136435896,El cuento de la criada,,,,,,No,,,Spanish,http://www.wikidata.org/entity/Q1321
http://www.wikidata.org/entity/Q2346621,Flashforward,novel,United States,"39.828175,-98.5795",Yes,-98.5795,39.828175,Tor Books,http://www.wikidata.org/entity/Q362742,Q362742,Robert J. Sawyer,Canada,http://www.wikidata.org/entity/Q1860,English,http://www.wikidata.org/entity/Q131868459,Flashforward,,http://www.wikidata.org/entity/Q29,Spain,"40.2,-3.5",-3.5,Yes,40.2,,Spanish,http://www.wikidata.org/entity/Q1321
http://www.wikidata.org/entity/Q2910080,The Tin Flute,novel,Canada,"56,-109",Yes,-109,56,Groupe Flammarion,http://www.wikidata.org/entity/Q294999,Q294999,Gabrielle Roy,Canada,http://www.wikidata.org/entity/Q150,French,http://www.wikidata.org/entity/Q133545915,The Tin Flute,,http://www.wikidata.org/entity/Q16,Canada,"56,-109",-109,Yes,56,,English,http://www.wikidata.org/entity/Q1860
http://www.wikidata.org/entity/Q4659086,A Question and Answer Guide to Astronomy,,United States,"39.828175,-98.5795",Yes,-98.5795,39.828175,n/a,http://www.wikidata.org/entity/Q3169922,Q3169922,Jean-René Roy,Canada,http://www.wikidata.org/entity/Q150,French,http://www.wikidata.org/entity/Q133265274,A Question and Answer Guide to Astronomy,,,,,,No,,,English,http://www.wikidata.org/entity/Q1860
http://www.wikidata.org/entity/Q3203857,L'Horloge temporelle,short story collection,n/a,,No,,,n/a,http://www.wikidata.org/entity/Q315059,Q315059,A. E. van Vogt,Canada,http://www.wikidata.org/entity/Q1860,English,http://www.wikidata.org/entity/Q133882559,L'Horloge temporelle,,,,,,No,,,French,http://www.wikidata.org/entity/Q150
http://www.wikidata.org/entity/Q21065489,The Heart Goes Last,novel,Canada,"56,-109",Yes,-109,56,Penguin Random House,http://www.wikidata.org/entity/Q183492,Q183492,Margaret Atwood,Canada,http://www.wikidata.org/entity/Q1860,English,http://www.wikidata.org/entity/Q136435893,"Por último, el corazón",,,,,,No,,,Spanish,http://www.wikidata.org/entity/Q1321
http://www.wikidata.org/entity/Q1767259,Shake Hands with the Devil,,Canada,"56,-109",Yes,-109,56,n/a,http://www.wikidata.org/entity/Q355188,Q355188,Roméo Dallaire,Canada,http://www.wikidata.org/entity/Q150,French,http://www.wikidata.org/entity/Q126712106,Shake Hands with the Devil,,,,,,No,,,English,http://www.wikidata.org/entity/Q1860
http://www.wikidata.org/entity/Q129673672,History of Economics: The Past as the Present,,n/a,,No,,,n/a,http://www.wikidata.org/entity/Q186042,Q186042,John Kenneth Galbraith,Canada,http://www.wikidata.org/entity/Q1860,English,http://www.wikidata.org/entity/Q129671418,Tārīkh al-Fikr al-iqtiṣādī: al-māḍī Ṣūrat al-ḥāḍir,,http://www.wikidata.org/entity/Q35178,Kuwait City,"29.375,47.98",47.98,Yes,29.375,"Balbaʿ, Aḥmad Fuʾād",Arabic,http://www.wikidata.org/entity/Q13955
http://www.wikidata.org/entity/Q115707968,The Anarchist Roots of Geography: Toward Spatial Emancipation,,n/a,,No,,,n/a,http://www.wikidata.org/entity/Q47087173,Q47087173,Simon Springer,Canada,http://www.wikidata.org/entity/Q1860,English,http://www.wikidata.org/entity/Q115683496,For an anarchist geography,,http://www.wikidata.org/entity/Q340,Montreal,"45.5033426,-73.5868411",-73.5868411,Yes,45.5033426,Nicolas Calvé,French,http://www.wikidata.org/entity/Q150
http://www.wikidata.org/entity/Q105519258,Dear Scarlet,,Canada,"56,-109",Yes,-109,56,n/a,http://www.wikidata.org/entity/Q105519341,Q105519341,Teresa Wong,Canada,http://www.wikidata.org/entity/Q150,French,http://www.wikidata.org/entity/Q135651091,Dear Scarlet,,,,,,No,,,English,http://www.wikidata.org/entity/Q1860
http://www.wikidata.org/entity/Q132180553,Crack-Up Capitalism,,n/a,,No,,,n/a,http://www.wikidata.org/entity/Q61746938,Q61746938,Quinn Slobodian,Canada,http://www.wikidata.org/entity/Q1860,English,http://www.wikidata.org/entity/Q132180472,Capitalism of the Apocalypse,,,,,,No,,Cyril Le Roy,French,http://www.wikidata.org/entity/Q150
http://www.wikidata.org/entity/Q78356518,Around the World in 18 Years,,Canada,"56,-109",Yes,-109,56,Hubert Marcoux,http://www.wikidata.org/entity/Q20985501,Q20985501,Hubert Marcoux,Canada,http://www.wikidata.org/entity/Q150,French,http://www.wikidata.org/entity/Q132702808,Around the World in 18 Years,,,,,,No,,,English,http://www.wikidata.org/entity/Q1860
http://www.wikidata.org/entity/Q132733825,Wisdom of the Imagination: The Livres d'Artiste of Lucie Lambert,,Canada,"56,-109",Yes,-109,56,n/a,http://www.wikidata.org/entity/Q132733831,Q132733831,Sheila Martineau,Canada,http://www.wikidata.org/entity/Q150,French,http://www.wikidata.org/entity/Q133838452,Q133838452,,,,,,No,,,English,http://www.wikidata.org/entity/Q1860
http://www.wikidata.org/entity/Q108617400,Toki Pona: The Language of Good,,n/a,,No,,,n/a,http://www.wikidata.org/entity/Q12854,Q12854,Sonja Lang,Canada,http://www.wikidata.org/entity/Q1860,English,http://www.wikidata.org/entity/Q131457599,Toki Pona: The Language of Good (Persian translation),,http://www.wikidata.org/entity/Q240475,Kashan,"33.988055555555555,51.4425",51.4425,Yes,33.988055555555555,Ali Najafi,Persian,http://www.wikidata.org/entity/Q9168
http://www.wikidata.org/entity/Q135826671,Finish this book,,n/a,,No,,,n/a,http://www.wikidata.org/entity/Q438720,Q438720,Keri Smith,Canada,http://www.wikidata.org/entity/Q1860,English,http://www.wikidata.org/entity/Q135826688,Finish this book,,http://www.wikidata.org/entity/Q85,Cairo,"30.044444444444444,31.235833333333332",31.235833333333332,Yes,30.044444444444444,,Arabic,http://www.wikidata.org/entity/Q13955
http://www.wikidata.org/entity/Q3024160,Future Glitter,novel,n/a,,No,,,n/a,http://www.wikidata.org/entity/Q315059,Q315059,A. E. van Vogt,Canada,http://www.wikidata.org/entity/Q1860,English,http://www.wikidata.org/entity/Q132739940,Al di là del futuro,,,,,,No,,,Italian,http://www.wikidata.org/entity/Q652
http://www.wikidata.org/entity/Q132559918,"The Traveller, livre 01: Le labyrinthe cosmique",,n/a,,No,,,TRIP Comix,http://www.wikidata.org/entity/Q134455696,Q134455696,FREDC,Canada,http://www.wikidata.org/entity/Q150,French,http://www.wikidata.org/entity/Q133881594,Q133881594,,,,,,No,,,English,http://www.wikidata.org/entity/Q1860
http://www.wikidata.org/entity/Q3206967,A Hidden Place,novel,n/a,,No,,,Bantam Spectra,http://www.wikidata.org/entity/Q240786,Q240786,Robert Charles Wilson,Canada,http://www.wikidata.org/entity/Q1860,English,http://www.wikidata.org/entity/Q131719949,Mysterium,,,,,,No,,,French,http://www.wikidata.org/entity/Q150
http://www.wikidata.org/entity/Q2995976,Race Against Time: Searching for Hope in AIDS-Ravaged Africa,,Canada,"56,-109",Yes,-109,56,n/a,http://www.wikidata.org/entity/Q655512,Q655512,Stephen Lewis,Canada,http://www.wikidata.org/entity/Q1860,English,http://www.wikidata.org/entity/Q126696772,Contre la montre : combattre le sida en Afrique,,,,,,No,,,French,http://www.wikidata.org/entity/Q150
http://www.wikidata.org/entity/Q4352956,The Year of the Flood,novel,Canada,"56,-109",Yes,-109,56,n/a,http://www.wikidata.org/entity/Q183492,Q183492,Margaret Atwood,Canada,http://www.wikidata.org/entity/Q1860,English,http://www.wikidata.org/entity/Q116149197,El año del diluvio,,http://www.wikidata.org/entity/Q29,Spain,"40.2,-3.5",-3.5,Yes,40.2,,Spanish,http://www.wikidata.org/entity/Q1321
http://www.wikidata.org/entity/Q803910,Bios,novel,n/a,,No,,,Tor Books,http://www.wikidata.org/entity/Q240786,Q240786,Robert Charles Wilson,Canada,http://www.wikidata.org/entity/Q1860,English,http://www.wikidata.org/entity/Q127790607,BIOS,,http://www.wikidata.org/entity/Q142,France,"47,2",2,Yes,47,,French,http://www.wikidata.org/entity/Q150
http://www.wikidata.org/entity/Q179441,The Breadwinner,,Canada,"56,-109",Yes,-109,56,n/a,http://www.wikidata.org/entity/Q290374,Q290374,Deborah Ellis,Canada,http://www.wikidata.org/entity/Q1860,English,http://www.wikidata.org/entity/Q125253259,El pan de la guerra,,http://www.wikidata.org/entity/Q29,Spain,"40.2,-3.5",-3.5,Yes,40.2,,Spanish,http://www.wikidata.org/entity/Q1321
http://www.wikidata.org/entity/Q20645702,Station Eleven,novel,Canada,"56,-109",Yes,-109,56,n/a,http://www.wikidata.org/entity/Q3052385,Q3052385,Emily St. John Mandel,Canada,http://www.wikidata.org/entity/Q1860,English,http://www.wikidata.org/entity/Q116173110,Stanice 11,,http://www.wikidata.org/entity/Q1085,Prague,"50.0875,14.421388888888888",14.421388888888888,Yes,50.0875,Markéta Musilová,Czech,http://www.wikidata.org/entity/Q9056
http://www.wikidata.org/entity/Q2994788,"Compilers: Principles, Techniques, and Tools",,n/a,,No,,,Pearson Education,http://www.wikidata.org/entity/Q62898,Q62898,ألفرد أهو,Canada,http://www.wikidata.org/entity/Q1860,English,http://www.wikidata.org/entity/Q126676505,"Compilers: Principles, Techniques, and Tools",,,,,,No,,,Spanish,http://www.wikidata.org/entity/Q1321
http://www.wikidata.org/entity/Q2910080,The Tin Flute,novel,Canada,"56,-109",Yes,-109,56,Groupe Flammarion,http://www.wikidata.org/entity/Q294999,Q294999,Gabrielle Roy,Canada,http://www.wikidata.org/entity/Q150,French,http://www.wikidata.org/entity/Q133546212,The Tin Flute,,http://www.wikidata.org/entity/Q30,United States,"39.828175,-98.5795",-98.5795,Yes,39.828175,,English,http://www.wikidata.org/entity/Q1860
http://www.wikidata.org/entity/Q3818322,Alias Grace,novel,Canada,"56,-109",Yes,-109,56,McClelland & Stewart,http://www.wikidata.org/entity/Q183492,Q183492,Margaret Atwood,Canada,http://www.wikidata.org/entity/Q1860,English,http://www.wikidata.org/entity/Q136435895,Alias Grace,,,,,,No,,,Spanish,http://www.wikidata.org/entity/Q1321
http://www.wikidata.org/entity/Q2910080,The Tin Flute,novel,Canada,"56,-109",Yes,-109,56,Groupe Flammarion,http://www.wikidata.org/entity/Q294999,Q294999,Gabrielle Roy,Canada,http://www.wikidata.org/entity/Q150,French,http://www.wikidata.org/entity/Q133545271,The Tin Flute,,http://www.wikidata.org/entity/Q16,Canada,"56,-109",-109,Yes,56,,English,http://www.wikidata.org/entity/Q1860
http://www.wikidata.org/entity/Q60786692,The Testaments,novel,Canada,"56,-109",Yes,-109,56,Éditions Robert Laffont,http://www.wikidata.org/entity/Q183492,Q183492,Margaret Atwood,Canada,http://www.wikidata.org/entity/Q1860,English,http://www.wikidata.org/entity/Q136435898,Los testamentos,,,,,,No,,,Spanish,http://www.wikidata.org/entity/Q1321
http://www.wikidata.org/entity/Q3054135,Tigana,novel,Canada,"56,-109",Yes,-109,56,n/a,http://www.wikidata.org/entity/Q95099,Q95099,Guy Gavriel Kay,Canada,http://www.wikidata.org/entity/Q1860,English,http://www.wikidata.org/entity/Q131719408,Tigane,,,,,,No,,,French,http://www.wikidata.org/entity/Q150
http://www.wikidata.org/entity/Q3234181,Twenty Cases Suggestive of Reincarnation,,n/a,,No,,,n/a,http://www.wikidata.org/entity/Q731300,Q731300,Ian Stevenson,Canada,http://www.wikidata.org/entity/Q1860,English,http://www.wikidata.org/entity/Q132740909,Veinte casos que hacen pensar en la reencarnación,,,,,,No,,,Spanish,http://www.wikidata.org/entity/Q1321
http://www.wikidata.org/entity/Q3212402,Brown Girl in the Ring,novel,Canada,"56,-109",Yes,-109,56,Hachette Book Group,http://www.wikidata.org/entity/Q270204,Q270204,Nalo Hopkinson,Canada,http://www.wikidata.org/entity/Q1860,English,http://www.wikidata.org/entity/Q126544390,La Ronde des esprits,,,,,,No,,,French,http://www.wikidata.org/entity/Q150
http://www.wikidata.org/entity/Q3795874,The Saxon Shore,,Canada,"56,-109",Yes,-109,56,Viking Press,http://www.wikidata.org/entity/Q369469,Q369469,Jack Whyte,United Kingdom,http://www.wikidata.org/entity/Q1860,English,http://www.wikidata.org/entity/Q134383127,Il sogno di Merlino,,,,,,No,,,Italian,http://www.wikidata.org/entity/Q652
http://www.wikidata.org/entity/Q6815259,Memoirs: 1939–1993,,Canada,"56,-109",Yes,-109,56,Douglas Gibson,http://www.wikidata.org/entity/Q128563,Q128563,Brian Mulroney,Canada,http://www.wikidata.org/entity/Q150,French,http://www.wikidata.org/entity/Q136027325,Memoirs: 1939–1993,,,,,,No,,,English,http://www.wikidata.org/entity/Q1860
http://www.wikidata.org/entity/Q29581260,Stone Mattress: Nine Tales,short story,n/a,,No,,,McClelland & Stewart,http://www.wikidata.org/entity/Q183492,Q183492,Margaret Atwood,Canada,http://www.wikidata.org/entity/Q1860,English,http://www.wikidata.org/entity/Q136435897,Nueve cuentos malvados,,,,,,No,,,Spanish,http://www.wikidata.org/entity/Q1321
,,anthology,,,No,,,,,,,,,,,,,,,,,No,,,,
http://www.wikidata.org/entity/Q3588030,In Praise Of Older Women,,n/a,,No,,,n/a,http://www.wikidata.org/entity/Q1233847,Q1233847,Stephen Vizinczey,Canada,http://www.wikidata.org/entity/Q1860,English,http://www.wikidata.org/entity/Q132735794,Éloge des femmes mûres,,,,,,No,,,French,http://www.wikidata.org/entity/Q150
http://www.wikidata.org/entity/Q825718,Wikinomics,essay,United States,"39.828175,-98.5795",Yes,-98.5795,39.828175,n/a,http://www.wikidata.org/entity/Q984369,Q984369,Don Tapscott,Canada,http://www.wikidata.org/entity/Q1860,English,http://www.wikidata.org/entity/Q130580954,"Wikinomics : Wikipédia, Linux, YouTube, comment l'intelligence collaborative bouleverse l'économie",,,,,,No,,Brigitte Vadé,French,http://www.wikidata.org/entity/Q150