OGWork_Links,OGWork_Titles_eng,OG_Form_of_Literature,OGWork_Country of Origin,OGWork_Publisher,author_links,Author_QIDs,OGWork_Authors,country of citizenship,OG_Languages_Links,OGLang,translatedWork,TranslatedWork_Titles,publisher,country,coordinate location_Country,Longitude,Latitude,HQ Location,coordinate location for HQ,Longitude_2,Latitude_2,Translators,Translated into,transLang
http://www.wikidata.org/entity/Q760138,Chroniques de Jérusalem,graphic novel,Canada,n/a,http://www.wikidata.org/entity/Q525837,Q525837,Guy Delisle,Canada,http://www.wikidata.org/entity/Q150,French,http://www.wikidata.org/entity/Q116996874,Jerusalem: Chronicles from the Holy City,Drawn & Quarterly,Canada,"56,-109",-109,56,Montreal,"45.5033426,-73.5868411",-73.5868411,45.5033426,Helge Dascher,English,http://www.wikidata.org/entity/Q1860
http://www.wikidata.org/entity/Q25217358,Consumed,novel,Canada,Charles Scribner's Sons,http://www.wikidata.org/entity/Q55422,Q55422,David Cronenberg,Canada,http://www.wikidata.org/entity/Q1860,English,http://www.wikidata.org/entity/Q121958713,Konzumárium,Argo Publishing,Czech Republic,"50,15",15,50,Prague,"50.0875,14.421388888888888",14.421388888888888,50.0875,,Czech,http://www.wikidata.org/entity/Q9056
http://www.wikidata.org/entity/Q565911,Anne of Green Gables,,Canada,L. C. Page & Company,http://www.wikidata.org/entity/Q273034,Q273034,Lucy Maud Montgomery,Canada,http://www.wikidata.org/entity/Q1860,English,http://www.wikidata.org/entity/Q119361629,Anne et le bonheur (1964),Hachette,France,"47,2",2,47,Paris,"48.85666666666667,2.352222222222222",2.352222222222222,48.85666666666667,Suzanne Pairault,French,http://www.wikidata.org/entity/Q150
,,,,,,,,,,,,,,France,"47,2",2,47,Paris,"48.85666666666667,2.352222222222222",2.352222222222222,48.85666666666667,,,
,,,,,,,,,,,,,,France,"47,2",2,47,Paris,"48.85666666666667,2.352222222222222",2.352222222222222,48.85666666666667,,,
http://www.wikidata.org/entity/Q781708,No Logo,,Canada,Picador,http://www.wikidata.org/entity/Q236606,Q236606,Naomi Klein,Canada,http://www.wikidata.org/entity/Q1860,English,http://www.wikidata.org/entity/Q119506564,No Logo,Ediciones Paidós,Spain,"40.2,-3.5",-3.5,40.2,Barcelona,"41.3825,2.1769444444444",2.1769444444444,41.3825,,Spanish,http://www.wikidata.org/entity/Q1321
,,,,,,,,,,,,,Ediciones Paidós,Argentina,"-34,-64",-64,-34,Buenos Aires,"-34.599722222222,-58.381944444444",-58.381944444444,-34.599722222222,,,
http://www.wikidata.org/entity/Q441055,Gardens of the Moon,novel,Canada,n/a,http://www.wikidata.org/entity/Q428755,Q428755,Steven Erikson,Canada,http://www.wikidata.org/entity/Q1860,English,http://www.wikidata.org/entity/Q121620694,Les Jardins de la Lune,Buchet/Chastel,France,"47,2",2,47,Paris,"48.85666666666667,2.352222222222222",2.352222222222222,48.85666666666667,,French,http://www.wikidata.org/entity/Q150
http://www.wikidata.org/entity/Q441055,Gardens of the Moon,novel,Canada,n/a,http://www.wikidata.org/entity/Q428755,Q428755,Steven Erikson,Canada,http://www.wikidata.org/entity/Q1860,English,http://www.wikidata.org/entity/Q122124725,Měsíční zahrady: první příběh z Malazské knihy padlých,,Czech Republic,"50,15",15,50,Prague,"50.0875,14.421388888888888",14.421388888888888,50.0875,Dana Krejčová,Czech,http://www.wikidata.org/entity/Q9056
http://www.wikidata.org/entity/Q5036494,Captain's Peril,novel,Canada,n/a,http://www.wikidata.org/entity/Q20871976,Q20871976,Garfield Reeves-Stevens,Canada,http://www.wikidata.org/entity/Q1860,English,http://www.wikidata.org/entity/Q54825950,Sternen­dämmerung,Heyne Verlag,Germany,"51,10",10,51,Munich,"48.1375,11.575",11.575,48.1375,,German,http://www.wikidata.org/entity/Q188
http://www.wikidata.org/entity/Q5036494,Captain's Peril,novel,Canada,n/a,http://www.wikidata.org/entity/Q20871976,Q20871976,Garfield Reeves-Stevens,Canada,http://www.wikidata.org/entity/Q1860,English,http://www.wikidata.org/entity/Q54825952,Sternen­dämmerung,Heyne Verlag,Germany,"51,10",10,51,Munich,"48.1375,11.575",11.575,48.1375,,German,http://www.wikidata.org/entity/Q188
http://www.wikidata.org/entity/Q5440721,Federation,novel,Canada,n/a,http://www.wikidata.org/entity/Q20871976,Q20871976,Garfield Reeves-Stevens,Canada,http://www.wikidata.org/entity/Q1860,English,http://www.wikidata.org/entity/Q54824994,Die Föderation,Heyne Verlag,Germany,"51,10",10,51,Munich,"48.1375,11.575",11.575,48.1375,,German,http://www.wikidata.org/entity/Q188
http://www.wikidata.org/entity/Q5440721,Federation,novel,Canada,n/a,http://www.wikidata.org/entity/Q20871976,Q20871976,Garfield Reeves-Stevens,Canada,http://www.wikidata.org/entity/Q1860,English,http://www.wikidata.org/entity/Q54824996,Die Föderation,Heyne Verlag,Germany,"51,10",10,51,Munich,"48.1375,11.575",11.575,48.1375,,German,http://www.wikidata.org/entity/Q188
http://www.wikidata.org/entity/Q105576283,Mercury Under My Tongue,novel,Canada,n/a,http://www.wikidata.org/entity/Q3507133,Q3507133,Sylvain Trudel,Canada,http://www.wikidata.org/entity/Q150,French,http://www.wikidata.org/entity/Q105726608,Mercury Under My Tongue,Soft Skull Press,United States,"39.828175,-98.5795",-98.5795,39.828175,New York City,"40.71277777777778,-74.00611111111111",-74.00611111111111,40.71277777777778,Sheila Fischman,English,http://www.wikidata.org/entity/Q1860
http://www.wikidata.org/entity/Q7241069,Preserver,novel,Canada,n/a,http://www.wikidata.org/entity/Q20871976,Q20871976,Garfield Reeves-Stevens,Canada,http://www.wikidata.org/entity/Q1860,English,http://www.wikidata.org/entity/Q54824963,Die Bewahrer,Heyne Verlag,Germany,"51,10",10,51,Munich,"48.1375,11.575",11.575,48.1375,,German,http://www.wikidata.org/entity/Q188
http://www.wikidata.org/entity/Q7241069,Preserver,novel,Canada,n/a,http://www.wikidata.org/entity/Q20871976,Q20871976,Garfield Reeves-Stevens,Canada,http://www.wikidata.org/entity/Q1860,English,http://www.wikidata.org/entity/Q54824961,Die Bewahrer,Heyne Verlag,Germany,"51,10",10,51,Munich,"48.1375,11.575",11.575,48.1375,,German,http://www.wikidata.org/entity/Q188
http://www.wikidata.org/entity/Q5036486,Captain's Blood,novel,Canada,n/a,http://www.wikidata.org/entity/Q16297,Q16297,William Shatner,Canada,http://www.wikidata.org/entity/Q1860,English,http://www.wikidata.org/entity/Q54825958,Sternennacht,Heyne Verlag,Germany,"51,10",10,51,Munich,"48.1375,11.575",11.575,48.1375,,German,http://www.wikidata.org/entity/Q188
http://www.wikidata.org/entity/Q5036486,Captain's Blood,novel,Canada,n/a,http://www.wikidata.org/entity/Q16297,Q16297,William Shatner,Canada,http://www.wikidata.org/entity/Q1860,English,http://www.wikidata.org/entity/Q54825957,Sternennacht,Heyne Verlag,Germany,"51,10",10,51,Munich,"48.1375,11.575",11.575,48.1375,,German,http://www.wikidata.org/entity/Q188
http://www.wikidata.org/entity/Q52399365,"Jeanne, fille du Roy",novel,Canada,Éditions Fides,http://www.wikidata.org/entity/Q3106522,Q3106522,Gilles Tibo,Canada,http://www.wikidata.org/entity/Q150,French,http://www.wikidata.org/entity/Q7744440,The King's Daughter,Douglas & McIntyre,Canada,"56,-109",-109,56,Vancouver,"49.26083333333333,-123.1138888888889",-123.1138888888889,49.26083333333333,,English,http://www.wikidata.org/entity/Q1860
http://www.wikidata.org/entity/Q64863366,Pleurer pour rire,play,Canada,n/a,http://www.wikidata.org/entity/Q3289374,Q3289374,Marcel Sabourin,Canada,http://www.wikidata.org/entity/Q150,French,http://www.wikidata.org/entity/Q64863371,Llorar para reír,,Spain,"40.2,-3.5",-3.5,40.2,Alicante,"38.345277777778,-0.48305555555556",-0.48305555555556,38.345277777778,,Spanish,http://www.wikidata.org/entity/Q1321
http://www.wikidata.org/entity/Q20645702,Station Eleven,novel,Canada,n/a,http://www.wikidata.org/entity/Q3052385,Q3052385,Emily St. John Mandel,Canada,http://www.wikidata.org/entity/Q1860,English,http://www.wikidata.org/entity/Q116173104,Station Eleven,Éditions Alto,Canada,"56,-109",-109,56,Quebec City,"46.816111,-71.224167",-71.224167,46.816111,,French,http://www.wikidata.org/entity/Q150
http://www.wikidata.org/entity/Q20645702,Station Eleven,novel,Canada,n/a,http://www.wikidata.org/entity/Q3052385,Q3052385,Emily St. John Mandel,Canada,http://www.wikidata.org/entity/Q1860,English,http://www.wikidata.org/entity/Q116173108,Station Eleven,Payot & Rivages,France,"47,2",2,47,Paris,"48.85666666666667,2.352222222222222",2.352222222222222,48.85666666666667,Gérard de Chergé,French,http://www.wikidata.org/entity/Q150
http://www.wikidata.org/entity/Q20645702,Station Eleven,novel,Canada,n/a,http://www.wikidata.org/entity/Q3052385,Q3052385,Emily St. John Mandel,Canada,http://www.wikidata.org/entity/Q1860,English,http://www.wikidata.org/entity/Q116173118,Station Eleven,Payot & Rivages,France,"47,2",2,47,Paris,"48.85666666666667,2.352222222222222",2.352222222222222,48.85666666666667,Gérard de Chergé,French,http://www.wikidata.org/entity/Q150
http://www.wikidata.org/entity/Q565911,Anne of Green Gables,,Canada,L. C. Page & Company,http://www.wikidata.org/entity/Q273034,Q273034,Lucy Maud Montgomery,Canada,http://www.wikidata.org/entity/Q1860,English,http://www.wikidata.org/entity/Q83456853,Anne of Green Gables,Sigong Junior,South Korea,"36,128",128,36,Paju,"37.832777777778,126.81694444444",126.81694444444,37.832777777778,Kyong-mi Kim,Korean,http://www.wikidata.org/entity/Q9176
http://www.wikidata.org/entity/Q62703767,21 Cardinals,novel,Canada,n/a,http://www.wikidata.org/entity/Q3179881,Q3179881,Jocelyne Saucier,Canada,http://www.wikidata.org/entity/Q150,French,http://www.wikidata.org/entity/Q115267089,Niemals ohne sie,Insel Verlag,Germany,"51,10",10,51,Berlin,"52.516666666667,13.383333333333",13.383333333333,52.516666666667,Sonja Finck,German,http://www.wikidata.org/entity/Q188
,,,,,,,,,,,,,,Germany,"51,10",10,51,Berlin,"52.516666666667,13.383333333333",13.383333333333,52.516666666667,,,
http://www.wikidata.org/entity/Q30727660,La Femme qui fuit,novel,Canada,n/a,http://www.wikidata.org/entity/Q2845696,Q2845696,Anaïs Barbeau-Lavalette,Canada,http://www.wikidata.org/entity/Q150,French,http://www.wikidata.org/entity/Q104716498,Suzanne,Coach House Books,Canada,"56,-109",-109,56,Toronto,"43.670277777778,-79.386666666667",-79.386666666667,43.670277777778,Rhonda Mullins,English,http://www.wikidata.org/entity/Q1860
http://www.wikidata.org/entity/Q20645702,Station Eleven,novel,Canada,n/a,http://www.wikidata.org/entity/Q3052385,Q3052385,Emily St. John Mandel,Canada,http://www.wikidata.org/entity/Q1860,English,http://www.wikidata.org/entity/Q116173088,Station Elf,Atlas Contact,Netherlands,"52.316666666667,5.55",5.55,52.316666666667,Amsterdam,"52.36666666666667,4.883333333333333",4.883333333333333,52.36666666666667,,Dutch,http://www.wikidata.org/entity/Q7411
http://www.wikidata.org/entity/Q20645702,Station Eleven,novel,Canada,n/a,http://www.wikidata.org/entity/Q3052385,Q3052385,Emily St. John Mandel,Canada,http://www.wikidata.org/entity/Q1860,English,http://www.wikidata.org/entity/Q116173083,Estação Onze,,Portugal,"38.7,-9.183333333333334",-9.183333333333334,38.7,Lisbon,"38.708042,-9.139016",-9.139016,38.708042,,Portuguese,http://www.wikidata.org/entity/Q5146
http://www.wikidata.org/entity/Q20645702,Station Eleven,novel,Canada,n/a,http://www.wikidata.org/entity/Q3052385,Q3052385,Emily St. John Mandel,Canada,http://www.wikidata.org/entity/Q1860,English,http://www.wikidata.org/entity/Q116173092,Estação Onze,Editorial Presença,Portugal,"38.7,-9.183333333333334",-9.183333333333334,38.7,Barcarena,"-1.5058333333333,-48.625833333333",-48.625833333333,-1.5058333333333,,Portuguese,http://www.wikidata.org/entity/Q5146
http://www.wikidata.org/entity/Q20645702,Station Eleven,novel,Canada,n/a,http://www.wikidata.org/entity/Q3052385,Q3052385,Emily St. John Mandel,Canada,http://www.wikidata.org/entity/Q1860,English,http://www.wikidata.org/entity/Q116173131,Estação Onze,,Portugal,"38.7,-9.183333333333334",-9.183333333333334,38.7,Barcarena,"-1.5058333333333,-48.625833333333",-48.625833333333,-1.5058333333333,,Portuguese,http://www.wikidata.org/entity/Q5146
http://www.wikidata.org/entity/Q20645702,Station Eleven,novel,Canada,n/a,http://www.wikidata.org/entity/Q3052385,Q3052385,Emily St. John Mandel,Canada,http://www.wikidata.org/entity/Q1860,English,http://www.wikidata.org/entity/Q116173087,Σταθμός Έντεκα,Patakis Editions,Greece,"38.5,23",23,38.5,Athens,"37.98416666666667,23.728055555555557",23.728055555555557,37.98416666666667,Βασιλική Νίκα,Greek,http://www.wikidata.org/entity/Q9129
http://www.wikidata.org/entity/Q20645702,Station Eleven,novel,Canada,n/a,http://www.wikidata.org/entity/Q3052385,Q3052385,Emily St. John Mandel,Canada,http://www.wikidata.org/entity/Q1860,English,http://www.wikidata.org/entity/Q116173112,Station Elva,Trut Publishing,Sweden,"61,15",15,61,Uppsala,"59.849760548324,17.638946597524",17.638946597524,59.849760548324,,Swedish,http://www.wikidata.org/entity/Q9027
http://www.wikidata.org/entity/Q20645702,Station Eleven,novel,Canada,n/a,http://www.wikidata.org/entity/Q3052385,Q3052385,Emily St. John Mandel,Canada,http://www.wikidata.org/entity/Q1860,English,http://www.wikidata.org/entity/Q116173081,Das Licht der letzten Tage,Piper Verlag,Germany,"51,10",10,51,Munich,"48.1375,11.575",11.575,48.1375,,German,http://www.wikidata.org/entity/Q188
http://www.wikidata.org/entity/Q20645702,Station Eleven,novel,Canada,n/a,http://www.wikidata.org/entity/Q3052385,Q3052385,Emily St. John Mandel,Canada,http://www.wikidata.org/entity/Q1860,English,http://www.wikidata.org/entity/Q116173080,Estación once,"Kailas Editorial, S.L.",Spain,"40.2,-3.5",-3.5,40.2,Madrid,"40.41694444444445,-3.703333333333333",-3.703333333333333,40.41694444444445,,Spanish,http://www.wikidata.org/entity/Q1321
http://www.wikidata.org/entity/Q20645702,Station Eleven,novel,Canada,n/a,http://www.wikidata.org/entity/Q3052385,Q3052385,Emily St. John Mandel,Canada,http://www.wikidata.org/entity/Q1860,English,http://www.wikidata.org/entity/Q116173113,Das Licht der letzten Tage,Piper Verlag GmbH,Germany,"51,10",10,51,Munich,"48.1375,11.575",11.575,48.1375,,German,http://www.wikidata.org/entity/Q188
http://www.wikidata.org/entity/Q20645702,Station Eleven,novel,Canada,n/a,http://www.wikidata.org/entity/Q3052385,Q3052385,Emily St. John Mandel,Canada,http://www.wikidata.org/entity/Q1860,English,http://www.wikidata.org/entity/Q116173101,Estación once,"Kailas Editorial, S.L",Spain,"40.2,-3.5",-3.5,40.2,Madrid,"40.41694444444445,-3.703333333333333",-3.703333333333333,40.41694444444445,,Spanish,http://www.wikidata.org/entity/Q1321
http://www.wikidata.org/entity/Q20645702,Station Eleven,novel,Canada,n/a,http://www.wikidata.org/entity/Q3052385,Q3052385,Emily St. John Mandel,Canada,http://www.wikidata.org/entity/Q1860,English,http://www.wikidata.org/entity/Q116173130,Tizenegyes állomás,GABO SFF,Hungary,"47,19",19,47,Budapest,"47.498333333333,19.040833333333",19.040833333333,47.498333333333,,Hungarian,http://www.wikidata.org/entity/Q9067
http://www.wikidata.org/entity/Q20645702,Station Eleven,novel,Canada,n/a,http://www.wikidata.org/entity/Q3052385,Q3052385,Emily St. John Mandel,Canada,http://www.wikidata.org/entity/Q1860,English,http://www.wikidata.org/entity/Q116173098,Станция Одиннадцать,Eksmo,Russia,"66.41666666666667,94.25",94.25,66.41666666666667,Moscow,"55.75055555555556,37.6175",37.6175,55.75055555555556,,Russian,http://www.wikidata.org/entity/Q7737
http://www.wikidata.org/entity/Q20645702,Station Eleven,novel,Canada,n/a,http://www.wikidata.org/entity/Q3052385,Q3052385,Emily St. John Mandel,Canada,http://www.wikidata.org/entity/Q1860,English,http://www.wikidata.org/entity/Q116173096,İstasyon On Bir,Pegasus Publishing,Turkey,"39,36",36,39,Istanbul,"41.01,28.960277777778",28.960277777778,41.01,,Turkish,http://www.wikidata.org/entity/Q256
http://www.wikidata.org/entity/Q20645702,Station Eleven,novel,Canada,n/a,http://www.wikidata.org/entity/Q3052385,Q3052385,Emily St. John Mandel,Canada,http://www.wikidata.org/entity/Q1860,English,http://www.wikidata.org/entity/Q116173086,Stazione undici,Bompiani,Italy,"42.5,12.5",12.5,42.5,province of Milan,"45.464161111111,9.1903361111111",9.1903361111111,45.464161111111,,Italian,http://www.wikidata.org/entity/Q652
http://www.wikidata.org/entity/Q20645702,Station Eleven,novel,Canada,n/a,http://www.wikidata.org/entity/Q3052385,Q3052385,Emily St. John Mandel,Canada,http://www.wikidata.org/entity/Q1860,English,http://www.wikidata.org/entity/Q116173091,Станция Единайсет,Exlibris,Bulgaria,"42.75,25.5",25.5,42.75,Sofia,"42.697886,23.321726",23.321726,42.697886,Ayşegül Çelik,Bulgarian,http://www.wikidata.org/entity/Q7918
http://www.wikidata.org/entity/Q20645702,Station Eleven,novel,Canada,n/a,http://www.wikidata.org/entity/Q3052385,Q3052385,Emily St. John Mandel,Canada,http://www.wikidata.org/entity/Q1860,English,http://www.wikidata.org/entity/Q116173122,Simfonia itinerantă,RAO,Romania,"46,25",25,46,Bucharest,"44.41336111111111,26.09777777777778",26.09777777777778,44.41336111111111,,Romanian,http://www.wikidata.org/entity/Q7913
http://www.wikidata.org/entity/Q20645702,Station Eleven,novel,Canada,n/a,http://www.wikidata.org/entity/Q3052385,Q3052385,Emily St. John Mandel,Canada,http://www.wikidata.org/entity/Q1860,English,http://www.wikidata.org/entity/Q116173120,Stanica Jedanaest,Vulkan,Serbia,"43.95,20.933333333333",20.933333333333,43.95,Belgrade,"44.81777777777778,20.456944444444446",20.456944444444446,44.81777777777778,,Serbian,http://www.wikidata.org/entity/Q9299
http://www.wikidata.org/entity/Q20645702,Station Eleven,novel,Canada,n/a,http://www.wikidata.org/entity/Q3052385,Q3052385,Emily St. John Mandel,Canada,http://www.wikidata.org/entity/Q1860,English,http://www.wikidata.org/entity/Q116173125,Postaja jedanaest,Znanje,Croatia,"45.25,15.466667",15.466667,45.25,Zagreb,"45.81305555555556,15.977222222222222",15.977222222222222,45.81305555555556,,Croatian,http://www.wikidata.org/entity/Q6654
http://www.wikidata.org/entity/Q20645702,Station Eleven,novel,Canada,n/a,http://www.wikidata.org/entity/Q3052385,Q3052385,Emily St. John Mandel,Canada,http://www.wikidata.org/entity/Q1860,English,http://www.wikidata.org/entity/Q116173093,Vienuolikta stotis,Tyto alba,Lithuania,"55.2,24",24,55.2,Vilnius,"54.687222222222225,25.28",25.28,54.687222222222225,,Lithuanian,http://www.wikidata.org/entity/Q9083
http://www.wikidata.org/entity/Q20645702,Station Eleven,novel,Canada,n/a,http://www.wikidata.org/entity/Q3052385,Q3052385,Emily St. John Mandel,Canada,http://www.wikidata.org/entity/Q1860,English,http://www.wikidata.org/entity/Q116173109,Jaam üksteist,AS Varrak,Estonia,"59,26",26,59,Tallinn,"59.437222222222,24.745",24.745,59.437222222222,Allan Eichenbaum,Estonian,http://www.wikidata.org/entity/Q9072
http://www.wikidata.org/entity/Q20645702,Station Eleven,novel,Canada,n/a,http://www.wikidata.org/entity/Q3052385,Q3052385,Emily St. John Mandel,Canada,http://www.wikidata.org/entity/Q1860,English,http://www.wikidata.org/entity/Q116173090,Asema 11,Tammi,Finland,"65,27",27,65,Kamppi,"60.1660870189,24.9311082753",24.9311082753,60.1660870189,,Finnish,http://www.wikidata.org/entity/Q1412
http://www.wikidata.org/entity/Q20645702,Station Eleven,novel,Canada,n/a,http://www.wikidata.org/entity/Q3052385,Q3052385,Emily St. John Mandel,Canada,http://www.wikidata.org/entity/Q1860,English,http://www.wikidata.org/entity/Q116173123,Fordi overlevelse ikke er nok,Font Publishing House,Norway,"65,11",11,65,Oslo,"59.913333333333334,10.738888888888889",10.738888888888889,59.913333333333334,,Norwegian,http://www.wikidata.org/entity/Q9043
http://www.wikidata.org/entity/Q20645702,Station Eleven,novel,Canada,n/a,http://www.wikidata.org/entity/Q3052385,Q3052385,Emily St. John Mandel,Canada,http://www.wikidata.org/entity/Q1860,English,http://www.wikidata.org/entity/Q116173085,Stacja Jedenaście,n.a,Poland,"52,19",19,52,Słupsk,"54.466666666667,17.033333333333",17.033333333333,54.466666666667,,Polish,http://www.wikidata.org/entity/Q809
http://www.wikidata.org/entity/Q20645702,Station Eleven,novel,Canada,n/a,http://www.wikidata.org/entity/Q3052385,Q3052385,Emily St. John Mandel,Canada,http://www.wikidata.org/entity/Q1860,English,http://www.wikidata.org/entity/Q116173129,Stacja Jedenasta,Poradnia K,Poland,"52,19",19,52,Warsaw,"52.23,21.011111111111113",21.011111111111113,52.23,,Polish,http://www.wikidata.org/entity/Q809
http://www.wikidata.org/entity/Q5036490,Captain's Glory,novel,Canada,n/a,http://www.wikidata.org/entity/Q16297,Q16297,William Shatner,Canada,http://www.wikidata.org/entity/Q1860,English,http://www.wikidata.org/entity/Q54825954,Sternenfluchten,Heyne Verlag,Germany,"51,10",10,51,Munich,"48.1375,11.575",11.575,48.1375,,German,http://www.wikidata.org/entity/Q188
http://www.wikidata.org/entity/Q5036490,Captain's Glory,novel,Canada,n/a,http://www.wikidata.org/entity/Q16297,Q16297,William Shatner,Canada,http://www.wikidata.org/entity/Q1860,English,http://www.wikidata.org/entity/Q54825955,Sternenfluchten,Heyne Verlag,Germany,"51,10",10,51,Munich,"48.1375,11.575",11.575,48.1375,,German,http://www.wikidata.org/entity/Q188
http://www.wikidata.org/entity/Q5036494,Captain's Peril,novel,Canada,n/a,http://www.wikidata.org/entity/Q16297,Q16297,William Shatner,Canada,http://www.wikidata.org/entity/Q1860,English,http://www.wikidata.org/entity/Q54825950,Sternen­dämmerung,Heyne Verlag,Germany,"51,10",10,51,Munich,"48.1375,11.575",11.575,48.1375,,German,http://www.wikidata.org/entity/Q188
http://www.wikidata.org/entity/Q5036494,Captain's Peril,novel,Canada,n/a,http://www.wikidata.org/entity/Q16297,Q16297,William Shatner,Canada,http://www.wikidata.org/entity/Q1860,English,http://www.wikidata.org/entity/Q54825952,Sternen­dämmerung,Heyne Verlag,Germany,"51,10",10,51,Munich,"48.1375,11.575",11.575,48.1375,,German,http://www.wikidata.org/entity/Q188
http://www.wikidata.org/entity/Q20645702,Station Eleven,novel,Canada,n/a,http://www.wikidata.org/entity/Q3052385,Q3052385,Emily St. John Mandel,Canada,http://www.wikidata.org/entity/Q1860,English,http://www.wikidata.org/entity/Q116173117,Vienpadsmitā stacija,Wydawnictwo Papierowy Księżyc,Latvia,"57,25",25,57,Słupsk,"54.466666666667,17.033333333333",17.033333333333,54.466666666667,,Latvian,http://www.wikidata.org/entity/Q9078
http://www.wikidata.org/entity/Q52399365,"Jeanne, fille du Roy",novel,Canada,Éditions Fides,http://www.wikidata.org/entity/Q3506003,Q3506003,Suzanne Martel,Canada,http://www.wikidata.org/entity/Q150,French,http://www.wikidata.org/entity/Q7744440,The King's Daughter,Douglas & McIntyre,Canada,"56,-109",-109,56,Vancouver,"49.26083333333333,-123.1138888888889",-123.1138888888889,49.26083333333333,,English,http://www.wikidata.org/entity/Q1860
http://www.wikidata.org/entity/Q7241069,Preserver,novel,Canada,n/a,http://www.wikidata.org/entity/Q16297,Q16297,William Shatner,Canada,http://www.wikidata.org/entity/Q1860,English,http://www.wikidata.org/entity/Q54824963,Die Bewahrer,Heyne Verlag,Germany,"51,10",10,51,Munich,"48.1375,11.575",11.575,48.1375,,German,http://www.wikidata.org/entity/Q188
http://www.wikidata.org/entity/Q7241069,Preserver,novel,Canada,n/a,http://www.wikidata.org/entity/Q16297,Q16297,William Shatner,Canada,http://www.wikidata.org/entity/Q1860,English,http://www.wikidata.org/entity/Q54824961,Die Bewahrer,Heyne Verlag,Germany,"51,10",10,51,Munich,"48.1375,11.575",11.575,48.1375,,German,http://www.wikidata.org/entity/Q188
http://www.wikidata.org/entity/Q5036490,Captain's Glory,novel,Canada,n/a,http://www.wikidata.org/entity/Q20871976,Q20871976,Garfield Reeves-Stevens,Canada,http://www.wikidata.org/entity/Q1860,English,http://www.wikidata.org/entity/Q54825954,Sternenfluchten,Heyne Verlag,Germany,"51,10",10,51,Munich,"48.1375,11.575",11.575,48.1375,,German,http://www.wikidata.org/entity/Q188
http://www.wikidata.org/entity/Q5036490,Captain's Glory,novel,Canada,n/a,http://www.wikidata.org/entity/Q20871976,Q20871976,Garfield Reeves-Stevens,Canada,http://www.wikidata.org/entity/Q1860,English,http://www.wikidata.org/entity/Q54825955,Sternenfluchten,Heyne Verlag,Germany,"51,10",10,51,Munich,"48.1375,11.575",11.575,48.1375,,German,http://www.wikidata.org/entity/Q188
http://www.wikidata.org/entity/Q7575227,Spectre,novel,Canada,n/a,http://www.wikidata.org/entity/Q16297,Q16297,William Shatner,Canada,http://www.wikidata.org/entity/Q1860,English,http://www.wikidata.org/entity/Q54821047,Das Gespenst,Heyne Verlag,Germany,"51,10",10,51,Munich,"48.1375,11.575",11.575,48.1375,,German,http://www.wikidata.org/entity/Q188
http://www.wikidata.org/entity/Q7575227,Spectre,novel,Canada,n/a,http://www.wikidata.org/entity/Q16297,Q16297,William Shatner,Canada,http://www.wikidata.org/entity/Q1860,English,http://www.wikidata.org/entity/Q54821049,Das Gespenst,Heyne Verlag,Germany,"51,10",10,51,Munich,"48.1375,11.575",11.575,48.1375,,German,http://www.wikidata.org/entity/Q188
http://www.wikidata.org/entity/Q5195296,Curse of the Viking Grave,novel,Canada,"Little, Brown and Company",http://www.wikidata.org/entity/Q966679,Q966679,Farley Mowat,Canada,http://www.wikidata.org/entity/Q1860,English,http://www.wikidata.org/entity/Q15442747,Stopy ve sněhu; Kletba vikingova hrobu,"Albatros, nakladatelství pro děti a mládež",Czechoslovakia,"50.083333333333,14.416666666667",14.416666666667,50.083333333333,Prague,"50.0875,14.421388888888888",14.421388888888888,50.0875,,Czech,http://www.wikidata.org/entity/Q9056
,,,,,,,,,,,,,,Czech Republic,"50,15",15,50,,,,,,,
http://www.wikidata.org/entity/Q1352419,Anne of the Island,,Canada,L. C. Page & Co.,http://www.wikidata.org/entity/Q273034,Q273034,Lucy Maud Montgomery,Canada,http://www.wikidata.org/entity/Q1860,English,http://www.wikidata.org/entity/Q58368041,Anne of the Island,,Poland,"52,19",19,52,Łódź,"51.75,19.466666666667",19.466666666667,51.75,Marceli Tarnowski,Polish,http://www.wikidata.org/entity/Q809
http://www.wikidata.org/entity/Q1331757,Anne of Avonlea,novel,Canada,Louis Coues Page,http://www.wikidata.org/entity/Q273034,Q273034,Lucy Maud Montgomery,Canada,http://www.wikidata.org/entity/Q1860,English,http://www.wikidata.org/entity/Q65524113,Vår vän Anne,Gleerups förlag,Sweden,"61,15",15,61,Lund,"55.708313018551,13.199164196669",13.199164196669,55.708313018551,Karin Jensen,Swedish,http://www.wikidata.org/entity/Q9027
http://www.wikidata.org/entity/Q6684449,Lost in the Barrens,novel,Canada,"Little, Brown and Company",http://www.wikidata.org/entity/Q966679,Q966679,Farley Mowat,Canada,http://www.wikidata.org/entity/Q1860,English,http://www.wikidata.org/entity/Q15442747,Stopy ve sněhu; Kletba vikingova hrobu,"Albatros, nakladatelství pro děti a mládež",Czechoslovakia,"50.083333333333,14.416666666667",14.416666666667,50.083333333333,Prague,"50.0875,14.421388888888888",14.421388888888888,50.0875,,Czech,http://www.wikidata.org/entity/Q9056
,,,,,,,,,,,,,n.a,Czech Republic,"50,15",15,50,,,,,,,
http://www.wikidata.org/entity/Q2394369,Rainbow Valley,novel,Canada,Frederick A. Stokes,http://www.wikidata.org/entity/Q273034,Q273034,Lucy Maud Montgomery,Canada,http://www.wikidata.org/entity/Q1860,English,http://www.wikidata.org/entity/Q65529491,Regnbågens dal,Gleerups förlag,Sweden,"61,15",15,61,Prague,"50.0875,14.421388888888888",14.421388888888888,50.0875,Karin Jensen,Swedish,http://www.wikidata.org/entity/Q9027
http://www.wikidata.org/entity/Q565911,Anne of Green Gables,,Canada,L. C. Page & Company,http://www.wikidata.org/entity/Q273034,Q273034,Lucy Maud Montgomery,Canada,http://www.wikidata.org/entity/Q1860,English,http://www.wikidata.org/entity/Q65524559,Anne på Grönkulla,Gleerups förlag,Sweden,"61,15",15,61,Prague,"50.0875,14.421388888888888",14.421388888888888,50.0875,Karin Jensen,Swedish,http://www.wikidata.org/entity/Q9027
http://www.wikidata.org/entity/Q2420701,Anne's House of Dreams,,Canada,McClelland & Stewart,http://www.wikidata.org/entity/Q273034,Q273034,Lucy Maud Montgomery,Canada,http://www.wikidata.org/entity/Q1860,English,http://www.wikidata.org/entity/Q100701542,Drömslottet,Gleerups förlag,Sweden,"61,15",15,61,Prague,"50.0875,14.421388888888888",14.421388888888888,50.0875,Karin Jensen,Swedish,http://www.wikidata.org/entity/Q9027
http://www.wikidata.org/entity/Q1352419,Anne of the Island,,Canada,L. C. Page & Co.,http://www.wikidata.org/entity/Q273034,Q273034,Lucy Maud Montgomery,Canada,http://www.wikidata.org/entity/Q1860,English,http://www.wikidata.org/entity/Q108946517,Ania na uniwersytecie,,Poland,"52,19",19,52,Warsaw,"52.23,21.011111111111113",21.011111111111113,52.23,Janina Zawisza-Krasucka,Polish,http://www.wikidata.org/entity/Q809
http://www.wikidata.org/entity/Q3227472,The Outlander,novel,Canada,n/a,http://www.wikidata.org/entity/Q3104190,Q3104190,Germaine Guèvremont,Canada,http://www.wikidata.org/entity/Q150,French,http://www.wikidata.org/entity/Q61767363,The Outlander,Whittlesey House,United States,"39.828175,-98.5795",-98.5795,39.828175,New York City,"40.71277777777778,-74.00611111111111",-74.00611111111111,40.71277777777778,,,http://www.wikidata.org/entity/Q1860
http://www.wikidata.org/entity/Q441055,Gardens of the Moon,novel,Canada,n/a,http://www.wikidata.org/entity/Q428755,Q428755,Steven Erikson,Canada,http://www.wikidata.org/entity/Q1860,English,http://www.wikidata.org/entity/Q112689908,Les Jardins de la Lune,Éditions Leha,France,"47,2",2,47,Marseille,"43.296666666667,5.3763888888889",5.3763888888889,43.296666666667,,French,http://www.wikidata.org/entity/Q150
http://www.wikidata.org/entity/Q56612134,La Scouine,novel,Canada,n/a,http://www.wikidata.org/entity/Q2831298,Q2831298,Albert Laberge,Canada,http://www.wikidata.org/entity/Q150,French,http://www.wikidata.org/entity/Q58006004,Bitter Bread,Harvest House,Canada,"56,-109",-109,56,Montreal,"45.5033426,-73.5868411",-73.5868411,45.5033426,Conrad Dion,English,http://www.wikidata.org/entity/Q1860
http://www.wikidata.org/entity/Q441055,Gardens of the Moon,novel,Canada,n/a,http://www.wikidata.org/entity/Q428755,Q428755,Steven Erikson,Canada,http://www.wikidata.org/entity/Q1860,English,http://www.wikidata.org/entity/Q112689498,Les Jardins de la Lune,Éditions Leha,France,"47,2",2,47,Paris,"48.85666666666667,2.352222222222222",2.352222222222222,48.85666666666667,,French,http://www.wikidata.org/entity/Q150
http://www.wikidata.org/entity/Q441055,Gardens of the Moon,novel,Canada,n/a,http://www.wikidata.org/entity/Q428755,Q428755,Steven Erikson,Canada,http://www.wikidata.org/entity/Q1860,English,http://www.wikidata.org/entity/Q121621945,Les Jardins de la Lune,Calmann-Lévy,France,"47,2",2,47,Paris,"48.85666666666667,2.352222222222222",2.352222222222222,48.85666666666667,,French,http://www.wikidata.org/entity/Q150
http://www.wikidata.org/entity/Q441055,Gardens of the Moon,novel,Canada,n/a,http://www.wikidata.org/entity/Q428755,Q428755,Steven Erikson,Canada,http://www.wikidata.org/entity/Q1860,English,http://www.wikidata.org/entity/Q121622985,Les Jardins de la Lune,Librairie générale française,France,"47,2",2,47,Vanves,"48.82,2.2888888888889",2.2888888888889,48.82,,French,http://www.wikidata.org/entity/Q150
http://www.wikidata.org/entity/Q20645702,Station Eleven,novel,Canada,n/a,http://www.wikidata.org/entity/Q3052385,Q3052385,Emily St. John Mandel,Canada,http://www.wikidata.org/entity/Q1860,English,http://www.wikidata.org/entity/Q116173252,Station Eleven,Ullstein Verlag,Germany,"51,10",10,51,Berlin,"52.516666666667,13.383333333333",13.383333333333,52.516666666667,,German,http://www.wikidata.org/entity/Q188
http://www.wikidata.org/entity/Q20645702,Station Eleven,novel,Canada,n/a,http://www.wikidata.org/entity/Q3052385,Q3052385,Emily St. John Mandel,Canada,http://www.wikidata.org/entity/Q1860,English,http://www.wikidata.org/entity/Q116173180,Station Eleven,Éditions Alto,Canada,"56,-109",-109,56,Quebec City,"46.816111,-71.224167",-71.224167,46.816111,,French,http://www.wikidata.org/entity/Q150
http://www.wikidata.org/entity/Q20645702,Station Eleven,novel,Canada,n/a,http://www.wikidata.org/entity/Q3052385,Q3052385,Emily St. John Mandel,Canada,http://www.wikidata.org/entity/Q1860,English,http://www.wikidata.org/entity/Q116173182,Station Eleven,Elex Media Komputindo,Indonesia,"-2,118",118,-2,Central Jakarta,"-6.17,106.82",106.82,-6.17,,Indonesian,http://www.wikidata.org/entity/Q9240
http://www.wikidata.org/entity/Q20645702,Station Eleven,novel,Canada,n/a,http://www.wikidata.org/entity/Q3052385,Q3052385,Emily St. John Mandel,Canada,http://www.wikidata.org/entity/Q1860,English,http://www.wikidata.org/entity/Q116173202,Station Eleven,Éditions Alto,Canada,"56,-109",-109,56,Quebec City,"46.816111,-71.224167",-71.224167,46.816111,,French,http://www.wikidata.org/entity/Q150
http://www.wikidata.org/entity/Q20645702,Station Eleven,novel,Canada,n/a,http://www.wikidata.org/entity/Q3052385,Q3052385,Emily St. John Mandel,Canada,http://www.wikidata.org/entity/Q1860,English,http://www.wikidata.org/entity/Q116173211,Station Eleven,Payot & Rivages,France,"47,2",2,47,Paris,"48.85666666666667,2.352222222222222",2.352222222222222,48.85666666666667,Gérard de Chergé,French,http://www.wikidata.org/entity/Q150
http://www.wikidata.org/entity/Q20645702,Station Eleven,novel,Canada,n/a,http://www.wikidata.org/entity/Q3052385,Q3052385,Emily St. John Mandel,Canada,http://www.wikidata.org/entity/Q1860,English,http://www.wikidata.org/entity/Q116173208,Station Eleven,Payot & Rivages,France,"47,2",2,47,Paris,"48.85666666666667,2.352222222222222",2.352222222222222,48.85666666666667,Gérard de Chergé,French,http://www.wikidata.org/entity/Q150
http://www.wikidata.org/entity/Q20645702,Station Eleven,novel,Canada,n/a,http://www.wikidata.org/entity/Q3052385,Q3052385,Emily St. John Mandel,Canada,http://www.wikidata.org/entity/Q1860,English,http://www.wikidata.org/entity/Q116173294,Station Eleven,Éditions Alto,Canada,"56,-109",-109,56,Quebec City,"46.816111,-71.224167",-71.224167,46.816111,,French,http://www.wikidata.org/entity/Q150
http://www.wikidata.org/entity/Q20645702,Station Eleven,novel,Canada,n/a,http://www.wikidata.org/entity/Q3052385,Q3052385,Emily St. John Mandel,Canada,http://www.wikidata.org/entity/Q1860,English,http://www.wikidata.org/entity/Q116173295,Station Eleven,Payot & Rivages,France,"47,2",2,47,Paris,"48.85666666666667,2.352222222222222",2.352222222222222,48.85666666666667,Gérard de Chergé,French,http://www.wikidata.org/entity/Q150
http://www.wikidata.org/entity/Q20645702,Station Eleven,novel,Canada,n/a,http://www.wikidata.org/entity/Q3052385,Q3052385,Emily St. John Mandel,Canada,http://www.wikidata.org/entity/Q1860,English,http://www.wikidata.org/entity/Q116173297,Station Eleven,Payot & Rivages,France,"47,2",2,47,Paris,"48.85666666666667,2.352222222222222",2.352222222222222,48.85666666666667,Gérard de Chergé,French,http://www.wikidata.org/entity/Q150
http://www.wikidata.org/entity/Q20645702,Station Eleven,novel,Canada,n/a,http://www.wikidata.org/entity/Q3052385,Q3052385,Emily St. John Mandel,Canada,http://www.wikidata.org/entity/Q1860,English,http://www.wikidata.org/entity/Q116173251,Station Eleven,Font Publishing House,Norway,"65,11",11,65,Oslo,"59.913333333333334,10.738888888888889",10.738888888888889,59.913333333333334,,Norwegian,http://www.wikidata.org/entity/Q9043
http://www.wikidata.org/entity/Q3576703,Siege of the Unseen,novel,Canada,n/a,http://www.wikidata.org/entity/Q315059,Q315059,A. E. van Vogt,Canada,http://www.wikidata.org/entity/Q1860,English,http://www.wikidata.org/entity/Q120730887,L'Assaut de l'invisible,Hachette,France,"47,2",2,47,15th arrondissement of Paris,"48.841327777778,2.3002916666667",2.3002916666667,48.841327777778,,French,http://www.wikidata.org/entity/Q150
,,,,,,,,,,,,,,France,"47,2",2,47,Paris,"48.85666666666667,2.352222222222222",2.352222222222222,48.85666666666667,,,
,,,,,,,,,,,,,,France,"47,2",2,47,Vanves,"48.82,2.2888888888889",2.2888888888889,48.82,,,
,,,,,,,,,,,,,Éditions Gallimard,France,"47,2",2,47,Paris,"48.85666666666667,2.352222222222222",2.352222222222222,48.85666666666667,,,
http://www.wikidata.org/entity/Q20645702,Station Eleven,novel,Canada,n/a,http://www.wikidata.org/entity/Q3052385,Q3052385,Emily St. John Mandel,Canada,http://www.wikidata.org/entity/Q1860,English,http://www.wikidata.org/entity/Q116173284,Station Elf,Storytel,Sweden,"61,15",15,61,Stockholm,"59.329444444444,18.068611111111",18.068611111111,59.329444444444,,Dutch,http://www.wikidata.org/entity/Q7411
,,,,,,,,,,,,,,France,"47,2",2,47,Reykjavík,"64.1475,-21.935",-21.935,64.1475,,,
http://www.wikidata.org/entity/Q20645702,Station Eleven,novel,Canada,n/a,http://www.wikidata.org/entity/Q3052385,Q3052385,Emily St. John Mandel,Canada,http://www.wikidata.org/entity/Q1860,English,http://www.wikidata.org/entity/Q116173272,Estação Onze,Editora Intrinseca,Portugal,"38.7,-9.183333333333334",-9.183333333333334,38.7,Rio de Janeiro,"-22.91111111111111,-43.205555555555556",-43.205555555555556,-22.91111111111111,,Portuguese,http://www.wikidata.org/entity/Q5146
http://www.wikidata.org/entity/Q20645702,Station Eleven,novel,Canada,n/a,http://www.wikidata.org/entity/Q3052385,Q3052385,Emily St. John Mandel,Canada,http://www.wikidata.org/entity/Q1860,English,http://www.wikidata.org/entity/Q116173197,Das Licht der letzten Tage,Piper ebooks,Germany,"51,10",10,51,Munich,"48.1375,11.575",11.575,48.1375,,German,http://www.wikidata.org/entity/Q188
http://www.wikidata.org/entity/Q20645702,Station Eleven,novel,Canada,n/a,http://www.wikidata.org/entity/Q3052385,Q3052385,Emily St. John Mandel,Canada,http://www.wikidata.org/entity/Q1860,English,http://www.wikidata.org/entity/Q116173204,Das Licht der letzten Tage,Piper ebooks,Germany,"51,10",10,51,Munich,"48.1375,11.575",11.575,48.1375,,German,http://www.wikidata.org/entity/Q188
http://www.wikidata.org/entity/Q20645702,Station Eleven,novel,Canada,n/a,http://www.wikidata.org/entity/Q3052385,Q3052385,Emily St. John Mandel,Canada,http://www.wikidata.org/entity/Q1860,English,http://www.wikidata.org/entity/Q116173244,Estación once,"Kailas Editorial, S.L.",Spain,"40.2,-3.5",-3.5,40.2,Madrid,"40.41694444444445,-3.703333333333333",-3.703333333333333,40.41694444444445,,Spanish,http://www.wikidata.org/entity/Q1321
http://www.wikidata.org/entity/Q20645702,Station Eleven,novel,Canada,n/a,http://www.wikidata.org/entity/Q3052385,Q3052385,Emily St. John Mandel,Canada,http://www.wikidata.org/entity/Q1860,English,http://www.wikidata.org/entity/Q116173265,Estación once,"Kailas Editorial, S.L.",Spain,"40.2,-3.5",-3.5,40.2,Madrid,"40.41694444444445,-3.703333333333333",-3.703333333333333,40.41694444444445,,Spanish,http://www.wikidata.org/entity/Q1321
http://www.wikidata.org/entity/Q20645702,Station Eleven,novel,Canada,n/a,http://www.wikidata.org/entity/Q3052385,Q3052385,Emily St. John Mandel,Canada,http://www.wikidata.org/entity/Q1860,English,http://www.wikidata.org/entity/Q116173296,ステーション・イレブン,Shogakukan,Japan,"35,136",136,35,Tokyo,"35.68944444444445,139.69166666666666",139.69166666666666,35.68944444444445,,Japanese,http://www.wikidata.org/entity/Q5287
http://www.wikidata.org/entity/Q20645702,Station Eleven,novel,Canada,n/a,http://www.wikidata.org/entity/Q3052385,Q3052385,Emily St. John Mandel,Canada,http://www.wikidata.org/entity/Q1860,English,http://www.wikidata.org/entity/Q116173301,ステーション・イレブン,Shogakukan,Japan,"35,136",136,35,Hitotsubashi,"35.693130555555555,139.75726666666668",139.75726666666668,35.693130555555555,,Japanese,http://www.wikidata.org/entity/Q5287
http://www.wikidata.org/entity/Q20645702,Station Eleven,novel,Canada,n/a,http://www.wikidata.org/entity/Q3052385,Q3052385,Emily St. John Mandel,Canada,http://www.wikidata.org/entity/Q1860,English,http://www.wikidata.org/entity/Q116173189,Station 11,Forlaget Iris,Denmark,"56,10",10,56,Copenhagen,"55.676111111111,12.568888888889",12.568888888889,55.676111111111,,Danish,http://www.wikidata.org/entity/Q9035
http://www.wikidata.org/entity/Q20645702,Station Eleven,novel,Canada,n/a,http://www.wikidata.org/entity/Q3052385,Q3052385,Emily St. John Mandel,Canada,http://www.wikidata.org/entity/Q1860,English,http://www.wikidata.org/entity/Q116173256,Станция Одиннадцать,Eksmo,Russia,"66.41666666666667,94.25",94.25,66.41666666666667,Moscow,"55.75055555555556,37.6175",37.6175,55.75055555555556,,Russian,http://www.wikidata.org/entity/Q7737
http://www.wikidata.org/entity/Q20645702,Station Eleven,novel,Canada,n/a,http://www.wikidata.org/entity/Q3052385,Q3052385,Emily St. John Mandel,Canada,http://www.wikidata.org/entity/Q1860,English,http://www.wikidata.org/entity/Q116173281,Станция Одиннадцать,Inspiria imprint,Russia,"66.41666666666667,94.25",94.25,66.41666666666667,Moscow,"55.75055555555556,37.6175",37.6175,55.75055555555556,,Russian,http://www.wikidata.org/entity/Q7737
http://www.wikidata.org/entity/Q20645702,Station Eleven,novel,Canada,n/a,http://www.wikidata.org/entity/Q3052385,Q3052385,Emily St. John Mandel,Canada,http://www.wikidata.org/entity/Q1860,English,http://www.wikidata.org/entity/Q116173279,Station elleve,Lindhardt & Ringhof,Denmark,"56,10",10,56,Copenhagen,"55.676111111111,12.568888888889",12.568888888889,55.676111111111,,Danish,http://www.wikidata.org/entity/Q9035
http://www.wikidata.org/entity/Q20645702,Station Eleven,novel,Canada,n/a,http://www.wikidata.org/entity/Q3052385,Q3052385,Emily St. John Mandel,Canada,http://www.wikidata.org/entity/Q1860,English,http://www.wikidata.org/entity/Q116173232,المحطة إيلفن,Muntad / Montad,Saudi Arabia,"23.716667,44.116667",44.116667,23.716667,Kuwait City,"29.375,47.98",47.98,29.375,,Arabic,http://www.wikidata.org/entity/Q13955
http://www.wikidata.org/entity/Q20645702,Station Eleven,novel,Canada,n/a,http://www.wikidata.org/entity/Q3052385,Q3052385,Emily St. John Mandel,Canada,http://www.wikidata.org/entity/Q1860,English,http://www.wikidata.org/entity/Q116173261,Postaja Enajst,Dream Publisher,Slovenia,"46,15",15,46,Ljubljana,"46.05138888888889,14.50611111111111",14.50611111111111,46.05138888888889,,Slovene,http://www.wikidata.org/entity/Q9063
http://www.wikidata.org/entity/Q20645702,Station Eleven,novel,Canada,n/a,http://www.wikidata.org/entity/Q3052385,Q3052385,Emily St. John Mandel,Canada,http://www.wikidata.org/entity/Q1860,English,http://www.wikidata.org/entity/Q116173270,Simfonia itinerata,Editura RAO,Romania,"46,25",25,46,Bucharest,"44.41336111111111,26.09777777777778",26.09777777777778,44.41336111111111,,Romanian,http://www.wikidata.org/entity/Q7913
http://www.wikidata.org/entity/Q20645702,Station Eleven,novel,Canada,n/a,http://www.wikidata.org/entity/Q3052385,Q3052385,Emily St. John Mandel,Canada,http://www.wikidata.org/entity/Q1860,English,http://www.wikidata.org/entity/Q116173275,스테이션 일레븐,Bookroad,South Korea,"36,128",128,36,Seoul,"37.56,126.99",126.99,37.56,,Korean,http://www.wikidata.org/entity/Q9176
http://www.wikidata.org/entity/Q20645702,Station Eleven,novel,Canada,n/a,http://www.wikidata.org/entity/Q3052385,Q3052385,Emily St. John Mandel,Canada,http://www.wikidata.org/entity/Q1860,English,http://www.wikidata.org/entity/Q116173278,Postaja Enajst,Dream Publisher,Slovenia,"46,15",15,46,Ljubljana,"46.05138888888889,14.50611111111111",14.50611111111111,46.05138888888889,,Slovene,http://www.wikidata.org/entity/Q9063
http://www.wikidata.org/entity/Q20645702,Station Eleven,novel,Canada,n/a,http://www.wikidata.org/entity/Q3052385,Q3052385,Emily St. John Mandel,Canada,http://www.wikidata.org/entity/Q1860,English,http://www.wikidata.org/entity/Q116173285,Станица единаесет,n.a,North Macedonia,"41.65,21.716667",21.716667,41.65,Skopje,,,,,Macedonian,http://www.wikidata.org/entity/Q9296
http://www.wikidata.org/entity/Q20645702,Station Eleven,novel,Canada,n/a,http://www.wikidata.org/entity/Q3052385,Q3052385,Emily St. John Mandel,Canada,http://www.wikidata.org/entity/Q1860,English,http://www.wikidata.org/entity/Q116173135,תחנה אחת-עשרה,Babel & Mishkal,Israel,"31,35",35,31,Tel Aviv,"32.08,34.78",34.78,32.08,,Hebrew,http://www.wikidata.org/entity/Q9288
http://www.wikidata.org/entity/Q20645702,Station Eleven,novel,Canada,n/a,http://www.wikidata.org/entity/Q3052385,Q3052385,Emily St. John Mandel,Canada,http://www.wikidata.org/entity/Q1860,English,http://www.wikidata.org/entity/Q116173132,ایستگاه ۱۱,Nimajh Publishing,Iran,"32,53",53,32,Tehran,"35.68888888888889,51.389722222222225",51.389722222222225,35.68888888888889,,Persian,http://www.wikidata.org/entity/Q9168
http://www.wikidata.org/entity/Q20645702,Station Eleven,novel,Canada,n/a,http://www.wikidata.org/entity/Q3052385,Q3052385,Emily St. John Mandel,Canada,http://www.wikidata.org/entity/Q1860,English,http://www.wikidata.org/entity/Q116173209,תחנה אחת-עשרה,Yedioth Books,Israel,"31,35",35,31,Tel Aviv,"32.08,34.78",34.78,32.08,,Hebrew,http://www.wikidata.org/entity/Q9288
http://www.wikidata.org/entity/Q20645702,Station Eleven,novel,Canada,n/a,http://www.wikidata.org/entity/Q3052385,Q3052385,Emily St. John Mandel,Canada,http://www.wikidata.org/entity/Q1860,English,http://www.wikidata.org/entity/Q116173214,სადგური 11,Palitra L Publishing,Georgia,"42,44",44,42,Tbilisi,"41.7225,44.7925",44.7925,41.7225,,Georgian,http://www.wikidata.org/entity/Q8108
http://www.wikidata.org/entity/Q20645702,Station Eleven,novel,Canada,n/a,http://www.wikidata.org/entity/Q3052385,Q3052385,Emily St. John Mandel,Canada,http://www.wikidata.org/entity/Q1860,English,http://www.wikidata.org/entity/Q116173259,Fordi overlevelse ikke er nok,Font Publishing House,Norway,"65,11",11,65,Oslo,"59.913333333333334,10.738888888888889",10.738888888888889,59.913333333333334,,Norwegian,http://www.wikidata.org/entity/Q9043
http://www.wikidata.org/entity/Q20645702,Station Eleven,novel,Canada,n/a,http://www.wikidata.org/entity/Q3052385,Q3052385,Emily St. John Mandel,Canada,http://www.wikidata.org/entity/Q1860,English,http://www.wikidata.org/entity/Q116173273,Fordi overlevelse ikke er nok,Font Publishing House,Norway,"65,11",11,65,Oslo,"59.913333333333334,10.738888888888889",10.738888888888889,59.913333333333334,,Norwegian,http://www.wikidata.org/entity/Q9043
http://www.wikidata.org/entity/Q20645702,Station Eleven,novel,Canada,n/a,http://www.wikidata.org/entity/Q3052385,Q3052385,Emily St. John Mandel,Canada,http://www.wikidata.org/entity/Q1860,English,http://www.wikidata.org/entity/Q116173271,Stacja Jedenasta,Poradnia K,Poland,"52,19",19,52,Warsaw,"52.23,21.011111111111113",21.011111111111113,52.23,,Polish,http://www.wikidata.org/entity/Q809
http://www.wikidata.org/entity/Q2032398,Oryx and Crake,novel,Canada,n/a,http://www.wikidata.org/entity/Q183492,Q183492,Margaret Atwood,Canada,http://www.wikidata.org/entity/Q1860,English,http://www.wikidata.org/entity/Q126453512,Q126453512,Éditions Robert Laffont,France,"47,2",2,47,Paris,"48.85666666666667,2.352222222222222",2.352222222222222,48.85666666666667,Michèle Albaret-Maatsch,French,http://www.wikidata.org/entity/Q150
http://www.wikidata.org/entity/Q1541914,The Handmaid's Tale,novel,Canada,McClelland & Stewart,http://www.wikidata.org/entity/Q183492,Q183492,Margaret Atwood,Canada,http://www.wikidata.org/entity/Q1860,English,http://www.wikidata.org/entity/Q136435894,El cuento de la criada,Salamandra,Spain,"40.2,-3.5",-3.5,40.2,Barcelona,"41.3825,2.1769444444444",2.1769444444444,41.3825,,Spanish,http://www.wikidata.org/entity/Q1321
http://www.wikidata.org/entity/Q1541914,The Handmaid's Tale,novel,Canada,McClelland & Stewart,http://www.wikidata.org/entity/Q183492,Q183492,Margaret Atwood,Canada,http://www.wikidata.org/entity/Q1860,English,http://www.wikidata.org/entity/Q136435896,El cuento de la criada,Salamandra,Spain,"40.2,-3.5",-3.5,40.2,Barcelona,"41.3825,2.1769444444444",2.1769444444444,41.3825,,Spanish,http://www.wikidata.org/entity/Q1321
http://www.wikidata.org/entity/Q2910080,The Tin Flute,novel,Canada,Groupe Flammarion,http://www.wikidata.org/entity/Q294999,Q294999,Gabrielle Roy,Canada,http://www.wikidata.org/entity/Q150,French,http://www.wikidata.org/entity/Q133545915,The Tin Flute,New Canadian Library,Canada,"56,-109",-109,56,New Brunswick,"46.6,-66",-66,46.6,,English,http://www.wikidata.org/entity/Q1860
http://www.wikidata.org/entity/Q21065489,The Heart Goes Last,novel,Canada,Penguin Random House,http://www.wikidata.org/entity/Q183492,Q183492,Margaret Atwood,Canada,http://www.wikidata.org/entity/Q1860,English,http://www.wikidata.org/entity/Q136435893,"Por último, el corazón",Salamandra,Spain,"40.2,-3.5",-3.5,40.2,Barcelona,"41.3825,2.1769444444444",2.1769444444444,41.3825,,Spanish,http://www.wikidata.org/entity/Q1321
http://www.wikidata.org/entity/Q1767259,Shake Hands with the Devil,,Canada,n/a,http://www.wikidata.org/entity/Q355188,Q355188,Roméo Dallaire,Canada,http://www.wikidata.org/entity/Q150,French,http://www.wikidata.org/entity/Q126712106,Shake Hands with the Devil,Éditions Libre Expression,Canada,"56,-109",-109,56,Paris,"48.85666666666667,2.352222222222222",2.352222222222222,48.85666666666667,,English,http://www.wikidata.org/entity/Q1860
http://www.wikidata.org/entity/Q105519258,Dear Scarlet,,Canada,n/a,http://www.wikidata.org/entity/Q105519341,Q105519341,Teresa Wong,Canada,http://www.wikidata.org/entity/Q150,French,http://www.wikidata.org/entity/Q135651091,Dear Scarlet,Arsenal Pulp Press,Canada,"47,2",2,47,Vancouver,"49.26083333333333,-123.1138888888889",-123.1138888888889,49.26083333333333,,English,http://www.wikidata.org/entity/Q1860
http://www.wikidata.org/entity/Q78356518,Around the World in 18 Years,,Canada,Hubert Marcoux,http://www.wikidata.org/entity/Q20985501,Q20985501,Hubert Marcoux,Canada,http://www.wikidata.org/entity/Q150,French,http://www.wikidata.org/entity/Q132702808,Around the World in 18 Years,Hubert Marcoux (self published),Canada,"47,2",2,47,Halifax,"44.647777777778,-63.571388888889",-63.571388888889,44.647777777778,,English,http://www.wikidata.org/entity/Q1860
http://www.wikidata.org/entity/Q132733825,Wisdom of the Imagination: The Livres d'Artiste of Lucie Lambert,,Canada,n/a,http://www.wikidata.org/entity/Q132733831,Q132733831,Sheila Martineau,Canada,http://www.wikidata.org/entity/Q150,French,http://www.wikidata.org/entity/Q133838452,Q133838452,Simply Read Books,Canada,"56,-109",-109,56,Vancouver,"49.26083333333333,-123.1138888888889",-123.1138888888889,49.26083333333333,,English,http://www.wikidata.org/entity/Q1860
http://www.wikidata.org/entity/Q2995976,Race Against Time: Searching for Hope in AIDS-Ravaged Africa,,Canada,n/a,http://www.wikidata.org/entity/Q655512,Q655512,Stephen Lewis,Canada,http://www.wikidata.org/entity/Q1860,English,http://www.wikidata.org/entity/Q126696772,Contre la montre : combattre le sida en Afrique,Actes Sud,France,"47,2",2,47,Arles-sur-Tech,"42.456944444444,2.6338888888889",2.6338888888889,42.456944444444,,French,http://www.wikidata.org/entity/Q150
http://www.wikidata.org/entity/Q4352956,The Year of the Flood,novel,Canada,n/a,http://www.wikidata.org/entity/Q183492,Q183492,Margaret Atwood,Canada,http://www.wikidata.org/entity/Q1860,English,http://www.wikidata.org/entity/Q116149197,El año del diluvio,Editorial Bruguera,Spain,"40.2,-3.5",-3.5,40.2,Barcelona,"41.3825,2.1769444444444",2.1769444444444,41.3825,,Spanish,http://www.wikidata.org/entity/Q1321
http://www.wikidata.org/entity/Q179441,The Breadwinner,,Canada,n/a,http://www.wikidata.org/entity/Q290374,Q290374,Deborah Ellis,Canada,http://www.wikidata.org/entity/Q1860,English,http://www.wikidata.org/entity/Q125253259,El pan de la guerra,Editorial Luis Vives,Spain,"40.2,-3.5",-3.5,40.2,Madrid,"40.41694444444445,-3.703333333333333",-3.703333333333333,40.41694444444445,,Spanish,http://www.wikidata.org/entity/Q1321
http://www.wikidata.org/entity/Q20645702,Station Eleven,novel,Canada,n/a,http://www.wikidata.org/entity/Q3052385,Q3052385,Emily St. John Mandel,Canada,http://www.wikidata.org/entity/Q1860,English,http://www.wikidata.org/entity/Q116173110,Stanice 11,Argo Publishing,Czech Republic,"50,15",15,50,Prague,"50.0875,14.421388888888888",14.421388888888888,50.0875,Markéta Musilová,Czech,http://www.wikidata.org/entity/Q9056
http://www.wikidata.org/entity/Q2910080,The Tin Flute,novel,Canada,Groupe Flammarion,http://www.wikidata.org/entity/Q294999,Q294999,Gabrielle Roy,Canada,http://www.wikidata.org/entity/Q150,French,http://www.wikidata.org/entity/Q133546212,The Tin Flute,Reynal & Hitchcock,United States,"39.828175,-98.5795",-98.5795,39.828175,New York City,"40.71277777777778,-74.00611111111111",-74.00611111111111,40.71277777777778,,English,http://www.wikidata.org/entity/Q1860
http://www.wikidata.org/entity/Q3818322,Alias Grace,novel,Canada,McClelland & Stewart,http://www.wikidata.org/entity/Q183492,Q183492,Margaret Atwood,Canada,http://www.wikidata.org/entity/Q1860,English,http://www.wikidata.org/entity/Q136435895,Alias Grace,Salamandra,Spain,"40.2,-3.5",-3.5,40.2,Barcelona,"41.3825,2.1769444444444",2.1769444444444,41.3825,,Spanish,http://www.wikidata.org/entity/Q1321
http://www.wikidata.org/entity/Q2910080,The Tin Flute,novel,Canada,Groupe Flammarion,http://www.wikidata.org/entity/Q294999,Q294999,Gabrielle Roy,Canada,http://www.wikidata.org/entity/Q150,French,http://www.wikidata.org/entity/Q133545271,The Tin Flute,New Canadian Library,Canada,"56,-109",-109,56,New Brunswick,"46.6,-66",-66,46.6,,English,http://www.wikidata.org/entity/Q1860
http://www.wikidata.org/entity/Q60786692,The Testaments,novel,Canada,Éditions Robert Laffont,http://www.wikidata.org/entity/Q183492,Q183492,Margaret Atwood,Canada,http://www.wikidata.org/entity/Q1860,English,http://www.wikidata.org/entity/Q136435898,Los testamentos,Salamandra,Spain,"40.2,-3.5",-3.5,40.2,Barcelona,"41.3825,2.1769444444444",2.1769444444444,41.3825,,Spanish,http://www.wikidata.org/entity/Q1321
http://www.wikidata.org/entity/Q3054135,Tigana,novel,Canada,n/a,http://www.wikidata.org/entity/Q95099,Q95099,Guy Gavriel Kay,Canada,http://www.wikidata.org/entity/Q1860,English,http://www.wikidata.org/entity/Q131719408,Tigane,L'Atalante,France,"47,2",2,47,Nantes,"47.217222222222,-1.5538888888889",-1.5538888888889,47.217222222222,,French,http://www.wikidata.org/entity/Q150
http://www.wikidata.org/entity/Q3212402,Brown Girl in the Ring,novel,Canada,Hachette Book Group,http://www.wikidata.org/entity/Q270204,Q270204,Nalo Hopkinson,Canada,http://www.wikidata.org/entity/Q1860,English,http://www.wikidata.org/entity/Q126544390,La Ronde des esprits,J'ai Lu,France,"47,2",2,47,Paris,"48.85666666666667,2.352222222222222",2.352222222222222,48.85666666666667,,French,http://www.wikidata.org/entity/Q150
http://www.wikidata.org/entity/Q3795874,The Saxon Shore,,Canada,Viking Press,http://www.wikidata.org/entity/Q369469,Q369469,Jack Whyte,United Kingdom,http://www.wikidata.org/entity/Q1860,English,http://www.wikidata.org/entity/Q134383127,Il sogno di Merlino,Piemme,Italy,"42.5,12.5",12.5,42.5,Casale Monferrato,"45.134166666667,8.4583333333333",8.4583333333333,45.134166666667,,Italian,http://www.wikidata.org/entity/Q652