Unnamed: 0,query (5),Unnamed: 2,Unnamed: 3,Unnamed: 4,Unnamed: 5,Unnamed: 6,Unnamed: 7,Unnamed: 8,Unnamed: 9,Unnamed: 10,Unnamed: 11,Unnamed: 12,Unnamed: 13,Unnamed: 14
,work,workLabel,relation,date,language,languageLabel,country,countryLabel,place,placeLabel,lat,lon,origWork,origTitle
,http://www.wikidata.org/entity/Q102448,Harry Potter and the Prisoner of Azkaban,based_on,2004-06-02T00:00:00Z,,,http://www.wikidata.org/entity/Q145,United Kingdom,,,,,http://www.wikidata.org/entity/Q47598,Harry Potter and the Prisoner of Azkaban
,http://www.wikidata.org/entity/Q102235,Harry Potter and the Order of the Phoenix,based_on,2007-07-11T00:00:00Z,,,http://www.wikidata.org/entity/Q30,United States,,,,,http://www.wikidata.org/entity/Q80817,Harry Potter and the Order of the Phoenix
,http://www.wikidata.org/entity/Q665733,Harry Potter and the Deathly Hallows – Part 1,based_on,2011-06-25T00:00:00Z,http://www.wikidata.org/entity/Q256,Turkish,http://www.wikidata.org/entity/Q145,United Kingdom,,,,,http://www.wikidata.org/entity/Q46758,Harry Potter and the Deathly Hallows
,http://www.wikidata.org/entity/Q161678,Harry Potter and the Deathly Hallows – Part 1,based_on,2010-11-19T00:00:00Z,,,http://www.wikidata.org/entity/Q30,United States,,,,,http://www.wikidata.org/entity/Q46758,Harry Potter and the Deathly Hallows
,http://www.wikidata.org/entity/Q102438,Harry Potter and the Philosopher's Stone,based_on,2001-11-04T00:00:00Z,,,http://www.wikidata.org/entity/Q30,United States,,,,,http://www.wikidata.org/entity/Q43361,Harry Potter and the Philosopher's Stone
,http://www.wikidata.org/entity/Q254851,Harry Potter and the Order of the Phoenix,based_on,2008-05-25T00:00:00Z,http://www.wikidata.org/entity/Q1321,Spanish,http://www.wikidata.org/entity/Q145,United Kingdom,,,,,http://www.wikidata.org/entity/Q80817,Harry Potter and the Order of the Phoenix
,http://www.wikidata.org/entity/Q254851,Harry Potter and the Order of the Phoenix,based_on,2008-05-25T00:00:00Z,http://www.wikidata.org/entity/Q1860,English,http://www.wikidata.org/entity/Q145,United Kingdom,,,,,http://www.wikidata.org/entity/Q80817,Harry Potter and the Order of the Phoenix
,http://www.wikidata.org/entity/Q161687,Harry Potter and the Half-Blood Prince,based_on,2009-07-16T00:00:00Z,,,http://www.wikidata.org/entity/Q30,United States,,,,,http://www.wikidata.org/entity/Q46887,Harry Potter and the Half-Blood Prince
,http://www.wikidata.org/entity/Q102244,Harry Potter and the Chamber of Secrets,based_on,2002-12-04T00:00:00Z,,,http://www.wikidata.org/entity/Q30,United States,,,,,http://www.wikidata.org/entity/Q47209,Harry Potter and the Chamber of Secrets
,http://www.wikidata.org/entity/Q665733,Harry Potter and the Deathly Hallows – Part 1,based_on,2011-06-25T00:00:00Z,http://www.wikidata.org/entity/Q1321,Spanish,http://www.wikidata.org/entity/Q145,United Kingdom,,,,,http://www.wikidata.org/entity/Q46758,Harry Potter and the Deathly Hallows
,http://www.wikidata.org/entity/Q102448,Harry Potter and the Prisoner of Azkaban,based_on,2004-06-04T00:00:00Z,,,http://www.wikidata.org/entity/Q145,United Kingdom,,,,,http://www.wikidata.org/entity/Q47598,Harry Potter and the Prisoner of Azkaban
,http://www.wikidata.org/entity/Q102244,Harry Potter and the Chamber of Secrets,based_on,2002-11-15T00:00:00Z,,,http://www.wikidata.org/entity/Q30,United States,,,,,http://www.wikidata.org/entity/Q47209,Harry Potter and the Chamber of Secrets
,http://www.wikidata.org/entity/Q719960,Harry Potter and the Philosopher's Stone,based_on,2001-11-16T00:00:00Z,http://www.wikidata.org/entity/Q1321,Spanish,http://www.wikidata.org/entity/Q145,United Kingdom,,,,,http://www.wikidata.org/entity/Q43361,Harry Potter and the Philosopher's Stone
,http://www.wikidata.org/entity/Q665733,Harry Potter and the Deathly Hallows – Part 1,based_on,2011-06-25T00:00:00Z,http://www.wikidata.org/entity/Q1860,English,http://www.wikidata.org/entity/Q145,United Kingdom,,,,,http://www.wikidata.org/entity/Q46758,Harry Potter and the Deathly Hallows
,http://www.wikidata.org/entity/Q161678,Harry Potter and the Deathly Hallows – Part 1,based_on,2010-11-24T00:00:00Z,,,http://www.wikidata.org/entity/Q145,United Kingdom,,,,,http://www.wikidata.org/entity/Q46758,Harry Potter and the Deathly Hallows
,http://www.wikidata.org/entity/Q719960,Harry Potter and the Philosopher's Stone,based_on,2001-11-16T00:00:00Z,http://www.wikidata.org/entity/Q1860,English,http://www.wikidata.org/entity/Q145,United Kingdom,,,,,http://www.wikidata.org/entity/Q43361,Harry Potter and the Philosopher's Stone
,http://www.wikidata.org/entity/Q161687,Harry Potter and the Half-Blood Prince,based_on,2009-07-23T00:00:00Z,,,http://www.wikidata.org/entity/Q30,United States,,,,,http://www.wikidata.org/entity/Q46887,Harry Potter and the Half-Blood Prince
,http://www.wikidata.org/entity/Q102244,Harry Potter and the Chamber of Secrets,based_on,2002-11-22T00:00:00Z,,,http://www.wikidata.org/entity/Q30,United States,,,,,http://www.wikidata.org/entity/Q47209,Harry Potter and the Chamber of Secrets
,http://www.wikidata.org/entity/Q102244,Harry Potter and the Chamber of Secrets,based_on,2002-11-03T00:00:00Z,,,http://www.wikidata.org/entity/Q30,United States,,,,,http://www.wikidata.org/entity/Q47209,Harry Potter and the Chamber of Secrets
,http://www.wikidata.org/entity/Q102225,Harry Potter and the Goblet of Fire,based_on,2022-11-03T00:00:00Z,,,http://www.wikidata.org/entity/Q30,United States,,,,,http://www.wikidata.org/entity/Q46751,Harry Potter and the Goblet of Fire
,http://www.wikidata.org/entity/Q665733,Harry Potter and the Deathly Hallows – Part 1,based_on,2010-11-16T00:00:00Z,http://www.wikidata.org/entity/Q7737,Russian,http://www.wikidata.org/entity/Q145,United Kingdom,,,,,http://www.wikidata.org/entity/Q46758,Harry Potter and the Deathly Hallows
,http://www.wikidata.org/entity/Q102244,Harry Potter and the Chamber of Secrets,based_on,2002-11-29T00:00:00Z,,,http://www.wikidata.org/entity/Q30,United States,,,,,http://www.wikidata.org/entity/Q47209,Harry Potter and the Chamber of Secrets
,http://www.wikidata.org/entity/Q176689,Barry Trotter,based_on,,http://www.wikidata.org/entity/Q1860,English,http://www.wikidata.org/entity/Q30,United States,,,,,http://www.wikidata.org/entity/Q8337,
,http://www.wikidata.org/entity/Q102235,Harry Potter and the Order of the Phoenix,based_on,2007-07-20T00:00:00Z,,,http://www.wikidata.org/entity/Q30,United States,,,,,http://www.wikidata.org/entity/Q80817,Harry Potter and the Order of the Phoenix
,http://www.wikidata.org/entity/Q254851,Harry Potter and the Order of the Phoenix,based_on,2007-07-13T00:00:00Z,http://www.wikidata.org/entity/Q11051,Hindustani,http://www.wikidata.org/entity/Q145,United Kingdom,,,,,http://www.wikidata.org/entity/Q80817,Harry Potter and the Order of the Phoenix
,http://www.wikidata.org/entity/Q102235,Harry Potter and the Order of the Phoenix,based_on,2007-07-11T00:00:00Z,,,http://www.wikidata.org/entity/Q145,United Kingdom,,,,,http://www.wikidata.org/entity/Q80817,Harry Potter and the Order of the Phoenix
,http://www.wikidata.org/entity/Q161678,Harry Potter and the Deathly Hallows – Part 1,based_on,2010-11-19T00:00:00Z,,,http://www.wikidata.org/entity/Q145,United Kingdom,,,,,http://www.wikidata.org/entity/Q46758,Harry Potter and the Deathly Hallows
,http://www.wikidata.org/entity/Q102438,Harry Potter and the Philosopher's Stone,based_on,2001-11-04T00:00:00Z,,,http://www.wikidata.org/entity/Q145,United Kingdom,,,,,http://www.wikidata.org/entity/Q43361,Harry Potter and the Philosopher's Stone
,http://www.wikidata.org/entity/Q254851,Harry Potter and the Order of the Phoenix,based_on,2007-06-25T00:00:00Z,http://www.wikidata.org/entity/Q1321,Spanish,http://www.wikidata.org/entity/Q145,United Kingdom,,,,,http://www.wikidata.org/entity/Q80817,Harry Potter and the Order of the Phoenix
,http://www.wikidata.org/entity/Q216930,Harry Potter,based_on,2001-11-04T00:00:00Z,,,http://www.wikidata.org/entity/Q30,United States,,,,,http://www.wikidata.org/entity/Q8337,
,http://www.wikidata.org/entity/Q254851,Harry Potter and the Order of the Phoenix,based_on,2007-06-25T00:00:00Z,http://www.wikidata.org/entity/Q1860,English,http://www.wikidata.org/entity/Q145,United Kingdom,,,,,http://www.wikidata.org/entity/Q80817,Harry Potter and the Order of the Phoenix
,http://www.wikidata.org/entity/Q216930,Harry Potter,based_on,2001-11-04T00:00:00Z,,,http://www.wikidata.org/entity/Q145,United Kingdom,,,,,http://www.wikidata.org/entity/Q8337,
,http://www.wikidata.org/entity/Q161687,Harry Potter and the Half-Blood Prince,based_on,2009-07-16T00:00:00Z,,,http://www.wikidata.org/entity/Q145,United Kingdom,,,,,http://www.wikidata.org/entity/Q46887,Harry Potter and the Half-Blood Prince
,http://www.wikidata.org/entity/Q102244,Harry Potter and the Chamber of Secrets,based_on,2002-12-04T00:00:00Z,,,http://www.wikidata.org/entity/Q145,United Kingdom,,,,,http://www.wikidata.org/entity/Q47209,Harry Potter and the Chamber of Secrets
,http://www.wikidata.org/entity/Q161687,Harry Potter and the Half-Blood Prince,based_on,2009-07-06T00:00:00Z,,,http://www.wikidata.org/entity/Q30,United States,,,,,http://www.wikidata.org/entity/Q46887,Harry Potter and the Half-Blood Prince
,http://www.wikidata.org/entity/Q102244,Harry Potter and the Chamber of Secrets,based_on,2002-11-15T00:00:00Z,,,http://www.wikidata.org/entity/Q145,United Kingdom,,,,,http://www.wikidata.org/entity/Q47209,Harry Potter and the Chamber of Secrets
,http://www.wikidata.org/entity/Q102448,Harry Potter and the Prisoner of Azkaban,based_on,2004-06-03T00:00:00Z,,,http://www.wikidata.org/entity/Q30,United States,,,,,http://www.wikidata.org/entity/Q47598,Harry Potter and the Prisoner of Azkaban
,http://www.wikidata.org/entity/Q161687,Harry Potter and the Half-Blood Prince,based_on,2009-07-23T00:00:00Z,,,http://www.wikidata.org/entity/Q145,United Kingdom,,,,,http://www.wikidata.org/entity/Q46887,Harry Potter and the Half-Blood Prince
,http://www.wikidata.org/entity/Q102244,Harry Potter and the Chamber of Secrets,based_on,2002-11-22T00:00:00Z,,,http://www.wikidata.org/entity/Q145,United Kingdom,,,,,http://www.wikidata.org/entity/Q47209,Harry Potter and the Chamber of Secrets
,http://www.wikidata.org/entity/Q102448,Harry Potter and the Prisoner of Azkaban,based_on,2004-06-10T00:00:00Z,,,http://www.wikidata.org/entity/Q30,United States,,,,,http://www.wikidata.org/entity/Q47598,Harry Potter and the Prisoner of Azkaban
,http://www.wikidata.org/entity/Q102244,Harry Potter and the Chamber of Secrets,based_on,2002-11-03T00:00:00Z,,,http://www.wikidata.org/entity/Q145,United Kingdom,,,,,http://www.wikidata.org/entity/Q47209,Harry Potter and the Chamber of Secrets
,http://www.wikidata.org/entity/Q102225,Harry Potter and the Goblet of Fire,based_on,2022-11-03T00:00:00Z,,,http://www.wikidata.org/entity/Q145,United Kingdom,,,,,http://www.wikidata.org/entity/Q46751,Harry Potter and the Goblet of Fire
,http://www.wikidata.org/entity/Q665733,Harry Potter and the Deathly Hallows – Part 1,based_on,2010-11-16T00:00:00Z,http://www.wikidata.org/entity/Q256,Turkish,http://www.wikidata.org/entity/Q145,United Kingdom,,,,,http://www.wikidata.org/entity/Q46758,Harry Potter and the Deathly Hallows
,http://www.wikidata.org/entity/Q161678,Harry Potter and the Deathly Hallows – Part 1,based_on,2010-11-11T00:00:00Z,,,http://www.wikidata.org/entity/Q30,United States,,,,,http://www.wikidata.org/entity/Q46758,Harry Potter and the Deathly Hallows
,http://www.wikidata.org/entity/Q102244,Harry Potter and the Chamber of Secrets,based_on,2002-11-29T00:00:00Z,,,http://www.wikidata.org/entity/Q145,United Kingdom,,,,,http://www.wikidata.org/entity/Q47209,Harry Potter and the Chamber of Secrets
,http://www.wikidata.org/entity/Q102225,Harry Potter and the Goblet of Fire,based_on,2005-11-16T00:00:00Z,,,http://www.wikidata.org/entity/Q30,United States,,,,,http://www.wikidata.org/entity/Q46751,Harry Potter and the Goblet of Fire
,http://www.wikidata.org/entity/Q102235,Harry Potter and the Order of the Phoenix,based_on,2007-07-20T00:00:00Z,,,http://www.wikidata.org/entity/Q145,United Kingdom,,,,,http://www.wikidata.org/entity/Q80817,Harry Potter and the Order of the Phoenix
,http://www.wikidata.org/entity/Q665733,Harry Potter and the Deathly Hallows – Part 1,based_on,2011-06-25T00:00:00Z,http://www.wikidata.org/entity/Q5287,Japanese,http://www.wikidata.org/entity/Q145,United Kingdom,,,,,http://www.wikidata.org/entity/Q46758,Harry Potter and the Deathly Hallows
,http://www.wikidata.org/entity/Q161678,Harry Potter and the Deathly Hallows – Part 1,based_on,2010-11-18T00:00:00Z,,,http://www.wikidata.org/entity/Q30,United States,,,,,http://www.wikidata.org/entity/Q46758,Harry Potter and the Deathly Hallows
,http://www.wikidata.org/entity/Q665733,Harry Potter and the Deathly Hallows – Part 1,based_on,2010-11-16T00:00:00Z,http://www.wikidata.org/entity/Q1321,Spanish,http://www.wikidata.org/entity/Q145,United Kingdom,,,,,http://www.wikidata.org/entity/Q46758,Harry Potter and the Deathly Hallows
,http://www.wikidata.org/entity/Q665733,Harry Potter and the Deathly Hallows – Part 1,based_on,2010-11-16T00:00:00Z,http://www.wikidata.org/entity/Q1860,English,http://www.wikidata.org/entity/Q145,United Kingdom,,,,,http://www.wikidata.org/entity/Q46758,Harry Potter and the Deathly Hallows
,http://www.wikidata.org/entity/Q232009,Harry Potter and the Deathly Hallows – Part 2,based_on,2011-07-13T00:00:00Z,,,http://www.wikidata.org/entity/Q30,United States,,,,,http://www.wikidata.org/entity/Q46758,Harry Potter and the Deathly Hallows
,http://www.wikidata.org/entity/Q161678,Harry Potter and the Deathly Hallows – Part 1,based_on,2010-11-25T00:00:00Z,,,http://www.wikidata.org/entity/Q30,United States,,,,,http://www.wikidata.org/entity/Q46758,Harry Potter and the Deathly Hallows
,http://www.wikidata.org/entity/Q102448,Harry Potter and the Prisoner of Azkaban,based_on,2022-08-18T00:00:00Z,,,http://www.wikidata.org/entity/Q30,United States,,,,,http://www.wikidata.org/entity/Q47598,Harry Potter and the Prisoner of Azkaban
,http://www.wikidata.org/entity/Q161687,Harry Potter and the Half-Blood Prince,based_on,2009-07-15T00:00:00Z,,,http://www.wikidata.org/entity/Q30,United States,,,,,http://www.wikidata.org/entity/Q46887,Harry Potter and the Half-Blood Prince
,http://www.wikidata.org/entity/Q102235,Harry Potter and the Order of the Phoenix,based_on,2007-06-28T00:00:00Z,,,http://www.wikidata.org/entity/Q30,United States,,,,,http://www.wikidata.org/entity/Q80817,Harry Potter and the Order of the Phoenix
,http://www.wikidata.org/entity/Q161687,Harry Potter and the Half-Blood Prince,based_on,2009-07-06T00:00:00Z,,,http://www.wikidata.org/entity/Q145,United Kingdom,,,,,http://www.wikidata.org/entity/Q46887,Harry Potter and the Half-Blood Prince
,http://www.wikidata.org/entity/Q102448,Harry Potter and the Prisoner of Azkaban,based_on,2004-06-03T00:00:00Z,,,http://www.wikidata.org/entity/Q145,United Kingdom,,,,,http://www.wikidata.org/entity/Q47598,Harry Potter and the Prisoner of Azkaban
,http://www.wikidata.org/entity/Q102244,Harry Potter and the Chamber of Secrets,based_on,2002-11-14T00:00:00Z,,,http://www.wikidata.org/entity/Q30,United States,,,,,http://www.wikidata.org/entity/Q47209,Harry Potter and the Chamber of Secrets
,http://www.wikidata.org/entity/Q102225,Harry Potter and the Goblet of Fire,based_on,2005-11-30T00:00:00Z,,,http://www.wikidata.org/entity/Q30,United States,,,,,http://www.wikidata.org/entity/Q46751,Harry Potter and the Goblet of Fire
,http://www.wikidata.org/entity/Q665733,Harry Potter and the Deathly Hallows – Part 1,based_on,2011-06-25T00:00:00Z,http://www.wikidata.org/entity/Q9199,Vietnamese,http://www.wikidata.org/entity/Q145,United Kingdom,,,,,http://www.wikidata.org/entity/Q46758,Harry Potter and the Deathly Hallows
,http://www.wikidata.org/entity/Q254851,Harry Potter and the Order of the Phoenix,based_on,2008-05-25T00:00:00Z,http://www.wikidata.org/entity/Q11051,Hindustani,http://www.wikidata.org/entity/Q145,United Kingdom,,,,,http://www.wikidata.org/entity/Q80817,Harry Potter and the Order of the Phoenix
,http://www.wikidata.org/entity/Q102448,Harry Potter and the Prisoner of Azkaban,based_on,2004-06-10T00:00:00Z,,,http://www.wikidata.org/entity/Q145,United Kingdom,,,,,http://www.wikidata.org/entity/Q47598,Harry Potter and the Prisoner of Azkaban
,http://www.wikidata.org/entity/Q102448,Harry Potter and the Prisoner of Azkaban,based_on,2004-05-31T00:00:00Z,,,http://www.wikidata.org/entity/Q30,United States,,,,,http://www.wikidata.org/entity/Q47598,Harry Potter and the Prisoner of Azkaban
,http://www.wikidata.org/entity/Q102225,Harry Potter and the Goblet of Fire,based_on,2005-11-18T00:00:00Z,,,http://www.wikidata.org/entity/Q30,United States,,,,,http://www.wikidata.org/entity/Q46751,Harry Potter and the Goblet of Fire
,http://www.wikidata.org/entity/Q102235,Harry Potter and the Order of the Phoenix,based_on,2007-07-12T00:00:00Z,,,http://www.wikidata.org/entity/Q30,United States,,,,,http://www.wikidata.org/entity/Q80817,Harry Potter and the Order of the Phoenix
,http://www.wikidata.org/entity/Q161678,Harry Potter and the Deathly Hallows – Part 1,based_on,2010-11-11T00:00:00Z,,,http://www.wikidata.org/entity/Q145,United Kingdom,,,,,http://www.wikidata.org/entity/Q46758,Harry Potter and the Deathly Hallows
,http://www.wikidata.org/entity/Q102244,Harry Potter and the Chamber of Secrets,based_on,2002-11-28T00:00:00Z,,,http://www.wikidata.org/entity/Q30,United States,,,,,http://www.wikidata.org/entity/Q47209,Harry Potter and the Chamber of Secrets
,http://www.wikidata.org/entity/Q102225,Harry Potter and the Goblet of Fire,based_on,2005-11-16T00:00:00Z,,,http://www.wikidata.org/entity/Q145,United Kingdom,,,,,http://www.wikidata.org/entity/Q46751,Harry Potter and the Goblet of Fire
,http://www.wikidata.org/entity/Q232009,Harry Potter and the Deathly Hallows – Part 2,based_on,2011-07-15T00:00:00Z,,,http://www.wikidata.org/entity/Q30,United States,,,,,http://www.wikidata.org/entity/Q46758,Harry Potter and the Deathly Hallows
,http://www.wikidata.org/entity/Q102244,Harry Potter and the Chamber of Secrets,based_on,2003-02-26T00:00:00Z,,,http://www.wikidata.org/entity/Q30,United States,,,,,http://www.wikidata.org/entity/Q47209,Harry Potter and the Chamber of Secrets
,http://www.wikidata.org/entity/Q102225,Harry Potter and the Goblet of Fire,based_on,2005-11-06T00:00:00Z,,,http://www.wikidata.org/entity/Q30,United States,,,,,http://www.wikidata.org/entity/Q46751,Harry Potter and the Goblet of Fire
,http://www.wikidata.org/entity/Q161678,Harry Potter and the Deathly Hallows – Part 1,based_on,2010-11-18T00:00:00Z,,,http://www.wikidata.org/entity/Q145,United Kingdom,,,,,http://www.wikidata.org/entity/Q46758,Harry Potter and the Deathly Hallows
,http://www.wikidata.org/entity/Q102448,Harry Potter and the Prisoner of Azkaban,based_on,2004-07-29T00:00:00Z,,,http://www.wikidata.org/entity/Q30,United States,,,,,http://www.wikidata.org/entity/Q47598,Harry Potter and the Prisoner of Azkaban
,http://www.wikidata.org/entity/Q232009,Harry Potter and the Deathly Hallows – Part 2,based_on,2011-07-13T00:00:00Z,,,http://www.wikidata.org/entity/Q145,United Kingdom,,,,,http://www.wikidata.org/entity/Q46758,Harry Potter and the Deathly Hallows
,http://www.wikidata.org/entity/Q161678,Harry Potter and the Deathly Hallows – Part 1,based_on,2010-11-25T00:00:00Z,,,http://www.wikidata.org/entity/Q145,United Kingdom,,,,,http://www.wikidata.org/entity/Q46758,Harry Potter and the Deathly Hallows
,http://www.wikidata.org/entity/Q102448,Harry Potter and the Prisoner of Azkaban,based_on,2022-08-18T00:00:00Z,,,http://www.wikidata.org/entity/Q145,United Kingdom,,,,,http://www.wikidata.org/entity/Q47598,Harry Potter and the Prisoner of Azkaban
,http://www.wikidata.org/entity/Q161687,Harry Potter and the Half-Blood Prince,based_on,2009-07-15T00:00:00Z,,,http://www.wikidata.org/entity/Q145,United Kingdom,,,,,http://www.wikidata.org/entity/Q46887,Harry Potter and the Half-Blood Prince
,http://www.wikidata.org/entity/Q102235,Harry Potter and the Order of the Phoenix,based_on,2007-06-28T00:00:00Z,,,http://www.wikidata.org/entity/Q145,United Kingdom,,,,,http://www.wikidata.org/entity/Q80817,Harry Potter and the Order of the Phoenix
,http://www.wikidata.org/entity/Q102244,Harry Potter and the Chamber of Secrets,based_on,2002-11-23T00:00:00Z,,,http://www.wikidata.org/entity/Q30,United States,,,,,http://www.wikidata.org/entity/Q47209,Harry Potter and the Chamber of Secrets
,http://www.wikidata.org/entity/Q254851,Harry Potter and the Order of the Phoenix,based_on,2007-06-25T00:00:00Z,http://www.wikidata.org/entity/Q11051,Hindustani,http://www.wikidata.org/entity/Q145,United Kingdom,,,,,http://www.wikidata.org/entity/Q80817,Harry Potter and the Order of the Phoenix
,http://www.wikidata.org/entity/Q102244,Harry Potter and the Chamber of Secrets,based_on,2002-11-14T00:00:00Z,,,http://www.wikidata.org/entity/Q145,United Kingdom,,,,,http://www.wikidata.org/entity/Q47209,Harry Potter and the Chamber of Secrets
,http://www.wikidata.org/entity/Q102225,Harry Potter and the Goblet of Fire,based_on,2005-11-30T00:00:00Z,,,http://www.wikidata.org/entity/Q145,United Kingdom,,,,,http://www.wikidata.org/entity/Q46751,Harry Potter and the Goblet of Fire
,http://www.wikidata.org/entity/Q102448,Harry Potter and the Prisoner of Azkaban,based_on,2004-06-02T00:00:00Z,,,http://www.wikidata.org/entity/Q30,United States,,,,,http://www.wikidata.org/entity/Q47598,Harry Potter and the Prisoner of Azkaban
,http://www.wikidata.org/entity/Q254851,Harry Potter and the Order of the Phoenix,based_on,2007-07-13T00:00:00Z,http://www.wikidata.org/entity/Q1321,Spanish,http://www.wikidata.org/entity/Q145,United Kingdom,,,,,http://www.wikidata.org/entity/Q80817,Harry Potter and the Order of the Phoenix
,http://www.wikidata.org/entity/Q254851,Harry Potter and the Order of the Phoenix,based_on,2007-07-13T00:00:00Z,http://www.wikidata.org/entity/Q1860,English,http://www.wikidata.org/entity/Q145,United Kingdom,,,,,http://www.wikidata.org/entity/Q80817,Harry Potter and the Order of the Phoenix
,http://www.wikidata.org/entity/Q102448,Harry Potter and the Prisoner of Azkaban,based_on,2004-05-31T00:00:00Z,,,http://www.wikidata.org/entity/Q145,United Kingdom,,,,,http://www.wikidata.org/entity/Q47598,Harry Potter and the Prisoner of Azkaban
,http://www.wikidata.org/entity/Q102225,Harry Potter and the Goblet of Fire,based_on,2005-11-18T00:00:00Z,,,http://www.wikidata.org/entity/Q145,United Kingdom,,,,,http://www.wikidata.org/entity/Q46751,Harry Potter and the Goblet of Fire
,http://www.wikidata.org/entity/Q665733,Harry Potter and the Deathly Hallows – Part 1,based_on,2010-11-16T00:00:00Z,http://www.wikidata.org/entity/Q5287,Japanese,http://www.wikidata.org/entity/Q145,United Kingdom,,,,,http://www.wikidata.org/entity/Q46758,Harry Potter and the Deathly Hallows
,http://www.wikidata.org/entity/Q102235,Harry Potter and the Order of the Phoenix,based_on,2007-07-12T00:00:00Z,,,http://www.wikidata.org/entity/Q145,United Kingdom,,,,,http://www.wikidata.org/entity/Q80817,Harry Potter and the Order of the Phoenix
,http://www.wikidata.org/entity/Q102244,Harry Potter and the Chamber of Secrets,based_on,2002-11-28T00:00:00Z,,,http://www.wikidata.org/entity/Q145,United Kingdom,,,,,http://www.wikidata.org/entity/Q47209,Harry Potter and the Chamber of Secrets
,http://www.wikidata.org/entity/Q665733,Harry Potter and the Deathly Hallows – Part 1,based_on,2011-06-25T00:00:00Z,http://www.wikidata.org/entity/Q7737,Russian,http://www.wikidata.org/entity/Q145,United Kingdom,,,,,http://www.wikidata.org/entity/Q46758,Harry Potter and the Deathly Hallows
,http://www.wikidata.org/entity/Q232009,Harry Potter and the Deathly Hallows – Part 2,based_on,2011-07-15T00:00:00Z,,,http://www.wikidata.org/entity/Q145,United Kingdom,,,,,http://www.wikidata.org/entity/Q46758,Harry Potter and the Deathly Hallows
,http://www.wikidata.org/entity/Q102244,Harry Potter and the Chamber of Secrets,based_on,2003-02-26T00:00:00Z,,,http://www.wikidata.org/entity/Q145,United Kingdom,,,,,http://www.wikidata.org/entity/Q47209,Harry Potter and the Chamber of Secrets
,http://www.wikidata.org/entity/Q102225,Harry Potter and the Goblet of Fire,based_on,2005-11-06T00:00:00Z,,,http://www.wikidata.org/entity/Q145,United Kingdom,,,,,http://www.wikidata.org/entity/Q46751,Harry Potter and the Goblet of Fire
,http://www.wikidata.org/entity/Q665733,Harry Potter and the Deathly Hallows – Part 1,based_on,2010-11-16T00:00:00Z,http://www.wikidata.org/entity/Q9199,Vietnamese,http://www.wikidata.org/entity/Q145,United Kingdom,,,,,http://www.wikidata.org/entity/Q46758,Harry Potter and the Deathly Hallows
,http://www.wikidata.org/entity/Q102448,Harry Potter and the Prisoner of Azkaban,based_on,2004-06-04T00:00:00Z,,,http://www.wikidata.org/entity/Q30,United States,,,,,http://www.wikidata.org/entity/Q47598,Harry Potter and the Prisoner of Azkaban
,http://www.wikidata.org/entity/Q102448,Harry Potter and the Prisoner of Azkaban,based_on,2004-07-29T00:00:00Z,,,http://www.wikidata.org/entity/Q145,United Kingdom,,,,,http://www.wikidata.org/entity/Q47598,Harry Potter and the Prisoner of Azkaban
,http://www.wikidata.org/entity/Q161678,Harry Potter and the Deathly Hallows – Part 1,based_on,2010-11-24T00:00:00Z,,,http://www.wikidata.org/entity/Q30,United States,,,,,http://www.wikidata.org/entity/Q46758,Harry Potter and the Deathly Hallows
,http://www.wikidata.org/entity/Q102244,Harry Potter and the Chamber of Secrets,based_on,2002-11-23T00:00:00Z,,,http://www.wikidata.org/entity/Q145,United Kingdom,,,,,http://www.wikidata.org/entity/Q47209,Harry Potter and the Chamber of Secrets
,http://www.wikidata.org/entity/Q21501482,My Immortal,based_on,2006-01-01T00:00:00Z,http://www.wikidata.org/entity/Q1860,English,,,,,,,http://www.wikidata.org/entity/Q8337,
,http://www.wikidata.org/entity/Q726167,Harry Potter and the Chamber of Secrets,based_on,2002-11-05T00:00:00Z,http://www.wikidata.org/entity/Q1860,English,http://www.wikidata.org/entity/Q145,United Kingdom,,,,,http://www.wikidata.org/entity/Q47209,Harry Potter and the Chamber of Secrets
,http://www.wikidata.org/entity/Q862524,Harry Potter and the Half-Blood Prince,based_on,2009-09-11T00:00:00Z,http://www.wikidata.org/entity/Q1860,English,http://www.wikidata.org/entity/Q145,United Kingdom,,,,,http://www.wikidata.org/entity/Q46887,Harry Potter and the Half-Blood Prince
,http://www.wikidata.org/entity/Q18199330,Fantastic Beasts and Where to Find Them,based_on,2016-11-17T00:00:00Z,,,http://www.wikidata.org/entity/Q145,United Kingdom,,,,,http://www.wikidata.org/entity/Q119500539,Fantastic Beasts and Where to Find Them: The Original Screenplay
,http://www.wikidata.org/entity/Q4040432,Harry Potter,based_on,2009-03-17T00:00:00Z,,,,,,,,,http://www.wikidata.org/entity/Q8337,
,http://www.wikidata.org/entity/Q862524,Harry Potter and the Half-Blood Prince,based_on,2009-09-11T00:00:00Z,http://www.wikidata.org/entity/Q150,French,http://www.wikidata.org/entity/Q145,United Kingdom,,,,,http://www.wikidata.org/entity/Q46887,Harry Potter and the Half-Blood Prince
,http://www.wikidata.org/entity/Q862524,Harry Potter and the Half-Blood Prince,based_on,2009-09-11T00:00:00Z,http://www.wikidata.org/entity/Q652,Italian,http://www.wikidata.org/entity/Q145,United Kingdom,,,,,http://www.wikidata.org/entity/Q46887,Harry Potter and the Half-Blood Prince
,http://www.wikidata.org/entity/Q1189721,Harry Potter and the Deathly Hallows – Part 2,based_on,2011-10-31T00:00:00Z,http://www.wikidata.org/entity/Q1321,Spanish,http://www.wikidata.org/entity/Q145,United Kingdom,,,,,http://www.wikidata.org/entity/Q46758,Harry Potter and the Deathly Hallows
,http://www.wikidata.org/entity/Q862524,Harry Potter and the Half-Blood Prince,based_on,2009-09-11T00:00:00Z,http://www.wikidata.org/entity/Q188,German,http://www.wikidata.org/entity/Q145,United Kingdom,,,,,http://www.wikidata.org/entity/Q46887,Harry Potter and the Half-Blood Prince
,http://www.wikidata.org/entity/Q12632136,Harry Potter and Deathly Hollows,based_on,,,,,,,,,,http://www.wikidata.org/entity/Q46758,Harry Potter and the Deathly Hallows
,http://www.wikidata.org/entity/Q18199331,Fantastic Beasts: The Crimes of Grindelwald,based_on,2018-11-16T00:00:00Z,,,http://www.wikidata.org/entity/Q30,United States,,,,,http://www.wikidata.org/entity/Q107631562,Fantastic Beasts: The Crimes of Grindelwald — The Original Screenplay
,http://www.wikidata.org/entity/Q21405312,Q21405312,based_on,2012-01-01T00:00:00Z,http://www.wikidata.org/entity/Q143,Esperanto,http://www.wikidata.org/entity/Q38,Italy,,,,,http://www.wikidata.org/entity/Q8337,
,http://www.wikidata.org/entity/Q1189721,Harry Potter and the Deathly Hallows – Part 2,based_on,2011-10-31T00:00:00Z,http://www.wikidata.org/entity/Q1860,English,http://www.wikidata.org/entity/Q145,United Kingdom,,,,,http://www.wikidata.org/entity/Q46758,Harry Potter and the Deathly Hallows
,http://www.wikidata.org/entity/Q21405312,Q21405312,based_on,2012-01-01T00:00:00Z,http://www.wikidata.org/entity/Q652,Italian,http://www.wikidata.org/entity/Q38,Italy,,,,,http://www.wikidata.org/entity/Q8337,
,http://www.wikidata.org/entity/Q849901,Harry Potter and the Goblet of Fire,based_on,2005-11-08T00:00:00Z,http://www.wikidata.org/entity/Q9199,Vietnamese,http://www.wikidata.org/entity/Q145,United Kingdom,,,,,http://www.wikidata.org/entity/Q46751,Harry Potter and the Goblet of Fire
,http://www.wikidata.org/entity/Q18199331,Fantastic Beasts: The Crimes of Grindelwald,based_on,2018-11-14T00:00:00Z,,,http://www.wikidata.org/entity/Q145,United Kingdom,,,,,http://www.wikidata.org/entity/Q107631562,Fantastic Beasts: The Crimes of Grindelwald — The Original Screenplay
,http://www.wikidata.org/entity/Q18199332,Fantastic Beasts: The Secrets of Dumbledore,based_on,2022-04-07T00:00:00Z,,,http://www.wikidata.org/entity/Q30,United States,,,,,http://www.wikidata.org/entity/Q119499198,Fantastic Beasts: The Secrets of Dumbledore — The Original Screenplay
,http://www.wikidata.org/entity/Q28443753,Strike,based_on,2017-08-27T00:00:00Z,,,http://www.wikidata.org/entity/Q145,United Kingdom,,,,,http://www.wikidata.org/entity/Q18417290,Cormoran Strike
,http://www.wikidata.org/entity/Q862524,Harry Potter and the Half-Blood Prince,based_on,2009-06-30T00:00:00Z,http://www.wikidata.org/entity/Q7737,Russian,http://www.wikidata.org/entity/Q145,United Kingdom,,,,,http://www.wikidata.org/entity/Q46887,Harry Potter and the Half-Blood Prince
,http://www.wikidata.org/entity/Q849901,Harry Potter and the Goblet of Fire,based_on,2005-11-26T00:00:00Z,http://www.wikidata.org/entity/Q1321,Spanish,http://www.wikidata.org/entity/Q145,United Kingdom,,,,,http://www.wikidata.org/entity/Q46751,Harry Potter and the Goblet of Fire
,http://www.wikidata.org/entity/Q1189721,Harry Potter and the Deathly Hallows – Part 2,based_on,2011-07-12T00:00:00Z,http://www.wikidata.org/entity/Q7026,Catalan,http://www.wikidata.org/entity/Q145,United Kingdom,,,,,http://www.wikidata.org/entity/Q46758,Harry Potter and the Deathly Hallows
,http://www.wikidata.org/entity/Q18199332,Fantastic Beasts: The Secrets of Dumbledore,based_on,2022-04-14T00:00:00Z,,,http://www.wikidata.org/entity/Q30,United States,,,,,http://www.wikidata.org/entity/Q119499198,Fantastic Beasts: The Secrets of Dumbledore — The Original Screenplay
,http://www.wikidata.org/entity/Q849901,Harry Potter and the Goblet of Fire,based_on,2005-11-26T00:00:00Z,http://www.wikidata.org/entity/Q1860,English,http://www.wikidata.org/entity/Q145,United Kingdom,,,,,http://www.wikidata.org/entity/Q46751,Harry Potter and the Goblet of Fire
,http://www.wikidata.org/entity/Q18199330,Fantastic Beasts and Where to Find Them,based_on,2016-11-16T00:00:00Z,,,http://www.wikidata.org/entity/Q30,United States,,,,,http://www.wikidata.org/entity/Q119500539,Fantastic Beasts and Where to Find Them: The Original Screenplay
,http://www.wikidata.org/entity/Q3297713,Whorrey Potter and the Sorcerer's Balls,based_on,2010-01-01T00:00:00Z,,,http://www.wikidata.org/entity/Q30,United States,,,,,http://www.wikidata.org/entity/Q43361,Harry Potter and the Philosopher's Stone
,http://www.wikidata.org/entity/Q849901,Harry Potter and the Goblet of Fire,based_on,2006-06-13T00:00:00Z,http://www.wikidata.org/entity/Q1321,Spanish,http://www.wikidata.org/entity/Q145,United Kingdom,,,,,http://www.wikidata.org/entity/Q46751,Harry Potter and the Goblet of Fire
,http://www.wikidata.org/entity/Q849901,Harry Potter and the Goblet of Fire,based_on,2006-06-13T00:00:00Z,http://www.wikidata.org/entity/Q1860,English,http://www.wikidata.org/entity/Q145,United Kingdom,,,,,http://www.wikidata.org/entity/Q46751,Harry Potter and the Goblet of Fire
,http://www.wikidata.org/entity/Q50944439,Фантастические звери и места их обитания,edition_or_translation_of,2009-01-01T00:00:00Z,http://www.wikidata.org/entity/Q7737,Russian,http://www.wikidata.org/entity/Q159,Russia,,,,,http://www.wikidata.org/entity/Q194424,Fantastic Beasts and Where to Find Them
,http://www.wikidata.org/entity/Q849901,Harry Potter and the Goblet of Fire,based_on,2005-11-26T00:00:00Z,http://www.wikidata.org/entity/Q150,French,http://www.wikidata.org/entity/Q145,United Kingdom,,,,,http://www.wikidata.org/entity/Q46751,Harry Potter and the Goblet of Fire
,http://www.wikidata.org/entity/Q8510043,Q8510043,based_on,,http://www.wikidata.org/entity/Q1860,English,,,,,,,http://www.wikidata.org/entity/Q8337,
,http://www.wikidata.org/entity/Q18199332,Fantastic Beasts: The Secrets of Dumbledore,based_on,2022-04-28T00:00:00Z,,,http://www.wikidata.org/entity/Q30,United States,,,,,http://www.wikidata.org/entity/Q119499198,Fantastic Beasts: The Secrets of Dumbledore — The Original Screenplay
,http://www.wikidata.org/entity/Q18199331,Fantastic Beasts: The Crimes of Grindelwald,based_on,2018-11-16T00:00:00Z,,,http://www.wikidata.org/entity/Q145,United Kingdom,,,,,http://www.wikidata.org/entity/Q107631562,Fantastic Beasts: The Crimes of Grindelwald — The Original Screenplay
,http://www.wikidata.org/entity/Q849901,Harry Potter and the Goblet of Fire,based_on,2006-06-13T00:00:00Z,http://www.wikidata.org/entity/Q150,French,http://www.wikidata.org/entity/Q145,United Kingdom,,,,,http://www.wikidata.org/entity/Q46751,Harry Potter and the Goblet of Fire
,http://www.wikidata.org/entity/Q741005,Tanya Grotter,based_on,2012-01-01T00:00:00Z,http://www.wikidata.org/entity/Q7737,Russian,http://www.wikidata.org/entity/Q159,Russia,,,,,http://www.wikidata.org/entity/Q8337,
,http://www.wikidata.org/entity/Q1880543,Harry Potter and the Deathly Hallows,based_on,2011-01-01T00:00:00Z,,,http://www.wikidata.org/entity/Q30,United States,,,,,http://www.wikidata.org/entity/Q46758,Harry Potter and the Deathly Hallows
,http://www.wikidata.org/entity/Q1880543,Harry Potter and the Deathly Hallows,based_on,2010-01-01T00:00:00Z,,,http://www.wikidata.org/entity/Q30,United States,,,,,http://www.wikidata.org/entity/Q46758,Harry Potter and the Deathly Hallows
,http://www.wikidata.org/entity/Q18199332,Fantastic Beasts: The Secrets of Dumbledore,based_on,2022-04-07T00:00:00Z,,,http://www.wikidata.org/entity/Q145,United Kingdom,,,,,http://www.wikidata.org/entity/Q119499198,Fantastic Beasts: The Secrets of Dumbledore — The Original Screenplay
,http://www.wikidata.org/entity/Q18199330,Fantastic Beasts and Where to Find Them,based_on,2016-11-18T00:00:00Z,,,http://www.wikidata.org/entity/Q30,United States,,,,,http://www.wikidata.org/entity/Q119500539,Fantastic Beasts and Where to Find Them: The Original Screenplay
,http://www.wikidata.org/entity/Q862524,Harry Potter and the Half-Blood Prince,based_on,2009-09-11T00:00:00Z,http://www.wikidata.org/entity/Q9199,Vietnamese,http://www.wikidata.org/entity/Q145,United Kingdom,,,,,http://www.wikidata.org/entity/Q46887,Harry Potter and the Half-Blood Prince
,http://www.wikidata.org/entity/Q18199332,Fantastic Beasts: The Secrets of Dumbledore,based_on,2022-04-14T00:00:00Z,,,http://www.wikidata.org/entity/Q145,United Kingdom,,,,,http://www.wikidata.org/entity/Q119499198,Fantastic Beasts: The Secrets of Dumbledore — The Original Screenplay
,http://www.wikidata.org/entity/Q27922181,Fantastic Beasts,based_on,2016-11-18T00:00:00Z,,,http://www.wikidata.org/entity/Q30,United States,,,,,http://www.wikidata.org/entity/Q107631343,Fantastic Beasts: The Original Screenplays
,http://www.wikidata.org/entity/Q1138931,Harry Potter Trading Card Game,based_on,2001-01-01T00:00:00Z,,,,,,,,,http://www.wikidata.org/entity/Q8337,
,http://www.wikidata.org/entity/Q1189721,Harry Potter and the Deathly Hallows – Part 2,based_on,2011-10-31T00:00:00Z,http://www.wikidata.org/entity/Q5287,Japanese,http://www.wikidata.org/entity/Q145,United Kingdom,,,,,http://www.wikidata.org/entity/Q46758,Harry Potter and the Deathly Hallows
,http://www.wikidata.org/entity/Q50944298,Les animaux fantastiques,edition_or_translation_of,2001-01-01T00:00:00Z,http://www.wikidata.org/entity/Q150,French,,,,,,,http://www.wikidata.org/entity/Q194424,Fantastic Beasts and Where to Find Them
,http://www.wikidata.org/entity/Q18199330,Fantastic Beasts and Where to Find Them,based_on,2016-11-16T00:00:00Z,,,http://www.wikidata.org/entity/Q145,United Kingdom,,,,,http://www.wikidata.org/entity/Q119500539,Fantastic Beasts and Where to Find Them: The Original Screenplay
,http://www.wikidata.org/entity/Q862524,Harry Potter and the Half-Blood Prince,based_on,2009-06-30T00:00:00Z,http://www.wikidata.org/entity/Q1321,Spanish,http://www.wikidata.org/entity/Q145,United Kingdom,,,,,http://www.wikidata.org/entity/Q46887,Harry Potter and the Half-Blood Prince
,http://www.wikidata.org/entity/Q18199332,Fantastic Beasts: The Secrets of Dumbledore,based_on,2022-04-30T00:00:00Z,,,http://www.wikidata.org/entity/Q30,United States,,,,,http://www.wikidata.org/entity/Q119499198,Fantastic Beasts: The Secrets of Dumbledore — The Original Screenplay
,http://www.wikidata.org/entity/Q13415160,Parodies of Harry Potter,based_on,,,,,,,,,,http://www.wikidata.org/entity/Q8337,
,http://www.wikidata.org/entity/Q862524,Harry Potter and the Half-Blood Prince,based_on,2009-06-30T00:00:00Z,http://www.wikidata.org/entity/Q1860,English,http://www.wikidata.org/entity/Q145,United Kingdom,,,,,http://www.wikidata.org/entity/Q46887,Harry Potter and the Half-Blood Prince
,http://www.wikidata.org/entity/Q726167,Harry Potter and the Chamber of Secrets,based_on,2002-11-05T00:00:00Z,http://www.wikidata.org/entity/Q7737,Russian,http://www.wikidata.org/entity/Q30,United States,,,,,http://www.wikidata.org/entity/Q47209,Harry Potter and the Chamber of Secrets
,http://www.wikidata.org/entity/Q1189721,Harry Potter and the Deathly Hallows – Part 2,based_on,2011-07-12T00:00:00Z,http://www.wikidata.org/entity/Q1321,Spanish,http://www.wikidata.org/entity/Q145,United Kingdom,,,,,http://www.wikidata.org/entity/Q46758,Harry Potter and the Deathly Hallows
,http://www.wikidata.org/entity/Q18199332,Fantastic Beasts: The Secrets of Dumbledore,based_on,2022-04-28T00:00:00Z,,,http://www.wikidata.org/entity/Q145,United Kingdom,,,,,http://www.wikidata.org/entity/Q119499198,Fantastic Beasts: The Secrets of Dumbledore — The Original Screenplay
,http://www.wikidata.org/entity/Q1189721,Harry Potter and the Deathly Hallows – Part 2,based_on,2011-10-31T00:00:00Z,http://www.wikidata.org/entity/Q9199,Vietnamese,http://www.wikidata.org/entity/Q145,United Kingdom,,,,,http://www.wikidata.org/entity/Q46758,Harry Potter and the Deathly Hallows
,http://www.wikidata.org/entity/Q1189721,Harry Potter and the Deathly Hallows – Part 2,based_on,2011-07-12T00:00:00Z,http://www.wikidata.org/entity/Q1860,English,http://www.wikidata.org/entity/Q145,United Kingdom,,,,,http://www.wikidata.org/entity/Q46758,Harry Potter and the Deathly Hallows
,http://www.wikidata.org/entity/Q18199331,Fantastic Beasts: The Crimes of Grindelwald,based_on,2018-11-15T00:00:00Z,,,http://www.wikidata.org/entity/Q30,United States,,,,,http://www.wikidata.org/entity/Q107631562,Fantastic Beasts: The Crimes of Grindelwald — The Original Screenplay
,http://www.wikidata.org/entity/Q862524,Harry Potter and the Half-Blood Prince,based_on,2009-06-30T00:00:00Z,http://www.wikidata.org/entity/Q150,French,http://www.wikidata.org/entity/Q145,United Kingdom,,,,,http://www.wikidata.org/entity/Q46887,Harry Potter and the Half-Blood Prince
,http://www.wikidata.org/entity/Q862524,Harry Potter and the Half-Blood Prince,based_on,2009-06-30T00:00:00Z,http://www.wikidata.org/entity/Q652,Italian,http://www.wikidata.org/entity/Q145,United Kingdom,,,,,http://www.wikidata.org/entity/Q46887,Harry Potter and the Half-Blood Prince
,http://www.wikidata.org/entity/Q16738008,The Casual Vacancy,based_on,,,,http://www.wikidata.org/entity/Q145,United Kingdom,,,,,http://www.wikidata.org/entity/Q25750,The Casual Vacancy
,http://www.wikidata.org/entity/Q862524,Harry Potter and the Half-Blood Prince,based_on,2009-06-30T00:00:00Z,http://www.wikidata.org/entity/Q188,German,http://www.wikidata.org/entity/Q145,United Kingdom,,,,,http://www.wikidata.org/entity/Q46887,Harry Potter and the Half-Blood Prince
,http://www.wikidata.org/entity/Q1880543,Harry Potter and the Deathly Hallows,based_on,2011-01-01T00:00:00Z,,,http://www.wikidata.org/entity/Q145,United Kingdom,,,,,http://www.wikidata.org/entity/Q46758,Harry Potter and the Deathly Hallows
,http://www.wikidata.org/entity/Q1880543,Harry Potter and the Deathly Hallows,based_on,2010-01-01T00:00:00Z,,,http://www.wikidata.org/entity/Q145,United Kingdom,,,,,http://www.wikidata.org/entity/Q46758,Harry Potter and the Deathly Hallows
,http://www.wikidata.org/entity/Q60488169,The Casual Vacancy,edition_or_translation_of,2012-09-27T00:00:00Z,http://www.wikidata.org/entity/Q1860,English,,,,,,,http://www.wikidata.org/entity/Q25750,The Casual Vacancy
,http://www.wikidata.org/entity/Q741005,Tanya Grotter,based_on,2002-01-01T00:00:00Z,http://www.wikidata.org/entity/Q7737,Russian,http://www.wikidata.org/entity/Q159,Russia,,,,,http://www.wikidata.org/entity/Q8337,
,http://www.wikidata.org/entity/Q18199330,Fantastic Beasts and Where to Find Them,based_on,2016-11-18T00:00:00Z,,,http://www.wikidata.org/entity/Q145,United Kingdom,,,,,http://www.wikidata.org/entity/Q119500539,Fantastic Beasts and Where to Find Them: The Original Screenplay
,http://www.wikidata.org/entity/Q18199332,Fantastic Beasts: The Secrets of Dumbledore,based_on,2022-04-13T00:00:00Z,,,http://www.wikidata.org/entity/Q30,United States,,,,,http://www.wikidata.org/entity/Q119499198,Fantastic Beasts: The Secrets of Dumbledore — The Original Screenplay
,http://www.wikidata.org/entity/Q849901,Harry Potter and the Goblet of Fire,based_on,2005-11-26T00:00:00Z,http://www.wikidata.org/entity/Q9199,Vietnamese,http://www.wikidata.org/entity/Q145,United Kingdom,,,,,http://www.wikidata.org/entity/Q46751,Harry Potter and the Goblet of Fire
,http://www.wikidata.org/entity/Q27922181,Fantastic Beasts,based_on,2016-11-18T00:00:00Z,,,http://www.wikidata.org/entity/Q145,United Kingdom,,,,,http://www.wikidata.org/entity/Q107631343,Fantastic Beasts: The Original Screenplays
,http://www.wikidata.org/entity/Q18199332,Fantastic Beasts: The Secrets of Dumbledore,based_on,2022-04-30T00:00:00Z,,,http://www.wikidata.org/entity/Q145,United Kingdom,,,,,http://www.wikidata.org/entity/Q119499198,Fantastic Beasts: The Secrets of Dumbledore — The Original Screenplay
,http://www.wikidata.org/entity/Q849901,Harry Potter and the Goblet of Fire,based_on,2006-06-13T00:00:00Z,http://www.wikidata.org/entity/Q9199,Vietnamese,http://www.wikidata.org/entity/Q145,United Kingdom,,,,,http://www.wikidata.org/entity/Q46751,Harry Potter and the Goblet of Fire
,http://www.wikidata.org/entity/Q726167,Harry Potter and the Chamber of Secrets,based_on,2002-11-05T00:00:00Z,http://www.wikidata.org/entity/Q7737,Russian,http://www.wikidata.org/entity/Q145,United Kingdom,,,,,http://www.wikidata.org/entity/Q47209,Harry Potter and the Chamber of Secrets
,http://www.wikidata.org/entity/Q849901,Harry Potter and the Goblet of Fire,based_on,2005-11-08T00:00:00Z,http://www.wikidata.org/entity/Q1321,Spanish,http://www.wikidata.org/entity/Q145,United Kingdom,,,,,http://www.wikidata.org/entity/Q46751,Harry Potter and the Goblet of Fire
,http://www.wikidata.org/entity/Q862524,Harry Potter and the Half-Blood Prince,based_on,2009-09-11T00:00:00Z,http://www.wikidata.org/entity/Q7737,Russian,http://www.wikidata.org/entity/Q145,United Kingdom,,,,,http://www.wikidata.org/entity/Q46887,Harry Potter and the Half-Blood Prince
,http://www.wikidata.org/entity/Q849901,Harry Potter and the Goblet of Fire,based_on,2005-11-08T00:00:00Z,http://www.wikidata.org/entity/Q1860,English,http://www.wikidata.org/entity/Q145,United Kingdom,,,,,http://www.wikidata.org/entity/Q46751,Harry Potter and the Goblet of Fire
,http://www.wikidata.org/entity/Q18199331,Fantastic Beasts: The Crimes of Grindelwald,based_on,2018-11-15T00:00:00Z,,,http://www.wikidata.org/entity/Q145,United Kingdom,,,,,http://www.wikidata.org/entity/Q107631562,Fantastic Beasts: The Crimes of Grindelwald — The Original Screenplay
,http://www.wikidata.org/entity/Q18199332,Fantastic Beasts: The Secrets of Dumbledore,based_on,2022-04-08T00:00:00Z,,,http://www.wikidata.org/entity/Q30,United States,,,,,http://www.wikidata.org/entity/Q119499198,Fantastic Beasts: The Secrets of Dumbledore — The Original Screenplay
,http://www.wikidata.org/entity/Q58465058,Q58465058,edition_or_translation_of,2015-11-17T00:00:00Z,http://www.wikidata.org/entity/Q188,German,,,,,,,http://www.wikidata.org/entity/Q43361,Harry Potter and the Philosopher's Stone
,http://www.wikidata.org/entity/Q726167,Harry Potter and the Chamber of Secrets,based_on,2002-11-05T00:00:00Z,http://www.wikidata.org/entity/Q1321,Spanish,http://www.wikidata.org/entity/Q30,United States,,,,,http://www.wikidata.org/entity/Q47209,Harry Potter and the Chamber of Secrets
,http://www.wikidata.org/entity/Q69975010,Q69975010,edition_or_translation_of,2014-04-26T00:00:00Z,http://www.wikidata.org/entity/Q727694,Standard Chinese,http://www.wikidata.org/entity/Q145,United Kingdom,,,,,http://www.wikidata.org/entity/Q13882199,The Cuckoo's Calling
,http://www.wikidata.org/entity/Q849901,Harry Potter and the Goblet of Fire,based_on,2005-11-08T00:00:00Z,http://www.wikidata.org/entity/Q150,French,http://www.wikidata.org/entity/Q145,United Kingdom,,,,,http://www.wikidata.org/entity/Q46751,Harry Potter and the Goblet of Fire
,http://www.wikidata.org/entity/Q18199332,Fantastic Beasts: The Secrets of Dumbledore,based_on,2022-04-15T00:00:00Z,,,http://www.wikidata.org/entity/Q30,United States,,,,,http://www.wikidata.org/entity/Q119499198,Fantastic Beasts: The Secrets of Dumbledore — The Original Screenplay
,http://www.wikidata.org/entity/Q28146833,Severus Snape and the Marauders,based_on,2016-03-01T00:00:00Z,,,http://www.wikidata.org/entity/Q30,United States,,,,,http://www.wikidata.org/entity/Q8337,
,http://www.wikidata.org/entity/Q726167,Harry Potter and the Chamber of Secrets,based_on,2002-11-05T00:00:00Z,http://www.wikidata.org/entity/Q1860,English,http://www.wikidata.org/entity/Q30,United States,,,,,http://www.wikidata.org/entity/Q47209,Harry Potter and the Chamber of Secrets
,http://www.wikidata.org/entity/Q1189721,Harry Potter and the Deathly Hallows – Part 2,based_on,2011-10-31T00:00:00Z,http://www.wikidata.org/entity/Q7026,Catalan,http://www.wikidata.org/entity/Q145,United Kingdom,,,,,http://www.wikidata.org/entity/Q46758,Harry Potter and the Deathly Hallows
,http://www.wikidata.org/entity/Q18199330,Fantastic Beasts and Where to Find Them,based_on,2016-11-17T00:00:00Z,,,http://www.wikidata.org/entity/Q30,United States,,,,,http://www.wikidata.org/entity/Q119500539,Fantastic Beasts and Where to Find Them: The Original Screenplay
,http://www.wikidata.org/entity/Q22162553,Harry Potter and the Methods of Rationality,based_on,2015-01-01T00:00:00Z,http://www.wikidata.org/entity/Q1860,English,,,,,,,http://www.wikidata.org/entity/Q8337,
,http://www.wikidata.org/entity/Q16201772,Harry Potter in Calcutta,based_on,2003-01-01T00:00:00Z,http://www.wikidata.org/entity/Q1860,English,,,,,,,http://www.wikidata.org/entity/Q8337,
,http://www.wikidata.org/entity/Q18199332,Fantastic Beasts: The Secrets of Dumbledore,based_on,2022-04-13T00:00:00Z,,,http://www.wikidata.org/entity/Q145,United Kingdom,,,,,http://www.wikidata.org/entity/Q119499198,Fantastic Beasts: The Secrets of Dumbledore — The Original Screenplay
,http://www.wikidata.org/entity/Q1189721,Harry Potter and the Deathly Hallows – Part 2,based_on,2011-07-12T00:00:00Z,http://www.wikidata.org/entity/Q5287,Japanese,http://www.wikidata.org/entity/Q145,United Kingdom,,,,,http://www.wikidata.org/entity/Q46758,Harry Potter and the Deathly Hallows
,http://www.wikidata.org/entity/Q14414034,Potterfiction,based_on,,,,,,,,,,http://www.wikidata.org/entity/Q8337,
,http://www.wikidata.org/entity/Q862524,Harry Potter and the Half-Blood Prince,based_on,2009-06-30T00:00:00Z,http://www.wikidata.org/entity/Q9199,Vietnamese,http://www.wikidata.org/entity/Q145,United Kingdom,,,,,http://www.wikidata.org/entity/Q46887,Harry Potter and the Half-Blood Prince
,http://www.wikidata.org/entity/Q1189721,Harry Potter and the Deathly Hallows – Part 2,based_on,2011-07-12T00:00:00Z,http://www.wikidata.org/entity/Q9199,Vietnamese,http://www.wikidata.org/entity/Q145,United Kingdom,,,,,http://www.wikidata.org/entity/Q46758,Harry Potter and the Deathly Hallows
,http://www.wikidata.org/entity/Q58241871,Harry Potter and the Deathly Hallows,edition_or_translation_of,2014-09-01T00:00:00Z,http://www.wikidata.org/entity/Q1860,English,,,,,,,http://www.wikidata.org/entity/Q46758,Harry Potter and the Deathly Hallows
,http://www.wikidata.org/entity/Q18199331,Fantastic Beasts: The Crimes of Grindelwald,based_on,2018-11-14T00:00:00Z,,,http://www.wikidata.org/entity/Q30,United States,,,,,http://www.wikidata.org/entity/Q107631562,Fantastic Beasts: The Crimes of Grindelwald — The Original Screenplay
,http://www.wikidata.org/entity/Q18199332,Fantastic Beasts: The Secrets of Dumbledore,based_on,2022-04-08T00:00:00Z,,,http://www.wikidata.org/entity/Q145,United Kingdom,,,,,http://www.wikidata.org/entity/Q119499198,Fantastic Beasts: The Secrets of Dumbledore — The Original Screenplay
,http://www.wikidata.org/entity/Q20711488,Harry Potter and the Cursed Child,based_on,2016-07-31T00:00:00Z,http://www.wikidata.org/entity/Q1860,English,http://www.wikidata.org/entity/Q145,United Kingdom,,,,,http://www.wikidata.org/entity/Q77808986,Harry Potter and the Cursed Child
,http://www.wikidata.org/entity/Q719960,Harry Potter and the Philosopher's Stone,based_on,2001-11-16T00:00:00Z,http://www.wikidata.org/entity/Q1321,Spanish,http://www.wikidata.org/entity/Q30,United States,,,,,http://www.wikidata.org/entity/Q43361,Harry Potter and the Philosopher's Stone
,http://www.wikidata.org/entity/Q726167,Harry Potter and the Chamber of Secrets,based_on,2002-11-05T00:00:00Z,http://www.wikidata.org/entity/Q1321,Spanish,http://www.wikidata.org/entity/Q145,United Kingdom,,,,,http://www.wikidata.org/entity/Q47209,Harry Potter and the Chamber of Secrets
,http://www.wikidata.org/entity/Q862524,Harry Potter and the Half-Blood Prince,based_on,2009-09-11T00:00:00Z,http://www.wikidata.org/entity/Q1321,Spanish,http://www.wikidata.org/entity/Q145,United Kingdom,,,,,http://www.wikidata.org/entity/Q46887,Harry Potter and the Half-Blood Prince
,http://www.wikidata.org/entity/Q719960,Harry Potter and the Philosopher's Stone,based_on,2001-11-16T00:00:00Z,http://www.wikidata.org/entity/Q1860,English,http://www.wikidata.org/entity/Q30,United States,,,,,http://www.wikidata.org/entity/Q43361,Harry Potter and the Philosopher's Stone
,http://www.wikidata.org/entity/Q18199332,Fantastic Beasts: The Secrets of Dumbledore,based_on,2022-04-15T00:00:00Z,,,http://www.wikidata.org/entity/Q145,United Kingdom,,,,,http://www.wikidata.org/entity/Q119499198,Fantastic Beasts: The Secrets of Dumbledore — The Original Screenplay
,http://www.wikidata.org/entity/Q136929236,"Harry Potter, season 1",based_on,,,,http://www.wikidata.org/entity/Q145,United Kingdom,,,,,http://www.wikidata.org/entity/Q8337,
,http://www.wikidata.org/entity/Q82549693,Harry Potter y el prisionero de Azkaban,edition_or_translation_of,2002-11-01T00:00:00Z,http://www.wikidata.org/entity/Q1321,Spanish,,,http://www.wikidata.org/entity/Q1492,Barcelona,41.3825,2.176944444,http://www.wikidata.org/entity/Q47598,Harry Potter and the Prisoner of Azkaban
,http://www.wikidata.org/entity/Q113405827,Harry Potter and the Deathly Hallows,edition_or_translation_of,2007-07-21T00:00:00Z,http://www.wikidata.org/entity/Q7979,British English,,,http://www.wikidata.org/entity/Q84,London,51.507222222,-0.1275,http://www.wikidata.org/entity/Q46758,Harry Potter and the Deathly Hallows
,http://www.wikidata.org/entity/Q58464958,Harry Potter and the Philosopher's Stone (Spanish edition),edition_or_translation_of,2000-01-01T00:00:00Z,http://www.wikidata.org/entity/Q1321,Spanish,,,http://www.wikidata.org/entity/Q29,Spain,40.2,-3.5,http://www.wikidata.org/entity/Q43361,Harry Potter and the Philosopher's Stone
,http://www.wikidata.org/entity/Q113405827,Harry Potter and the Deathly Hallows,edition_or_translation_of,2007-07-21T00:00:00Z,http://www.wikidata.org/entity/Q1860,English,,,http://www.wikidata.org/entity/Q84,London,51.507222222,-0.1275,http://www.wikidata.org/entity/Q46758,Harry Potter and the Deathly Hallows
,http://www.wikidata.org/entity/Q113404512,Harry Potter and the Prisoner of Azkaban,edition_or_translation_of,1999-07-08T00:00:00Z,http://www.wikidata.org/entity/Q7979,British English,,,http://www.wikidata.org/entity/Q84,London,51.507222222,-0.1275,http://www.wikidata.org/entity/Q47598,Harry Potter and the Prisoner of Azkaban
,http://www.wikidata.org/entity/Q110453603,Q110453603,translation_of,2020-01-01T00:00:00Z,http://www.wikidata.org/entity/Q9091,Belarusian,,,http://www.wikidata.org/entity/Q2280,Minsk,53.902246,27.561837,http://www.wikidata.org/entity/Q47209,Harry Potter and the Chamber of Secrets
,http://www.wikidata.org/entity/Q110453603,Q110453603,edition_or_translation_of,2020-01-01T00:00:00Z,http://www.wikidata.org/entity/Q9091,Belarusian,,,http://www.wikidata.org/entity/Q2280,Minsk,53.902246,27.561837,http://www.wikidata.org/entity/Q47209,Harry Potter and the Chamber of Secrets
,http://www.wikidata.org/entity/Q27981360,Harry Potter and the Goblet of Fire,edition_or_translation_of,2014-09-01T00:00:00Z,http://www.wikidata.org/entity/Q1860,English,,,http://www.wikidata.org/entity/Q84,London,51.507222222,-0.1275,http://www.wikidata.org/entity/Q46751,Harry Potter and the Goblet of Fire
,http://www.wikidata.org/entity/Q113404054,Harry Potter and the Goblet of Fire,edition_or_translation_of,2000-07-08T00:00:00Z,http://www.wikidata.org/entity/Q7979,British English,,,http://www.wikidata.org/entity/Q145,United Kingdom,54.6,-2,http://www.wikidata.org/entity/Q46751,Harry Potter and the Goblet of Fire
,http://www.wikidata.org/entity/Q113403841,Harry Potter and the Chamber of Secrets,edition_or_translation_of,1998-07-02T00:00:00Z,http://www.wikidata.org/entity/Q7979,British English,,,http://www.wikidata.org/entity/Q84,London,51.507222222,-0.1275,http://www.wikidata.org/entity/Q47209,Harry Potter and the Chamber of Secrets
,http://www.wikidata.org/entity/Q82772000,Harry Potter y la cámara secreta,edition_or_translation_of,2002-11-01T00:00:00Z,http://www.wikidata.org/entity/Q1321,Spanish,,,http://www.wikidata.org/entity/Q1492,Barcelona,41.3825,2.176944444,http://www.wikidata.org/entity/Q47209,Harry Potter and the Chamber of Secrets
,http://www.wikidata.org/entity/Q110453531,Гары Потэр і філасофскі камень,translation_of,2020-01-01T00:00:00Z,http://www.wikidata.org/entity/Q9091,Belarusian,,,http://www.wikidata.org/entity/Q2280,Minsk,53.902246,27.561837,http://www.wikidata.org/entity/Q43361,Harry Potter and the Philosopher's Stone
,http://www.wikidata.org/entity/Q110453531,Гары Потэр і філасофскі камень,edition_or_translation_of,2020-01-01T00:00:00Z,http://www.wikidata.org/entity/Q9091,Belarusian,,,http://www.wikidata.org/entity/Q2280,Minsk,53.902246,27.561837,http://www.wikidata.org/entity/Q43361,Harry Potter and the Philosopher's Stone
,http://www.wikidata.org/entity/Q122102910,Q122102910,edition_or_translation_of,2021-01-01T00:00:00Z,http://www.wikidata.org/entity/Q9056,Czech,,,http://www.wikidata.org/entity/Q1085,Prague,50.0875,14.421388888,http://www.wikidata.org/entity/Q46887,Harry Potter and the Half-Blood Prince
,http://www.wikidata.org/entity/Q50943978,Q50943978,edition_or_translation_of,2017-01-01T00:00:00Z,http://www.wikidata.org/entity/Q9056,Czech,,,http://www.wikidata.org/entity/Q1085,Prague,50.0875,14.421388888,http://www.wikidata.org/entity/Q194424,Fantastic Beasts and Where to Find Them
,http://www.wikidata.org/entity/Q113404551,Harry Potter and the Order of the Phoenix,edition_or_translation_of,2003-06-21T00:00:00Z,http://www.wikidata.org/entity/Q7979,British English,,,http://www.wikidata.org/entity/Q84,London,51.507222222,-0.1275,http://www.wikidata.org/entity/Q80817,Harry Potter and the Order of the Phoenix
,http://www.wikidata.org/entity/Q50295550,Q50295550,edition_or_translation_of,2017-01-01T00:00:00Z,http://www.wikidata.org/entity/Q9056,Czech,,,http://www.wikidata.org/entity/Q1085,Prague,50.0875,14.421388888,http://www.wikidata.org/entity/Q192258,Quidditch Through the Ages
,http://www.wikidata.org/entity/Q58464836,Harry Potter and the Philosopher's Stone (French edition),edition_or_translation_of,1998-10-09T00:00:00Z,http://www.wikidata.org/entity/Q150,French,,,http://www.wikidata.org/entity/Q142,France,47,2,http://www.wikidata.org/entity/Q43361,Harry Potter and the Philosopher's Stone
,http://www.wikidata.org/entity/Q94952002,Q94952002,edition_or_translation_of,2003-01-01T00:00:00Z,http://www.wikidata.org/entity/Q9056,Czech,,,http://www.wikidata.org/entity/Q1085,Prague,50.0875,14.421388888,http://www.wikidata.org/entity/Q47598,Harry Potter and the Prisoner of Azkaban
,http://www.wikidata.org/entity/Q58242028,Harry Potter and the Philosopher’s Stone,edition_or_translation_of,2014-09-01T00:00:00Z,http://www.wikidata.org/entity/Q1860,English,,,http://www.wikidata.org/entity/Q145,United Kingdom,54.6,-2,http://www.wikidata.org/entity/Q43361,Harry Potter and the Philosopher's Stone
,http://www.wikidata.org/entity/Q117662601,Harry Potter,based_on,,,,http://www.wikidata.org/entity/Q30,United States,,,,,http://www.wikidata.org/entity/Q8337,
,http://www.wikidata.org/entity/Q117662601,Harry Potter,based_on,,,,http://www.wikidata.org/entity/Q145,United Kingdom,,,,,http://www.wikidata.org/entity/Q8337,
,http://www.wikidata.org/entity/Q99397854,Hogwarts Legacy,based_on,2025-06-05T00:00:00Z,http://www.wikidata.org/entity/Q13955,Arabic,http://www.wikidata.org/entity/Q30,United States,,,,,http://www.wikidata.org/entity/Q8337,
,http://www.wikidata.org/entity/Q115923989,"Strike, season 5",based_on,,,,,,,,,,http://www.wikidata.org/entity/Q85622505,Troubled Blood
,http://www.wikidata.org/entity/Q99397854,Hogwarts Legacy,based_on,2025-06-05T00:00:00Z,http://www.wikidata.org/entity/Q750553,Brazilian Portuguese,http://www.wikidata.org/entity/Q30,United States,,,,,http://www.wikidata.org/entity/Q8337,
,http://www.wikidata.org/entity/Q99397854,Hogwarts Legacy,based_on,2023-05-05T00:00:00Z,http://www.wikidata.org/entity/Q652,Italian,http://www.wikidata.org/entity/Q30,United States,,,,,http://www.wikidata.org/entity/Q8337,
,http://www.wikidata.org/entity/Q99397854,Hogwarts Legacy,based_on,2023-05-05T00:00:00Z,http://www.wikidata.org/entity/Q5287,Japanese,http://www.wikidata.org/entity/Q30,United States,,,,,http://www.wikidata.org/entity/Q8337,
,http://www.wikidata.org/entity/Q136435781,Q136435781,edition_or_translation_of,,http://www.wikidata.org/entity/Q1321,Spanish,,,,,,,http://www.wikidata.org/entity/Q47598,Harry Potter and the Prisoner of Azkaban
,http://www.wikidata.org/entity/Q99397854,Hogwarts Legacy,based_on,2023-11-14T00:00:00Z,http://www.wikidata.org/entity/Q188,German,http://www.wikidata.org/entity/Q30,United States,,,,,http://www.wikidata.org/entity/Q8337,
,http://www.wikidata.org/entity/Q117280198,Q117280198,edition_or_translation_of,,,,,,,,,,http://www.wikidata.org/entity/Q43361,Harry Potter and the Philosopher's Stone
,http://www.wikidata.org/entity/Q129350584,The Cuckoo's Calling,edition_or_translation_of,,http://www.wikidata.org/entity/Q1860,English,,,,,,,http://www.wikidata.org/entity/Q13882199,The Cuckoo's Calling
,http://www.wikidata.org/entity/Q136435775,Q136435775,edition_or_translation_of,,http://www.wikidata.org/entity/Q1321,Spanish,,,,,,,http://www.wikidata.org/entity/Q46758,Harry Potter and the Deathly Hallows
,http://www.wikidata.org/entity/Q130281745,Troubled Blood,edition_or_translation_of,,http://www.wikidata.org/entity/Q1860,English,,,,,,,http://www.wikidata.org/entity/Q85622505,Troubled Blood
,http://www.wikidata.org/entity/Q99397854,Hogwarts Legacy,based_on,2025-06-05T00:00:00Z,http://www.wikidata.org/entity/Q9176,Korean,http://www.wikidata.org/entity/Q30,United States,,,,,http://www.wikidata.org/entity/Q8337,
,http://www.wikidata.org/entity/Q99397854,Hogwarts Legacy,based_on,2023-11-14T00:00:00Z,http://www.wikidata.org/entity/Q809,Polish,http://www.wikidata.org/entity/Q30,United States,,,,,http://www.wikidata.org/entity/Q8337,
,http://www.wikidata.org/entity/Q99397854,Hogwarts Legacy,based_on,2023-05-05T00:00:00Z,http://www.wikidata.org/entity/Q7737,Russian,http://www.wikidata.org/entity/Q30,United States,,,,,http://www.wikidata.org/entity/Q8337,
,http://www.wikidata.org/entity/Q136435783,Q136435783,edition_or_translation_of,,http://www.wikidata.org/entity/Q1321,Spanish,,,,,,,http://www.wikidata.org/entity/Q80817,Harry Potter and the Order of the Phoenix
,http://www.wikidata.org/entity/Q99397854,Hogwarts Legacy,based_on,2025-06-05T00:00:00Z,http://www.wikidata.org/entity/Q262828,Standard Taiwanese Mandarin,http://www.wikidata.org/entity/Q30,United States,,,,,http://www.wikidata.org/entity/Q8337,
,http://www.wikidata.org/entity/Q99397854,Hogwarts Legacy,based_on,2023-02-10T00:00:00Z,http://www.wikidata.org/entity/Q188,German,http://www.wikidata.org/entity/Q30,United States,,,,,http://www.wikidata.org/entity/Q8337,
,http://www.wikidata.org/entity/Q99397854,Hogwarts Legacy,based_on,2023-11-14T00:00:00Z,http://www.wikidata.org/entity/Q1860,English,http://www.wikidata.org/entity/Q30,United States,,,,,http://www.wikidata.org/entity/Q8337,
,http://www.wikidata.org/entity/Q136435771,Q136435771,edition_or_translation_of,,http://www.wikidata.org/entity/Q1321,Spanish,,,,,,,http://www.wikidata.org/entity/Q46751,Harry Potter and the Goblet of Fire
,http://www.wikidata.org/entity/Q136435796,Q136435796,edition_or_translation_of,,http://www.wikidata.org/entity/Q1321,Spanish,,,,,,,http://www.wikidata.org/entity/Q43361,Harry Potter and the Philosopher's Stone
,http://www.wikidata.org/entity/Q99397854,Hogwarts Legacy,based_on,2023-11-14T00:00:00Z,http://www.wikidata.org/entity/Q727694,Standard Chinese,http://www.wikidata.org/entity/Q30,United States,,,,,http://www.wikidata.org/entity/Q8337,
,http://www.wikidata.org/entity/Q99397854,Hogwarts Legacy,based_on,2023-11-14T00:00:00Z,http://www.wikidata.org/entity/Q1321,Spanish,http://www.wikidata.org/entity/Q30,United States,,,,,http://www.wikidata.org/entity/Q8337,
,http://www.wikidata.org/entity/Q99397854,Hogwarts Legacy,based_on,2023-02-10T00:00:00Z,http://www.wikidata.org/entity/Q809,Polish,http://www.wikidata.org/entity/Q30,United States,,,,,http://www.wikidata.org/entity/Q8337,
,http://www.wikidata.org/entity/Q136435787,Q136435787,edition_or_translation_of,2016-01-01T00:00:00Z,http://www.wikidata.org/entity/Q1321,Spanish,,,,,,,http://www.wikidata.org/entity/Q47209,Harry Potter and the Chamber of Secrets
,http://www.wikidata.org/entity/Q99397854,Hogwarts Legacy,based_on,2025-06-05T00:00:00Z,http://www.wikidata.org/entity/Q150,French,http://www.wikidata.org/entity/Q30,United States,,,,,http://www.wikidata.org/entity/Q8337,
,http://www.wikidata.org/entity/Q99397854,Hogwarts Legacy,based_on,2023-02-10T00:00:00Z,http://www.wikidata.org/entity/Q1860,English,http://www.wikidata.org/entity/Q30,United States,,,,,http://www.wikidata.org/entity/Q8337,
,http://www.wikidata.org/entity/Q99397854,Hogwarts Legacy,based_on,2023-02-10T00:00:00Z,http://www.wikidata.org/entity/Q727694,Standard Chinese,http://www.wikidata.org/entity/Q30,United States,,,,,http://www.wikidata.org/entity/Q8337,
,http://www.wikidata.org/entity/Q99397854,Hogwarts Legacy,based_on,2025-06-05T00:00:00Z,http://www.wikidata.org/entity/Q652,Italian,http://www.wikidata.org/entity/Q30,United States,,,,,http://www.wikidata.org/entity/Q8337,
,http://www.wikidata.org/entity/Q117706379,Harry Potter and the Philosopher's Stone,based_on,2001-11-16T00:00:00Z,,,http://www.wikidata.org/entity/Q30,United States,,,,,http://www.wikidata.org/entity/Q43361,Harry Potter and the Philosopher's Stone
,http://www.wikidata.org/entity/Q110877338,Harry Potter and the Cursed Child,based_on,,,,http://www.wikidata.org/entity/Q30,United States,,,,,http://www.wikidata.org/entity/Q20711488,Harry Potter and the Cursed Child
,http://www.wikidata.org/entity/Q99397854,Hogwarts Legacy,based_on,2025-06-05T00:00:00Z,http://www.wikidata.org/entity/Q5287,Japanese,http://www.wikidata.org/entity/Q30,United States,,,,,http://www.wikidata.org/entity/Q8337,
,http://www.wikidata.org/entity/Q99397854,Hogwarts Legacy,based_on,2023-02-10T00:00:00Z,http://www.wikidata.org/entity/Q1321,Spanish,http://www.wikidata.org/entity/Q30,United States,,,,,http://www.wikidata.org/entity/Q8337,
,http://www.wikidata.org/entity/Q99397854,Hogwarts Legacy,based_on,2023-11-14T00:00:00Z,http://www.wikidata.org/entity/Q56649449,Latin American Spanish,http://www.wikidata.org/entity/Q30,United States,,,,,http://www.wikidata.org/entity/Q8337,
,http://www.wikidata.org/entity/Q115668322,"Strike, season 1",based_on,,,,,,,,,,http://www.wikidata.org/entity/Q13882199,The Cuckoo's Calling
,http://www.wikidata.org/entity/Q99397854,Hogwarts Legacy,based_on,2025-06-05T00:00:00Z,http://www.wikidata.org/entity/Q7737,Russian,http://www.wikidata.org/entity/Q30,United States,,,,,http://www.wikidata.org/entity/Q8337,
,http://www.wikidata.org/entity/Q115668325,"Strike, season 2",based_on,,,,,,,,,,http://www.wikidata.org/entity/Q15966151,The Silkworm
,http://www.wikidata.org/entity/Q108779670,Q108779670,based_on,2003-01-01T00:00:00Z,http://www.wikidata.org/entity/Q7850,Chinese,http://www.wikidata.org/entity/Q148,People's Republic of China,,,,,http://www.wikidata.org/entity/Q8337,
,http://www.wikidata.org/entity/Q136435797,Q136435797,edition_or_translation_of,,http://www.wikidata.org/entity/Q1321,Spanish,,,,,,,http://www.wikidata.org/entity/Q43361,Harry Potter and the Philosopher's Stone
,http://www.wikidata.org/entity/Q99397854,Hogwarts Legacy,based_on,2023-11-14T00:00:00Z,http://www.wikidata.org/entity/Q13955,Arabic,http://www.wikidata.org/entity/Q30,United States,,,,,http://www.wikidata.org/entity/Q8337,
,http://www.wikidata.org/entity/Q115668326,"Strike, season 3",based_on,,,,,,,,,,http://www.wikidata.org/entity/Q20091071,Career of Evil
,http://www.wikidata.org/entity/Q136435768,Q136435768,edition_or_translation_of,,http://www.wikidata.org/entity/Q1321,Spanish,,,,,,,http://www.wikidata.org/entity/Q43361,Harry Potter and the Philosopher's Stone
,http://www.wikidata.org/entity/Q99397854,Hogwarts Legacy,based_on,2023-11-14T00:00:00Z,http://www.wikidata.org/entity/Q750553,Brazilian Portuguese,http://www.wikidata.org/entity/Q30,United States,,,,,http://www.wikidata.org/entity/Q8337,
,http://www.wikidata.org/entity/Q99397854,Hogwarts Legacy,based_on,2023-02-10T00:00:00Z,http://www.wikidata.org/entity/Q56649449,Latin American Spanish,http://www.wikidata.org/entity/Q30,United States,,,,,http://www.wikidata.org/entity/Q8337,
,http://www.wikidata.org/entity/Q136435773,Q136435773,edition_or_translation_of,,http://www.wikidata.org/entity/Q1321,Spanish,,,,,,,http://www.wikidata.org/entity/Q46887,Harry Potter and the Half-Blood Prince
,http://www.wikidata.org/entity/Q136435782,Q136435782,edition_or_translation_of,,http://www.wikidata.org/entity/Q1321,Spanish,,,,,,,http://www.wikidata.org/entity/Q46751,Harry Potter and the Goblet of Fire
,http://www.wikidata.org/entity/Q130301003,The Running Grave,edition_or_translation_of,,http://www.wikidata.org/entity/Q1860,English,,,,,,,http://www.wikidata.org/entity/Q117884162,The Running Grave
,http://www.wikidata.org/entity/Q99397854,Hogwarts Legacy,based_on,2023-05-05T00:00:00Z,http://www.wikidata.org/entity/Q188,German,http://www.wikidata.org/entity/Q30,United States,,,,,http://www.wikidata.org/entity/Q8337,
,http://www.wikidata.org/entity/Q99397854,Hogwarts Legacy,based_on,2023-02-10T00:00:00Z,http://www.wikidata.org/entity/Q13955,Arabic,http://www.wikidata.org/entity/Q30,United States,,,,,http://www.wikidata.org/entity/Q8337,
,http://www.wikidata.org/entity/Q99397854,Hogwarts Legacy,based_on,2023-11-14T00:00:00Z,http://www.wikidata.org/entity/Q9176,Korean,http://www.wikidata.org/entity/Q30,United States,,,,,http://www.wikidata.org/entity/Q8337,
,http://www.wikidata.org/entity/Q110877338,Harry Potter and the Cursed Child,based_on,,,,http://www.wikidata.org/entity/Q145,United Kingdom,,,,,http://www.wikidata.org/entity/Q20711488,Harry Potter and the Cursed Child
,http://www.wikidata.org/entity/Q99397854,Hogwarts Legacy,based_on,2023-02-10T00:00:00Z,http://www.wikidata.org/entity/Q750553,Brazilian Portuguese,http://www.wikidata.org/entity/Q30,United States,,,,,http://www.wikidata.org/entity/Q8337,
,http://www.wikidata.org/entity/Q108371139,Lego Harry Potter,based_on,,,,,,,,,,http://www.wikidata.org/entity/Q8337,
,http://www.wikidata.org/entity/Q99397854,Hogwarts Legacy,based_on,2023-05-05T00:00:00Z,http://www.wikidata.org/entity/Q809,Polish,http://www.wikidata.org/entity/Q30,United States,,,,,http://www.wikidata.org/entity/Q8337,
,http://www.wikidata.org/entity/Q99397854,Hogwarts Legacy,based_on,2023-11-14T00:00:00Z,http://www.wikidata.org/entity/Q262828,Standard Taiwanese Mandarin,http://www.wikidata.org/entity/Q30,United States,,,,,http://www.wikidata.org/entity/Q8337,
,http://www.wikidata.org/entity/Q85899791,Looxa : iyo qisadii Asxabuul Kahfi,edition_or_translation_of,2019-01-01T00:00:00Z,http://www.wikidata.org/entity/Q13275,Somali,,,,,,,http://www.wikidata.org/entity/Q47598,Harry Potter and the Prisoner of Azkaban
,http://www.wikidata.org/entity/Q99397854,Hogwarts Legacy,based_on,2023-05-05T00:00:00Z,http://www.wikidata.org/entity/Q1860,English,http://www.wikidata.org/entity/Q30,United States,,,,,http://www.wikidata.org/entity/Q8337,
,http://www.wikidata.org/entity/Q99397854,Hogwarts Legacy,based_on,2023-05-05T00:00:00Z,http://www.wikidata.org/entity/Q727694,Standard Chinese,http://www.wikidata.org/entity/Q30,United States,,,,,http://www.wikidata.org/entity/Q8337,
,http://www.wikidata.org/entity/Q99397854,Hogwarts Legacy,based_on,2023-02-10T00:00:00Z,http://www.wikidata.org/entity/Q9176,Korean,http://www.wikidata.org/entity/Q30,United States,,,,,http://www.wikidata.org/entity/Q8337,
,http://www.wikidata.org/entity/Q99397854,Hogwarts Legacy,based_on,2023-11-14T00:00:00Z,http://www.wikidata.org/entity/Q150,French,http://www.wikidata.org/entity/Q30,United States,,,,,http://www.wikidata.org/entity/Q8337,
,http://www.wikidata.org/entity/Q136435769,Q136435769,edition_or_translation_of,,http://www.wikidata.org/entity/Q1321,Spanish,,,,,,,http://www.wikidata.org/entity/Q47209,Harry Potter and the Chamber of Secrets
,http://www.wikidata.org/entity/Q99397854,Hogwarts Legacy,based_on,2023-05-05T00:00:00Z,http://www.wikidata.org/entity/Q1321,Spanish,http://www.wikidata.org/entity/Q30,United States,,,,,http://www.wikidata.org/entity/Q8337,
,http://www.wikidata.org/entity/Q117281249,Q117281249,edition_or_translation_of,2013-01-01T00:00:00Z,,,,,,,,,http://www.wikidata.org/entity/Q43361,Harry Potter and the Philosopher's Stone
,http://www.wikidata.org/entity/Q99397854,Hogwarts Legacy,based_on,2023-02-10T00:00:00Z,http://www.wikidata.org/entity/Q262828,Standard Taiwanese Mandarin,http://www.wikidata.org/entity/Q30,United States,,,,,http://www.wikidata.org/entity/Q8337,
,http://www.wikidata.org/entity/Q111918513,Desi Harry Potter,based_on,,,,,,,,,,http://www.wikidata.org/entity/Q8337,
,http://www.wikidata.org/entity/Q115668324,"Strike, season 4",based_on,,,,,,,,,,http://www.wikidata.org/entity/Q54488580,Lethal White
,http://www.wikidata.org/entity/Q131841606,Q131841606,edition_or_translation_of,,http://www.wikidata.org/entity/Q150,French,,,,,,,http://www.wikidata.org/entity/Q192258,Quidditch Through the Ages
,http://www.wikidata.org/entity/Q99397854,Hogwarts Legacy,based_on,2023-11-14T00:00:00Z,http://www.wikidata.org/entity/Q652,Italian,http://www.wikidata.org/entity/Q30,United States,,,,,http://www.wikidata.org/entity/Q8337,
,http://www.wikidata.org/entity/Q99397854,Hogwarts Legacy,based_on,2023-11-14T00:00:00Z,http://www.wikidata.org/entity/Q5287,Japanese,http://www.wikidata.org/entity/Q30,United States,,,,,http://www.wikidata.org/entity/Q8337,
,http://www.wikidata.org/entity/Q110453640,Q110453640,translation_of,2021-01-01T00:00:00Z,http://www.wikidata.org/entity/Q9091,Belarusian,,,,,,,http://www.wikidata.org/entity/Q47598,Harry Potter and the Prisoner of Azkaban
,http://www.wikidata.org/entity/Q110453640,Q110453640,edition_or_translation_of,2021-01-01T00:00:00Z,http://www.wikidata.org/entity/Q9091,Belarusian,,,,,,,http://www.wikidata.org/entity/Q47598,Harry Potter and the Prisoner of Azkaban
,http://www.wikidata.org/entity/Q99397854,Hogwarts Legacy,based_on,2023-02-10T00:00:00Z,http://www.wikidata.org/entity/Q150,French,http://www.wikidata.org/entity/Q30,United States,,,,,http://www.wikidata.org/entity/Q8337,
,http://www.wikidata.org/entity/Q99397854,Hogwarts Legacy,based_on,2025-06-05T00:00:00Z,http://www.wikidata.org/entity/Q188,German,http://www.wikidata.org/entity/Q30,United States,,,,,http://www.wikidata.org/entity/Q8337,
,http://www.wikidata.org/entity/Q136435772,Q136435772,edition_or_translation_of,,http://www.wikidata.org/entity/Q1321,Spanish,,,,,,,http://www.wikidata.org/entity/Q80817,Harry Potter and the Order of the Phoenix
,http://www.wikidata.org/entity/Q99397854,Hogwarts Legacy,based_on,2023-05-05T00:00:00Z,http://www.wikidata.org/entity/Q56649449,Latin American Spanish,http://www.wikidata.org/entity/Q30,United States,,,,,http://www.wikidata.org/entity/Q8337,
,http://www.wikidata.org/entity/Q114737423,Painful and Necessary Acts,based_on,2018-10-15T00:00:00Z,http://www.wikidata.org/entity/Q1860,English,,,,,,,http://www.wikidata.org/entity/Q8337,
,http://www.wikidata.org/entity/Q99397854,Hogwarts Legacy,based_on,2023-11-14T00:00:00Z,http://www.wikidata.org/entity/Q7737,Russian,http://www.wikidata.org/entity/Q30,United States,,,,,http://www.wikidata.org/entity/Q8337,
,http://www.wikidata.org/entity/Q99397854,Hogwarts Legacy,based_on,2025-06-05T00:00:00Z,http://www.wikidata.org/entity/Q809,Polish,http://www.wikidata.org/entity/Q30,United States,,,,,http://www.wikidata.org/entity/Q8337,
,http://www.wikidata.org/entity/Q99397854,Hogwarts Legacy,based_on,2023-02-10T00:00:00Z,http://www.wikidata.org/entity/Q652,Italian,http://www.wikidata.org/entity/Q30,United States,,,,,http://www.wikidata.org/entity/Q8337,
,http://www.wikidata.org/entity/Q99397854,Hogwarts Legacy,based_on,2023-02-10T00:00:00Z,http://www.wikidata.org/entity/Q5287,Japanese,http://www.wikidata.org/entity/Q30,United States,,,,,http://www.wikidata.org/entity/Q8337,
,http://www.wikidata.org/entity/Q136435793,Q136435793,edition_or_translation_of,2017-11-29T00:00:00Z,http://www.wikidata.org/entity/Q1321,Spanish,,,,,,,http://www.wikidata.org/entity/Q47598,Harry Potter and the Prisoner of Azkaban
,http://www.wikidata.org/entity/Q136435798,Q136435798,edition_or_translation_of,,http://www.wikidata.org/entity/Q1321,Spanish,,,,,,,http://www.wikidata.org/entity/Q43361,Harry Potter and the Philosopher's Stone
,http://www.wikidata.org/entity/Q99397854,Hogwarts Legacy,based_on,2023-05-05T00:00:00Z,http://www.wikidata.org/entity/Q13955,Arabic,http://www.wikidata.org/entity/Q30,United States,,,,,http://www.wikidata.org/entity/Q8337,
,http://www.wikidata.org/entity/Q99397854,Hogwarts Legacy,based_on,2025-06-05T00:00:00Z,http://www.wikidata.org/entity/Q1860,English,http://www.wikidata.org/entity/Q30,United States,,,,,http://www.wikidata.org/entity/Q8337,
,http://www.wikidata.org/entity/Q94699107,Harry Potter and the Philosopher's Stone (Russian edition),edition_or_translation_of,2000-01-01T00:00:00Z,http://www.wikidata.org/entity/Q7737,Russian,,,,,,,http://www.wikidata.org/entity/Q43361,Harry Potter and the Philosopher's Stone
,http://www.wikidata.org/entity/Q99397854,Hogwarts Legacy,based_on,2023-05-05T00:00:00Z,http://www.wikidata.org/entity/Q750553,Brazilian Portuguese,http://www.wikidata.org/entity/Q30,United States,,,,,http://www.wikidata.org/entity/Q8337,
,http://www.wikidata.org/entity/Q99397854,Hogwarts Legacy,based_on,2025-06-05T00:00:00Z,http://www.wikidata.org/entity/Q727694,Standard Chinese,http://www.wikidata.org/entity/Q30,United States,,,,,http://www.wikidata.org/entity/Q8337,
,http://www.wikidata.org/entity/Q99397854,Hogwarts Legacy,based_on,2025-06-05T00:00:00Z,http://www.wikidata.org/entity/Q1321,Spanish,http://www.wikidata.org/entity/Q30,United States,,,,,http://www.wikidata.org/entity/Q8337,
,http://www.wikidata.org/entity/Q119500539,Fantastic Beasts and Where to Find Them: The Original Screenplay,based_on,2001-12-01T00:00:00Z,http://www.wikidata.org/entity/Q1860,English,http://www.wikidata.org/entity/Q145,United Kingdom,,,,,http://www.wikidata.org/entity/Q194424,Fantastic Beasts and Where to Find Them
,http://www.wikidata.org/entity/Q99397854,Hogwarts Legacy,based_on,2023-02-10T00:00:00Z,http://www.wikidata.org/entity/Q7737,Russian,http://www.wikidata.org/entity/Q30,United States,,,,,http://www.wikidata.org/entity/Q8337,
,http://www.wikidata.org/entity/Q136435779,Q136435779,edition_or_translation_of,,http://www.wikidata.org/entity/Q1321,Spanish,,,,,,,http://www.wikidata.org/entity/Q43361,Harry Potter and the Philosopher's Stone
,http://www.wikidata.org/entity/Q136435780,Q136435780,edition_or_translation_of,,http://www.wikidata.org/entity/Q1321,Spanish,,,,,,,http://www.wikidata.org/entity/Q47209,Harry Potter and the Chamber of Secrets
,http://www.wikidata.org/entity/Q99397854,Hogwarts Legacy,based_on,2023-05-05T00:00:00Z,http://www.wikidata.org/entity/Q9176,Korean,http://www.wikidata.org/entity/Q30,United States,,,,,http://www.wikidata.org/entity/Q8337,
,http://www.wikidata.org/entity/Q99397854,Hogwarts Legacy,based_on,2023-05-05T00:00:00Z,http://www.wikidata.org/entity/Q262828,Standard Taiwanese Mandarin,http://www.wikidata.org/entity/Q30,United States,,,,,http://www.wikidata.org/entity/Q8337,
,http://www.wikidata.org/entity/Q135290900,Q135290900,edition_or_translation_of,,http://www.wikidata.org/entity/Q188,German,,,,,,,http://www.wikidata.org/entity/Q43361,Harry Potter and the Philosopher's Stone
,http://www.wikidata.org/entity/Q99397854,Hogwarts Legacy,based_on,2025-06-05T00:00:00Z,http://www.wikidata.org/entity/Q56649449,Latin American Spanish,http://www.wikidata.org/entity/Q30,United States,,,,,http://www.wikidata.org/entity/Q8337,
,http://www.wikidata.org/entity/Q136435770,Q136435770,edition_or_translation_of,,http://www.wikidata.org/entity/Q1321,Spanish,,,,,,,http://www.wikidata.org/entity/Q47598,Harry Potter and the Prisoner of Azkaban
,http://www.wikidata.org/entity/Q136435767,Q136435767,edition_or_translation_of,2006-01-01T00:00:00Z,http://www.wikidata.org/entity/Q1321,Spanish,,,,,,,http://www.wikidata.org/entity/Q46887,Harry Potter and the Half-Blood Prince
,http://www.wikidata.org/entity/Q99397854,Hogwarts Legacy,based_on,2023-05-05T00:00:00Z,http://www.wikidata.org/entity/Q150,French,http://www.wikidata.org/entity/Q30,United States,,,,,http://www.wikidata.org/entity/Q8337,
